0 verbose cli /data/data/com.termux/files/usr/bin/node /data/data/com.termux/files/usr/bin/npm
1 info using npm@10.9.2
2 info using node@v23.11.0
3 silly config load:file:/data/data/com.termux/files/usr/lib/node_modules/npm/npmrc
4 silly config load:file:/data/data/com.termux/files/home/.npmrc
5 silly config load:file:/data/data/com.termux/files/usr/etc/npmrc
6 verbose title npm install
7 verbose argv "install"
8 verbose logfile logs-max:10 dir:/data/data/com.termux/files/home/.npm/_logs/2025-05-03T15_05_03_768Z-
9 verbose logfile /data/data/com.termux/files/home/.npm/_logs/2025-05-03T15_05_03_768Z-debug-0.log
10 silly logfile start cleaning logs, removing 1 files
11 silly logfile done cleaning log files
12 silly packumentCache heap:1098907648 maxSize:274726912 maxEntrySize:137363456
13 silly idealTree buildDeps
14 silly fetch manifest expo@~53.0.0
15 silly packumentCache full:https://registry.npmjs.org/expo cache-miss
16 http fetch GET 200 https://registry.npmjs.org/expo 493ms (cache updated)
17 silly packumentCache full:https://registry.npmjs.org/expo set size:undefined disposed:false
18 silly fetch manifest @expo/dom-webview@*
19 silly packumentCache full:https://registry.npmjs.org/@expo%2fdom-webview cache-miss
20 http fetch GET 200 https://registry.npmjs.org/@expo%2fdom-webview 92ms (cache updated)
21 silly packumentCache full:https://registry.npmjs.org/@expo%2fdom-webview set size:undefined disposed:false
22 silly fetch manifest react@18.2.0
23 silly packumentCache full:https://registry.npmjs.org/react cache-miss
24 http fetch GET 200 https://registry.npmjs.org/react 693ms (cache updated)
25 silly packumentCache full:https://registry.npmjs.org/react set size:undefined disposed:false
26 silly fetch manifest react-native@0.73.0
27 silly packumentCache full:https://registry.npmjs.org/react-native cache-miss
28 http fetch GET 200 https://registry.npmjs.org/react-native 964ms (cache updated)
29 silly packumentCache full:https://registry.npmjs.org/react-native set size:undefined disposed:false
30 silly fetch manifest @expo/metro-runtime@*
31 silly packumentCache full:https://registry.npmjs.org/@expo%2fmetro-runtime cache-miss
32 http fetch GET 200 https://registry.npmjs.org/@expo%2fmetro-runtime 110ms (cache updated)
33 silly packumentCache full:https://registry.npmjs.org/@expo%2fmetro-runtime set size:undefined disposed:false
34 silly fetch manifest react-native-webview@*
35 silly packumentCache full:https://registry.npmjs.org/react-native-webview cache-miss
36 http fetch GET 200 https://registry.npmjs.org/react-native-webview 405ms (cache updated)
37 silly packumentCache full:https://registry.npmjs.org/react-native-webview set size:undefined disposed:false
38 silly fetch manifest @react-navigation/native@^6.1.15
39 silly packumentCache full:https://registry.npmjs.org/@react-navigation%2fnative cache-miss
40 http fetch GET 200 https://registry.npmjs.org/@react-navigation%2fnative 181ms (cache miss)
41 silly packumentCache full:https://registry.npmjs.org/@react-navigation%2fnative set size:undefined disposed:false
42 silly fetch manifest @react-navigation/native-stack@^6.9.21
43 silly packumentCache full:https://registry.npmjs.org/@react-navigation%2fnative-stack cache-miss
44 http fetch GET 200 https://registry.npmjs.org/@react-navigation%2fnative-stack 529ms (cache miss)
45 silly packumentCache full:https://registry.npmjs.org/@react-navigation%2fnative-stack set size:undefined disposed:false
46 silly fetch manifest react-native-safe-area-context@4.10.0
47 silly packumentCache full:https://registry.npmjs.org/react-native-safe-area-context cache-miss
48 http fetch GET 200 https://registry.npmjs.org/react-native-safe-area-context 151ms (cache miss)
49 silly packumentCache full:https://registry.npmjs.org/react-native-safe-area-context set size:undefined disposed:false
50 silly fetch manifest react-native-screens@~3.29.0
51 silly packumentCache full:https://registry.npmjs.org/react-native-screens cache-miss
52 http fetch GET 200 https://registry.npmjs.org/react-native-screens 114ms (cache miss)
53 silly packumentCache full:https://registry.npmjs.org/react-native-screens set size:undefined disposed:false
54 silly fetch manifest react-native-gesture-handler@~2.18.0
55 silly packumentCache full:https://registry.npmjs.org/react-native-gesture-handler cache-miss
56 http fetch GET 200 https://registry.npmjs.org/react-native-gesture-handler 83ms (cache miss)
57 silly packumentCache full:https://registry.npmjs.org/react-native-gesture-handler set size:undefined disposed:false
58 silly fetch manifest @react-native-async-storage/async-storage@^1.21.0
59 silly packumentCache full:https://registry.npmjs.org/@react-native-async-storage%2fasync-storage cache-miss
60 http fetch GET 200 https://registry.npmjs.org/@react-native-async-storage%2fasync-storage 492ms (cache miss)
61 silly packumentCache full:https://registry.npmjs.org/@react-native-async-storage%2fasync-storage set size:undefined disposed:false
62 silly fetch manifest @react-native-community/datetimepicker@7.0.0
63 silly packumentCache full:https://registry.npmjs.org/@react-native-community%2fdatetimepicker cache-miss
64 http fetch GET 200 https://registry.npmjs.org/@react-native-community%2fdatetimepicker 122ms (cache miss)
65 silly packumentCache full:https://registry.npmjs.org/@react-native-community%2fdatetimepicker set size:undefined disposed:false
66 silly fetch manifest expo-font@~11.0.0
67 silly packumentCache full:https://registry.npmjs.org/expo-font cache-miss
68 http fetch GET 200 https://registry.npmjs.org/expo-font 102ms (cache updated)
69 silly packumentCache full:https://registry.npmjs.org/expo-font set size:undefined disposed:false
70 silly placeDep ROOT @react-native-async-storage/async-storage@1.24.0 OK for: sake-app-final@1.0.0 want: ^1.21.0
71 silly placeDep ROOT react-native@0.73.0 OK for: @react-native-async-storage/async-storage@1.24.0 want: ^0.0.0-0 || >=0.60 <1.0
72 silly placeDep ROOT react@18.2.0 OK for: react-native@0.73.0 want: 18.2.0
73 silly placeDep ROOT @react-native-community/datetimepicker@7.0.0 OK for: sake-app-final@1.0.0 want: 7.0.0
74 silly placeDep ROOT @react-navigation/native@6.1.18 OK for: sake-app-final@1.0.0 want: ^6.1.15
75 silly placeDep ROOT @react-navigation/native-stack@6.11.0 OK for: sake-app-final@1.0.0 want: ^6.9.21
76 silly placeDep ROOT react-native-screens@3.29.0 OK for: @react-navigation/native-stack@6.11.0 want: >= 3.0.0
77 silly placeDep ROOT react-native-safe-area-context@4.10.0 OK for: @react-navigation/native-stack@6.11.0 want: >= 3.0.0
78 silly placeDep ROOT expo@53.0.6 OK for: sake-app-final@1.0.0 want: ~53.0.0
79 silly placeDep ROOT expo-font@11.0.1 OK for: sake-app-final@1.0.0 want: ~11.0.0
80 silly placeDep ROOT react-native-gesture-handler@2.18.1 OK for: sake-app-final@1.0.0 want: ~2.18.0
81 silly fetch manifest merge-options@^3.0.4
82 silly packumentCache full:https://registry.npmjs.org/merge-options cache-miss
83 silly fetch manifest ws@^6.2.2
84 silly packumentCache full:https://registry.npmjs.org/ws cache-miss
85 silly fetch manifest anser@^1.4.9
86 silly packumentCache full:https://registry.npmjs.org/anser cache-miss
87 silly fetch manifest yargs@^17.6.2
88 silly packumentCache full:https://registry.npmjs.org/yargs cache-miss
89 silly fetch manifest mkdirp@^0.5.1
90 silly packumentCache full:https://registry.npmjs.org/mkdirp cache-miss
91 silly fetch manifest promise@^8.3.0
92 silly packumentCache full:https://registry.npmjs.org/promise cache-miss
93 silly fetch manifest base64-js@^1.5.1
94 silly packumentCache full:https://registry.npmjs.org/base64-js cache-miss
95 http fetch GET 200 https://registry.npmjs.org/merge-options 67ms (cache miss)
96 silly packumentCache full:https://registry.npmjs.org/merge-options set size:undefined disposed:false
97 silly fetch manifest invariant@^2.2.4
98 silly packumentCache full:https://registry.npmjs.org/invariant cache-miss
99 http fetch GET 200 https://registry.npmjs.org/invariant 59ms (cache updated)
100 silly packumentCache full:https://registry.npmjs.org/invariant set size:undefined disposed:false
101 silly fetch manifest scheduler@0.24.0-canary-efb381bbf-20230505
102 silly packumentCache full:https://registry.npmjs.org/scheduler cache-miss
103 http fetch GET 200 https://registry.npmjs.org/base64-js 128ms (cache updated)
104 silly packumentCache full:https://registry.npmjs.org/base64-js set size:undefined disposed:false
105 silly fetch manifest ansi-regex@^5.0.0
106 silly packumentCache full:https://registry.npmjs.org/ansi-regex cache-miss
107 http fetch GET 200 https://registry.npmjs.org/mkdirp 149ms (cache updated)
108 silly packumentCache full:https://registry.npmjs.org/mkdirp set size:undefined disposed:false
109 silly fetch manifest nullthrows@^1.1.1
110 silly packumentCache full:https://registry.npmjs.org/nullthrows cache-miss
111 http fetch GET 200 https://registry.npmjs.org/anser 169ms (cache updated)
112 silly packumentCache full:https://registry.npmjs.org/anser set size:undefined disposed:false
113 silly fetch manifest jsc-android@^250231.0.0
114 silly packumentCache full:https://registry.npmjs.org/jsc-android cache-miss
115 http fetch GET 200 https://registry.npmjs.org/ws 181ms (cache updated)
116 silly packumentCache full:https://registry.npmjs.org/ws set size:undefined disposed:false
117 silly fetch manifest memoize-one@^5.0.0
118 silly packumentCache full:https://registry.npmjs.org/memoize-one cache-miss
119 http fetch GET 200 https://registry.npmjs.org/ansi-regex 92ms (cache updated)
120 silly packumentCache full:https://registry.npmjs.org/ansi-regex set size:undefined disposed:false
121 silly fetch manifest whatwg-fetch@^3.0.0
122 silly packumentCache full:https://registry.npmjs.org/whatwg-fetch cache-miss
123 http fetch GET 200 https://registry.npmjs.org/yargs 235ms (cache updated)
124 silly packumentCache full:https://registry.npmjs.org/yargs set size:undefined disposed:false
125 silly fetch manifest metro-runtime@^0.80.0
126 silly packumentCache full:https://registry.npmjs.org/metro-runtime cache-miss
127 http fetch GET 200 https://registry.npmjs.org/nullthrows 109ms (cache updated)
128 silly packumentCache full:https://registry.npmjs.org/nullthrows set size:undefined disposed:false
129 silly fetch manifest pretty-format@^26.5.2
130 silly packumentCache full:https://registry.npmjs.org/pretty-format cache-miss
131 http fetch GET 200 https://registry.npmjs.org/promise 271ms (cache updated)
132 silly packumentCache full:https://registry.npmjs.org/promise set size:undefined disposed:false
133 silly fetch manifest react-refresh@^0.14.0
134 silly packumentCache full:https://registry.npmjs.org/react-refresh cache-miss
135 http fetch GET 200 https://registry.npmjs.org/memoize-one 98ms (cache updated)
136 silly packumentCache full:https://registry.npmjs.org/memoize-one set size:undefined disposed:false
137 silly fetch manifest abort-controller@^3.0.0
138 silly packumentCache full:https://registry.npmjs.org/abort-controller cache-miss
139 http fetch GET 200 https://registry.npmjs.org/whatwg-fetch 71ms (cache updated)
140 silly packumentCache full:https://registry.npmjs.org/whatwg-fetch set size:undefined disposed:false
141 silly fetch manifest metro-source-map@^0.80.0
142 silly packumentCache full:https://registry.npmjs.org/metro-source-map cache-miss
143 http fetch GET 200 https://registry.npmjs.org/jsc-android 136ms (cache updated)
144 silly packumentCache full:https://registry.npmjs.org/jsc-android set size:undefined disposed:false
145 silly fetch manifest event-target-shim@^5.0.1
146 silly packumentCache full:https://registry.npmjs.org/event-target-shim cache-miss
147 http fetch GET 200 https://registry.npmjs.org/abort-controller 143ms (cache updated)
148 silly packumentCache full:https://registry.npmjs.org/abort-controller set size:undefined disposed:false
149 silly fetch manifest stacktrace-parser@^0.1.10
150 silly packumentCache full:https://registry.npmjs.org/stacktrace-parser cache-miss
151 http fetch GET 200 https://registry.npmjs.org/metro-runtime 219ms (cache updated)
152 silly packumentCache full:https://registry.npmjs.org/metro-runtime set size:undefined disposed:false
153 silly fetch manifest flow-enums-runtime@^0.0.6
154 silly packumentCache full:https://registry.npmjs.org/flow-enums-runtime cache-miss
155 http fetch GET 200 https://registry.npmjs.org/metro-source-map 199ms (cache updated)
156 silly packumentCache full:https://registry.npmjs.org/metro-source-map set size:undefined disposed:false
157 silly fetch manifest react-devtools-core@^4.27.7
158 silly packumentCache full:https://registry.npmjs.org/react-devtools-core cache-miss
159 http fetch GET 200 https://registry.npmjs.org/event-target-shim 220ms (cache updated)
160 silly packumentCache full:https://registry.npmjs.org/event-target-shim set size:undefined disposed:false
161 silly fetch manifest regenerator-runtime@^0.13.2
162 silly packumentCache full:https://registry.npmjs.org/regenerator-runtime cache-miss
163 http fetch GET 200 https://registry.npmjs.org/stacktrace-parser 152ms (cache updated)
164 silly packumentCache full:https://registry.npmjs.org/stacktrace-parser set size:undefined disposed:false
165 silly fetch manifest @react-native/codegen@^0.73.2
166 silly packumentCache full:https://registry.npmjs.org/@react-native%2fcodegen cache-miss
167 http fetch GET 200 https://registry.npmjs.org/pretty-format 337ms (cache updated)
168 silly packumentCache full:https://registry.npmjs.org/pretty-format set size:undefined disposed:false
169 silly fetch manifest jest-environment-node@^29.6.3
170 silly packumentCache full:https://registry.npmjs.org/jest-environment-node cache-miss
171 http fetch GET 200 https://registry.npmjs.org/react-devtools-core 222ms (cache updated)
172 silly packumentCache full:https://registry.npmjs.org/react-devtools-core set size:undefined disposed:false
173 silly fetch manifest react-shallow-renderer@^16.15.0
174 silly packumentCache full:https://registry.npmjs.org/react-shallow-renderer cache-miss
175 http fetch GET 200 https://registry.npmjs.org/react-shallow-renderer 152ms (cache updated)
176 silly packumentCache full:https://registry.npmjs.org/react-shallow-renderer set size:undefined disposed:false
177 silly fetch manifest @react-native/js-polyfills@^0.73.1
178 silly packumentCache full:https://registry.npmjs.org/@react-native%2fjs-polyfills cache-miss
179 http fetch GET 200 https://registry.npmjs.org/jest-environment-node 305ms (cache updated)
180 silly packumentCache full:https://registry.npmjs.org/jest-environment-node set size:undefined disposed:false
181 silly fetch manifest @react-native-community/cli@12.1.1
182 silly packumentCache full:https://registry.npmjs.org/@react-native-community%2fcli cache-miss
183 http fetch GET 200 https://registry.npmjs.org/flow-enums-runtime 552ms (cache updated)
184 silly packumentCache full:https://registry.npmjs.org/flow-enums-runtime set size:undefined disposed:false
185 silly fetch manifest @react-native/gradle-plugin@^0.73.4
186 silly packumentCache full:https://registry.npmjs.org/@react-native%2fgradle-plugin cache-miss
187 http fetch GET 200 https://registry.npmjs.org/regenerator-runtime 601ms (cache updated)
188 silly packumentCache full:https://registry.npmjs.org/regenerator-runtime set size:undefined disposed:false
189 silly fetch manifest @react-native/assets-registry@^0.73.1
190 silly packumentCache full:https://registry.npmjs.org/@react-native%2fassets-registry cache-miss
191 http fetch GET 200 https://registry.npmjs.org/@react-native-community%2fcli 415ms (cache updated)
192 silly packumentCache full:https://registry.npmjs.org/@react-native-community%2fcli set size:undefined disposed:false
193 silly fetch manifest @react-native/normalize-colors@^0.73.2
194 silly packumentCache full:https://registry.npmjs.org/@react-native%2fnormalize-colors cache-miss
195 http fetch GET 200 https://registry.npmjs.org/@react-native%2fcodegen 794ms (cache updated)
196 silly packumentCache full:https://registry.npmjs.org/@react-native%2fcodegen set size:undefined disposed:false
197 silly fetch manifest @jest/create-cache-key-function@^29.6.3
198 silly packumentCache full:https://registry.npmjs.org/@jest%2fcreate-cache-key-function cache-miss
199 http fetch GET 200 https://registry.npmjs.org/@react-native%2fjs-polyfills 556ms (cache updated)
200 silly packumentCache full:https://registry.npmjs.org/@react-native%2fjs-polyfills set size:undefined disposed:false
201 silly fetch manifest @react-native/virtualized-lists@^0.73.3
202 silly packumentCache full:https://registry.npmjs.org/@react-native%2fvirtualized-lists cache-miss
203 http fetch GET 200 https://registry.npmjs.org/@jest%2fcreate-cache-key-function 191ms (cache updated)
204 silly packumentCache full:https://registry.npmjs.org/@jest%2fcreate-cache-key-function set size:undefined disposed:false
205 silly fetch manifest @react-native/community-cli-plugin@^0.73.10
206 silly packumentCache full:https://registry.npmjs.org/@react-native%2fcommunity-cli-plugin cache-miss
207 http fetch GET 200 https://registry.npmjs.org/scheduler 1503ms (cache updated)
208 silly packumentCache full:https://registry.npmjs.org/scheduler set size:undefined disposed:false
209 silly fetch manifest deprecated-react-native-prop-types@^5.0.0
210 silly packumentCache full:https://registry.npmjs.org/deprecated-react-native-prop-types cache-miss
211 http fetch GET 200 https://registry.npmjs.org/react-refresh 1488ms (cache updated)
212 silly packumentCache full:https://registry.npmjs.org/react-refresh set size:undefined disposed:false
213 silly fetch manifest @react-native-community/cli-platform-ios@12.1.1
214 silly packumentCache full:https://registry.npmjs.org/@react-native-community%2fcli-platform-ios cache-miss
215 http fetch GET 200 https://registry.npmjs.org/@react-native%2fassets-registry 698ms (cache updated)
216 silly packumentCache full:https://registry.npmjs.org/@react-native%2fassets-registry set size:undefined disposed:false
217 silly fetch manifest @react-native-community/cli-platform-android@12.1.1
218 silly packumentCache full:https://registry.npmjs.org/@react-native-community%2fcli-platform-android cache-miss
219 http fetch GET 200 https://registry.npmjs.org/@react-native%2fnormalize-colors 607ms (cache updated)
220 silly packumentCache full:https://registry.npmjs.org/@react-native%2fnormalize-colors set size:undefined disposed:false
221 silly fetch manifest loose-envify@^1.1.0
222 silly packumentCache full:https://registry.npmjs.org/loose-envify cache-miss
223 http fetch GET 200 https://registry.npmjs.org/loose-envify 158ms (cache updated)
224 silly packumentCache full:https://registry.npmjs.org/loose-envify set size:undefined disposed:false
225 silly fetch manifest nanoid@^3.1.23
226 silly packumentCache full:https://registry.npmjs.org/nanoid cache-miss
227 http fetch GET 200 https://registry.npmjs.org/@react-native-community%2fcli-platform-ios 337ms (cache updated)
228 silly packumentCache full:https://registry.npmjs.org/@react-native-community%2fcli-platform-ios set size:undefined disposed:false
229 silly fetch manifest fast-deep-equal@^3.1.3
230 silly packumentCache full:https://registry.npmjs.org/fast-deep-equal cache-miss
231 http fetch GET 200 https://registry.npmjs.org/@react-native%2fvirtualized-lists 722ms (cache updated)
232 silly packumentCache full:https://registry.npmjs.org/@react-native%2fvirtualized-lists set size:undefined disposed:false
233 silly fetch manifest escape-string-regexp@^4.0.0
234 silly packumentCache full:https://registry.npmjs.org/escape-string-regexp cache-miss
235 http fetch GET 200 https://registry.npmjs.org/@react-native%2fgradle-plugin 1220ms (cache updated)
236 silly packumentCache full:https://registry.npmjs.org/@react-native%2fgradle-plugin set size:undefined disposed:false
237 silly fetch manifest @react-navigation/core@^6.4.17
238 silly packumentCache full:https://registry.npmjs.org/@react-navigation%2fcore cache-miss
239 http fetch GET 200 https://registry.npmjs.org/deprecated-react-native-prop-types 600ms (cache updated)
240 silly packumentCache full:https://registry.npmjs.org/deprecated-react-native-prop-types set size:undefined disposed:false
241 silly fetch manifest warn-once@^0.1.0
242 silly packumentCache full:https://registry.npmjs.org/warn-once cache-miss
243 http fetch GET 200 https://registry.npmjs.org/fast-deep-equal 115ms (cache miss)
244 silly packumentCache full:https://registry.npmjs.org/fast-deep-equal set size:undefined disposed:false
245 silly fetch manifest @react-navigation/elements@^1.3.31
246 silly packumentCache full:https://registry.npmjs.org/@react-navigation%2felements cache-miss
247 http fetch GET 200 https://registry.npmjs.org/escape-string-regexp 79ms (cache updated)
248 silly packumentCache full:https://registry.npmjs.org/escape-string-regexp set size:undefined disposed:false
249 silly fetch manifest warn-once@^0.1.0
250 silly packumentCache full:https://registry.npmjs.org/warn-once cache-miss
251 http fetch GET 200 https://registry.npmjs.org/nanoid 151ms (cache updated)
252 silly packumentCache full:https://registry.npmjs.org/nanoid set size:undefined disposed:false
253 silly fetch manifest react-freeze@^1.0.0
254 silly packumentCache full:https://registry.npmjs.org/react-freeze cache-miss
255 http fetch GET 200 https://registry.npmjs.org/@react-native%2fcommunity-cli-plugin 701ms (cache updated)
256 silly packumentCache full:https://registry.npmjs.org/@react-native%2fcommunity-cli-plugin set size:undefined disposed:false
257 silly fetch manifest @expo/cli@0.24.10
258 silly packumentCache full:https://registry.npmjs.org/@expo%2fcli cache-miss
259 http fetch GET 200 https://registry.npmjs.org/warn-once 57ms (cache miss)
260 silly packumentCache full:https://registry.npmjs.org/warn-once set size:undefined disposed:false
261 silly fetch manifest expo-font@~13.3.1
262 silly packumentCache full:https://registry.npmjs.org/expo-font cache-miss
263 http fetch GET 200 https://registry.npmjs.org/warn-once 54ms (cache miss)
264 silly packumentCache full:https://registry.npmjs.org/warn-once set size:undefined disposed:false
265 silly fetch manifest expo-asset@~11.1.4
266 silly packumentCache full:https://registry.npmjs.org/expo-asset cache-miss
267 http cache https://registry.npmjs.org/expo-font 12ms (cache hit)
268 silly packumentCache full:https://registry.npmjs.org/expo-font set size:558019 disposed:false
269 silly fetch manifest @expo/config@~11.0.7
270 silly packumentCache full:https://registry.npmjs.org/@expo%2fconfig cache-miss
271 http fetch GET 200 https://registry.npmjs.org/react-freeze 113ms (cache miss)
272 silly packumentCache full:https://registry.npmjs.org/react-freeze set size:undefined disposed:false
273 silly fetch manifest @babel/runtime@^7.20.0
274 silly packumentCache full:https://registry.npmjs.org/@babel%2fruntime cache-miss
275 http fetch GET 200 https://registry.npmjs.org/@babel%2fruntime 209ms (cache updated)
276 silly packumentCache full:https://registry.npmjs.org/@babel%2fruntime set size:undefined disposed:false
277 silly fetch manifest expo-constants@~17.1.5
278 silly packumentCache full:https://registry.npmjs.org/expo-constants cache-miss
279 http fetch GET 200 https://registry.npmjs.org/@react-navigation%2felements 412ms (cache miss)
280 silly packumentCache full:https://registry.npmjs.org/@react-navigation%2felements set size:undefined disposed:false
281 silly fetch manifest expo-keep-awake@~14.1.4
282 silly packumentCache full:https://registry.npmjs.org/expo-keep-awake cache-miss
283 http fetch GET 200 https://registry.npmjs.org/@react-navigation%2fcore 509ms (cache miss)
284 silly packumentCache full:https://registry.npmjs.org/@react-navigation%2fcore set size:undefined disposed:false
285 silly fetch manifest expo-file-system@~18.1.8
286 silly packumentCache full:https://registry.npmjs.org/expo-file-system cache-miss
287 http fetch GET 200 https://registry.npmjs.org/expo-asset 473ms (cache updated)
288 silly packumentCache full:https://registry.npmjs.org/expo-asset set size:undefined disposed:false
289 silly fetch manifest @expo/fingerprint@0.12.4
290 silly packumentCache full:https://registry.npmjs.org/@expo%2ffingerprint cache-miss
291 http fetch GET 200 https://registry.npmjs.org/expo-constants 164ms (cache updated)
292 silly packumentCache full:https://registry.npmjs.org/expo-constants set size:undefined disposed:false
293 silly fetch manifest babel-preset-expo@~13.1.11
294 silly packumentCache full:https://registry.npmjs.org/babel-preset-expo cache-miss
295 http fetch GET 200 https://registry.npmjs.org/expo-keep-awake 334ms (cache updated)
296 silly packumentCache full:https://registry.npmjs.org/expo-keep-awake set size:undefined disposed:false
297 silly fetch manifest expo-modules-core@2.3.12
298 silly packumentCache full:https://registry.npmjs.org/expo-modules-core cache-miss
299 http fetch GET 200 https://registry.npmjs.org/babel-preset-expo 237ms (cache updated)
300 silly packumentCache full:https://registry.npmjs.org/babel-preset-expo set size:undefined disposed:false
301 silly fetch manifest @expo/metro-config@0.20.12
302 silly packumentCache full:https://registry.npmjs.org/@expo%2fmetro-config cache-miss
303 http fetch GET 200 https://registry.npmjs.org/@expo%2fcli 795ms (cache updated)
304 silly packumentCache full:https://registry.npmjs.org/@expo%2fcli set size:undefined disposed:false
305 silly fetch manifest @expo/vector-icons@^14.0.0
306 silly packumentCache full:https://registry.npmjs.org/@expo%2fvector-icons cache-miss
307 http fetch GET 200 https://registry.npmjs.org/@react-native-community%2fcli-platform-android 1349ms (cache updated)
308 silly packumentCache full:https://registry.npmjs.org/@react-native-community%2fcli-platform-android set size:undefined disposed:false
309 silly fetch manifest @expo/config-plugins@~10.0.2
310 silly packumentCache full:https://registry.npmjs.org/@expo%2fconfig-plugins cache-miss
311 http fetch GET 200 https://registry.npmjs.org/@expo%2ffingerprint 377ms (cache updated)
312 silly packumentCache full:https://registry.npmjs.org/@expo%2ffingerprint set size:undefined disposed:false
313 silly fetch manifest expo-modules-autolinking@2.1.9
314 silly packumentCache full:https://registry.npmjs.org/expo-modules-autolinking cache-miss
315 http fetch GET 200 https://registry.npmjs.org/expo-modules-core 160ms (cache updated)
316 silly packumentCache full:https://registry.npmjs.org/expo-modules-core set size:undefined disposed:false
317 silly fetch manifest react-native-edge-to-edge@1.6.0
318 silly packumentCache full:https://registry.npmjs.org/react-native-edge-to-edge cache-miss
319 http fetch GET 200 https://registry.npmjs.org/@expo%2fvector-icons 96ms (cache updated)
320 silly packumentCache full:https://registry.npmjs.org/@expo%2fvector-icons set size:undefined disposed:false
321 silly fetch manifest whatwg-url-without-unicode@8.0.0-3
322 silly packumentCache full:https://registry.npmjs.org/whatwg-url-without-unicode cache-miss
323 http fetch GET 200 https://registry.npmjs.org/react-native-edge-to-edge 39ms (cache updated)
324 silly packumentCache full:https://registry.npmjs.org/react-native-edge-to-edge set size:undefined disposed:false
325 silly fetch manifest fontfaceobserver@^2.1.0
326 silly packumentCache full:https://registry.npmjs.org/fontfaceobserver cache-miss
327 http fetch GET 200 https://registry.npmjs.org/whatwg-url-without-unicode 43ms (cache updated)
328 silly packumentCache full:https://registry.npmjs.org/whatwg-url-without-unicode set size:undefined disposed:false
329 silly fetch manifest prop-types@^15.7.2
330 silly packumentCache full:https://registry.npmjs.org/prop-types cache-miss
331 http fetch GET 200 https://registry.npmjs.org/fontfaceobserver 56ms (cache updated)
332 silly packumentCache full:https://registry.npmjs.org/fontfaceobserver set size:undefined disposed:false
333 silly fetch manifest @egjs/hammerjs@^2.0.17
334 silly packumentCache full:https://registry.npmjs.org/@egjs%2fhammerjs cache-miss
335 http fetch GET 200 https://registry.npmjs.org/expo-file-system 542ms (cache updated)
336 silly packumentCache full:https://registry.npmjs.org/expo-file-system set size:undefined disposed:false
337 silly fetch manifest hoist-non-react-statics@^3.3.0
338 silly packumentCache full:https://registry.npmjs.org/hoist-non-react-statics cache-miss
339 http fetch GET 200 https://registry.npmjs.org/prop-types 50ms (cache updated)
340 silly packumentCache full:https://registry.npmjs.org/prop-types set size:undefined disposed:false
341 http fetch GET 200 https://registry.npmjs.org/expo-modules-autolinking 143ms (cache updated)
342 silly packumentCache full:https://registry.npmjs.org/expo-modules-autolinking set size:undefined disposed:false
343 http fetch GET 200 https://registry.npmjs.org/hoist-non-react-statics 64ms (cache miss)
344 silly packumentCache full:https://registry.npmjs.org/hoist-non-react-statics set size:undefined disposed:false
345 http fetch GET 200 https://registry.npmjs.org/@expo%2fmetro-config 407ms (cache updated)
346 silly packumentCache full:https://registry.npmjs.org/@expo%2fmetro-config set size:undefined disposed:false
347 http fetch GET 200 https://registry.npmjs.org/@expo%2fconfig 1213ms (cache updated)
348 silly packumentCache full:https://registry.npmjs.org/@expo%2fconfig set size:undefined disposed:false
349 http fetch GET 200 https://registry.npmjs.org/@egjs%2fhammerjs 358ms (cache miss)
350 silly packumentCache full:https://registry.npmjs.org/@egjs%2fhammerjs set size:undefined disposed:false
351 http fetch GET 200 https://registry.npmjs.org/@expo%2fconfig-plugins 843ms (cache updated)
352 silly packumentCache full:https://registry.npmjs.org/@expo%2fconfig-plugins set size:undefined disposed:false
353 silly placeDep ROOT merge-options@3.0.4 OK for: @react-native-async-storage/async-storage@1.24.0 want: ^3.0.4
354 silly fetch manifest is-plain-obj@^2.1.0
355 silly packumentCache full:https://registry.npmjs.org/is-plain-obj cache-miss
356 http fetch GET 200 https://registry.npmjs.org/is-plain-obj 55ms (cache miss)
357 silly packumentCache full:https://registry.npmjs.org/is-plain-obj set size:undefined disposed:false
358 silly placeDep ROOT invariant@2.2.4 OK for: @react-native-community/datetimepicker@7.0.0 want: ^2.2.4
359 silly fetch manifest loose-envify@^1.0.0
360 silly packumentCache full:https://registry.npmjs.org/loose-envify cache-miss
361 http cache https://registry.npmjs.org/loose-envify 11ms (cache hit)
362 silly packumentCache full:https://registry.npmjs.org/loose-envify set size:12559 disposed:false
363 silly fetch manifest react@*
364 silly packumentCache full:https://registry.npmjs.org/react cache-miss
365 http cache https://registry.npmjs.org/react 41ms (cache hit)
366 silly packumentCache full:https://registry.npmjs.org/react set size:5657540 disposed:false
367 silly placeDep ROOT @react-navigation/core@6.4.17 OK for: @react-navigation/native@6.1.18 want: ^6.4.17
368 silly placeDep ROOT escape-string-regexp@4.0.0 OK for: @react-navigation/native@6.1.18 want: ^4.0.0
369 silly placeDep ROOT fast-deep-equal@3.1.3 OK for: @react-navigation/native@6.1.18 want: ^3.1.3
370 silly placeDep ROOT nanoid@3.3.11 OK for: @react-navigation/native@6.1.18 want: ^3.1.23
371 silly fetch manifest react-is@^16.13.0
372 silly packumentCache full:https://registry.npmjs.org/react-is cache-miss
373 silly fetch manifest query-string@^7.1.3
374 silly packumentCache full:https://registry.npmjs.org/query-string cache-miss
375 silly fetch manifest use-latest-callback@^0.2.1
376 silly packumentCache full:https://registry.npmjs.org/use-latest-callback cache-miss
377 silly fetch manifest @react-navigation/routers@^6.1.9
378 silly packumentCache full:https://registry.npmjs.org/@react-navigation%2frouters cache-miss
379 http fetch GET 200 https://registry.npmjs.org/query-string 69ms (cache miss)
380 silly packumentCache full:https://registry.npmjs.org/query-string set size:undefined disposed:false
381 http fetch GET 200 https://registry.npmjs.org/use-latest-callback 78ms (cache miss)
382 silly packumentCache full:https://registry.npmjs.org/use-latest-callback set size:undefined disposed:false
383 http fetch GET 200 https://registry.npmjs.org/@react-navigation%2frouters 457ms (cache miss)
384 silly packumentCache full:https://registry.npmjs.org/@react-navigation%2frouters set size:undefined disposed:false
385 http fetch GET 200 https://registry.npmjs.org/react-is 668ms (cache updated)
386 silly packumentCache full:https://registry.npmjs.org/react-is set size:undefined disposed:false
387 silly placeDep ROOT @react-navigation/routers@6.1.9 OK for: @react-navigation/core@6.4.17 want: ^6.1.9
388 silly placeDep ROOT query-string@7.1.3 OK for: @react-navigation/core@6.4.17 want: ^7.1.3
389 silly placeDep ROOT react-is@16.13.1 OK for: @react-navigation/core@6.4.17 want: ^16.13.0
390 silly placeDep ROOT use-latest-callback@0.2.3 OK for: @react-navigation/core@6.4.17 want: ^0.2.1
391 silly fetch manifest filter-obj@^1.1.0
392 silly packumentCache full:https://registry.npmjs.org/filter-obj cache-miss
393 silly fetch manifest split-on-first@^1.0.0
394 silly packumentCache full:https://registry.npmjs.org/split-on-first cache-miss
395 silly fetch manifest strict-uri-encode@^2.0.0
396 silly packumentCache full:https://registry.npmjs.org/strict-uri-encode cache-miss
397 silly fetch manifest decode-uri-component@^0.2.2
398 silly packumentCache full:https://registry.npmjs.org/decode-uri-component cache-miss
399 http fetch GET 200 https://registry.npmjs.org/filter-obj 53ms (cache miss)
400 silly packumentCache full:https://registry.npmjs.org/filter-obj set size:undefined disposed:false
401 http fetch GET 200 https://registry.npmjs.org/split-on-first 62ms (cache miss)
402 silly packumentCache full:https://registry.npmjs.org/split-on-first set size:undefined disposed:false
403 http fetch GET 200 https://registry.npmjs.org/strict-uri-encode 64ms (cache miss)
404 silly packumentCache full:https://registry.npmjs.org/strict-uri-encode set size:undefined disposed:false
405 http fetch GET 200 https://registry.npmjs.org/decode-uri-component 64ms (cache miss)
406 silly packumentCache full:https://registry.npmjs.org/decode-uri-component set size:undefined disposed:false
407 silly fetch manifest @react-navigation/native@^6.0.0
408 silly packumentCache full:https://registry.npmjs.org/@react-navigation%2fnative cache-miss
409 http cache https://registry.npmjs.org/@react-navigation%2fnative 8ms (cache hit)
410 silly packumentCache full:https://registry.npmjs.org/@react-navigation%2fnative set size:925743 disposed:false
411 silly fetch manifest react-native@*
412 silly packumentCache full:https://registry.npmjs.org/react-native cache-miss
413 http cache https://registry.npmjs.org/react-native 72ms (cache hit)
414 silly packumentCache full:https://registry.npmjs.org/react-native set size:13315594 disposed:false
415 silly fetch manifest @types/react@^19.0.0
416 silly packumentCache full:https://registry.npmjs.org/@types%2freact cache-miss
417 http fetch GET 200 https://registry.npmjs.org/@types%2freact 200ms (cache updated)
418 silly packumentCache full:https://registry.npmjs.org/@types%2freact set size:undefined disposed:false
419 silly fetch manifest react-native-safe-area-context@>= 3.0.0
420 silly packumentCache full:https://registry.npmjs.org/react-native-safe-area-context cache-miss
421 http cache https://registry.npmjs.org/react-native-safe-area-context 8ms (cache hit)
422 silly packumentCache full:https://registry.npmjs.org/react-native-safe-area-context set size:623882 disposed:false
423 silly placeDep ROOT @react-navigation/elements@1.3.31 OK for: @react-navigation/native-stack@6.11.0 want: ^1.3.31
424 silly placeDep ROOT warn-once@0.1.1 OK for: @react-navigation/native-stack@6.11.0 want: ^0.1.0
425 silly fetch manifest expo@*
426 silly packumentCache full:https://registry.npmjs.org/expo cache-miss
427 http cache https://registry.npmjs.org/expo 40ms (cache hit)
428 silly packumentCache full:https://registry.npmjs.org/expo set size:2991584 disposed:false
429 silly fetch manifest babel-plugin-react-compiler@^19.0.0-beta-e993439-20250405
430 silly packumentCache full:https://registry.npmjs.org/babel-plugin-react-compiler cache-miss
431 http fetch GET 200 https://registry.npmjs.org/babel-plugin-react-compiler 69ms (cache updated)
432 silly packumentCache full:https://registry.npmjs.org/babel-plugin-react-compiler set size:undefined disposed:false
433 silly placeDep ROOT @babel/runtime@7.27.1 OK for: expo@53.0.6 want: ^7.20.0
434 silly placeDep ROOT @expo/cli@0.24.10 OK for: expo@53.0.6 want: 0.24.10
435 silly placeDep ROOT @expo/config@11.0.7 OK for: expo@53.0.6 want: ~11.0.7
436 silly placeDep ROOT @expo/config-plugins@10.0.2 OK for: expo@53.0.6 want: ~10.0.2
437 silly placeDep ROOT @expo/fingerprint@0.12.4 OK for: expo@53.0.6 want: 0.12.4
438 silly placeDep ROOT @expo/metro-config@0.20.12 OK for: expo@53.0.6 want: 0.20.12
439 silly placeDep ROOT @expo/vector-icons@14.1.0 OK for: expo@53.0.6 want: ^14.0.0
440 silly placeDep ROOT babel-preset-expo@13.1.11 OK for: expo@53.0.6 want: ~13.1.11
441 silly placeDep ROOT expo-asset@11.1.4 OK for: expo@53.0.6 want: ~11.1.4
442 silly placeDep ROOT expo-constants@17.1.5 OK for: expo@53.0.6 want: ~17.1.5
443 silly placeDep ROOT expo-file-system@18.1.8 OK for: expo@53.0.6 want: ~18.1.8
444 silly placeDep node_modules/expo expo-font@13.3.1 OK for: expo@53.0.6 want: ~13.3.1
445 silly placeDep ROOT expo-keep-awake@14.1.4 OK for: expo@53.0.6 want: ~14.1.4
446 silly placeDep ROOT expo-modules-autolinking@2.1.9 OK for: expo@53.0.6 want: 2.1.9
447 silly placeDep ROOT expo-modules-core@2.3.12 OK for: expo@53.0.6 want: 2.3.12
448 silly placeDep ROOT react-native-edge-to-edge@1.6.0 OK for: expo@53.0.6 want: 1.6.0
449 silly placeDep ROOT whatwg-url-without-unicode@8.0.0-3 OK for: expo@53.0.6 want: 8.0.0-3
450 silly fetch manifest ws@^8.12.1
451 silly packumentCache full:https://registry.npmjs.org/ws cache-miss
452 silly fetch manifest arg@^5.0.2
453 silly packumentCache full:https://registry.npmjs.org/arg cache-miss
454 silly fetch manifest ora@^3.4.0
455 silly packumentCache full:https://registry.npmjs.org/ora cache-miss
456 silly fetch manifest tar@^7.4.3
457 silly packumentCache full:https://registry.npmjs.org/tar cache-miss
458 silly fetch manifest glob@^10.4.2
459 silly packumentCache full:https://registry.npmjs.org/glob cache-miss
460 silly fetch manifest send@^0.19.0
461 silly packumentCache full:https://registry.npmjs.org/send cache-miss
462 silly fetch manifest chalk@^4.0.0
463 silly packumentCache full:https://registry.npmjs.org/chalk cache-miss
464 http cache https://registry.npmjs.org/ws 16ms (cache hit)
465 silly packumentCache full:https://registry.npmjs.org/ws set size:408408 disposed:false
466 silly fetch manifest debug@^4.3.4
467 silly packumentCache full:https://registry.npmjs.org/debug cache-miss
468 http fetch GET 200 https://registry.npmjs.org/send 100ms (cache updated)
469 silly packumentCache full:https://registry.npmjs.org/send set size:undefined disposed:false
470 silly fetch manifest getenv@^1.0.0
471 silly packumentCache full:https://registry.npmjs.org/getenv cache-miss
472 http fetch GET 200 https://registry.npmjs.org/debug 93ms (cache updated)
473 silly packumentCache full:https://registry.npmjs.org/debug set size:undefined disposed:false
474 silly fetch manifest semver@^7.6.0
475 silly packumentCache full:https://registry.npmjs.org/semver cache-miss
476 http fetch GET 200 https://registry.npmjs.org/arg 137ms (cache updated)
477 silly packumentCache full:https://registry.npmjs.org/arg set size:undefined disposed:false
478 silly fetch manifest undici@^6.18.2
479 silly packumentCache full:https://registry.npmjs.org/undici cache-miss
480 http fetch GET 200 https://registry.npmjs.org/glob 150ms (cache updated)
481 silly packumentCache full:https://registry.npmjs.org/glob set size:undefined disposed:false
482 silly fetch manifest accepts@^1.3.8
483 silly packumentCache full:https://registry.npmjs.org/accepts cache-miss
484 http fetch GET 200 https://registry.npmjs.org/ora 170ms (cache updated)
485 silly packumentCache full:https://registry.npmjs.org/ora set size:undefined disposed:false
486 silly fetch manifest ci-info@^3.3.0
487 silly packumentCache full:https://registry.npmjs.org/ci-info cache-miss
488 http fetch GET 200 https://registry.npmjs.org/tar 189ms (cache updated)
489 silly packumentCache full:https://registry.npmjs.org/tar set size:undefined disposed:false
490 silly fetch manifest connect@^3.7.0
491 silly packumentCache full:https://registry.npmjs.org/connect cache-miss
492 http fetch GET 200 https://registry.npmjs.org/getenv 93ms (cache updated)
493 silly packumentCache full:https://registry.npmjs.org/getenv set size:undefined disposed:false
494 silly fetch manifest prompts@^2.3.2
495 silly packumentCache full:https://registry.npmjs.org/prompts cache-miss
496 http fetch GET 200 https://registry.npmjs.org/semver 86ms (cache updated)
497 silly packumentCache full:https://registry.npmjs.org/semver set size:undefined disposed:false
498 silly fetch manifest resolve@^1.22.2
499 silly packumentCache full:https://registry.npmjs.org/resolve cache-miss
500 http fetch GET 200 https://registry.npmjs.org/accepts 60ms (cache updated)
501 silly packumentCache full:https://registry.npmjs.org/accepts set size:undefined disposed:false
502 silly fetch manifest slugify@^1.3.4
503 silly packumentCache full:https://registry.npmjs.org/slugify cache-miss
504 http fetch GET 200 https://registry.npmjs.org/ci-info 104ms (cache updated)
505 silly packumentCache full:https://registry.npmjs.org/ci-info set size:undefined disposed:false
506 silly fetch manifest progress@^2.0.3
507 silly packumentCache full:https://registry.npmjs.org/progress cache-miss
508 http fetch GET 200 https://registry.npmjs.org/prompts 115ms (cache updated)
509 silly packumentCache full:https://registry.npmjs.org/prompts set size:undefined disposed:false
510 silly fetch manifest requireg@^0.2.2
511 silly packumentCache full:https://registry.npmjs.org/requireg cache-miss
512 http fetch GET 200 https://registry.npmjs.org/connect 130ms (cache updated)
513 silly packumentCache full:https://registry.npmjs.org/connect set size:undefined disposed:false
514 silly fetch manifest @expo/env@~1.0.5
515 silly packumentCache full:https://registry.npmjs.org/@expo%2fenv cache-miss
516 http fetch GET 200 https://registry.npmjs.org/resolve 129ms (cache updated)
517 silly packumentCache full:https://registry.npmjs.org/resolve set size:undefined disposed:false
518 silly fetch manifest minimatch@^9.0.0
519 silly packumentCache full:https://registry.npmjs.org/minimatch cache-miss
520 http fetch GET 200 https://registry.npmjs.org/slugify 135ms (cache updated)
521 silly packumentCache full:https://registry.npmjs.org/slugify set size:undefined disposed:false
522 silly fetch manifest picomatch@^3.0.1
523 silly packumentCache full:https://registry.npmjs.org/picomatch cache-miss
524 http fetch GET 200 https://registry.npmjs.org/progress 86ms (cache updated)
525 silly packumentCache full:https://registry.npmjs.org/progress set size:undefined disposed:false
526 silly fetch manifest wrap-ansi@^7.0.0
527 silly packumentCache full:https://registry.npmjs.org/wrap-ansi cache-miss
528 http fetch GET 200 https://registry.npmjs.org/undici 236ms (cache updated)
529 silly packumentCache full:https://registry.npmjs.org/undici set size:undefined disposed:false
530 silly fetch manifest @urql/core@^5.0.6
531 silly packumentCache full:https://registry.npmjs.org/@urql%2fcore cache-miss
532 http fetch GET 200 https://registry.npmjs.org/chalk 398ms (cache updated)
533 silly packumentCache full:https://registry.npmjs.org/chalk set size:undefined disposed:false
534 silly fetch manifest better-opn@~3.0.2
535 silly packumentCache full:https://registry.npmjs.org/better-opn cache-miss
536 http fetch GET 200 https://registry.npmjs.org/requireg 89ms (cache updated)
537 silly packumentCache full:https://registry.npmjs.org/requireg set size:undefined disposed:false
538 silly fetch manifest env-editor@^0.4.1
539 silly packumentCache full:https://registry.npmjs.org/env-editor cache-miss
540 http fetch GET 200 https://registry.npmjs.org/wrap-ansi 66ms (cache updated)
541 silly packumentCache full:https://registry.npmjs.org/wrap-ansi set size:undefined disposed:false
542 silly fetch manifest node-forge@^1.3.1
543 silly packumentCache full:https://registry.npmjs.org/node-forge cache-miss
544 http fetch GET 200 https://registry.npmjs.org/picomatch 79ms (cache updated)
545 silly packumentCache full:https://registry.npmjs.org/picomatch set size:undefined disposed:false
546 silly fetch manifest @expo/plist@^0.3.4
547 silly packumentCache full:https://registry.npmjs.org/@expo%2fplist cache-miss
548 http fetch GET 200 https://registry.npmjs.org/env-editor 52ms (cache updated)
549 silly packumentCache full:https://registry.npmjs.org/env-editor set size:undefined disposed:false
550 silly fetch manifest compression@^1.7.4
551 silly packumentCache full:https://registry.npmjs.org/compression cache-miss
552 http fetch GET 200 https://registry.npmjs.org/minimatch 119ms (cache updated)
553 silly packumentCache full:https://registry.npmjs.org/minimatch set size:undefined disposed:false
554 silly fetch manifest lan-network@^0.1.4
555 silly packumentCache full:https://registry.npmjs.org/lan-network cache-miss
556 http fetch GET 200 https://registry.npmjs.org/better-opn 85ms (cache updated)
557 silly packumentCache full:https://registry.npmjs.org/better-opn set size:undefined disposed:false
558 silly fetch manifest pretty-bytes@^5.6.0
559 silly packumentCache full:https://registry.npmjs.org/pretty-bytes cache-miss
560 http fetch GET 200 https://registry.npmjs.org/lan-network 43ms (cache updated)
561 silly packumentCache full:https://registry.npmjs.org/lan-network set size:undefined disposed:false
562 silly fetch manifest resolve-from@^5.0.0
563 silly packumentCache full:https://registry.npmjs.org/resolve-from cache-miss
564 http fetch GET 200 https://registry.npmjs.org/compression 71ms (cache updated)
565 silly packumentCache full:https://registry.npmjs.org/compression set size:undefined disposed:false
566 silly fetch manifest @expo/devcert@^1.1.2
567 silly packumentCache full:https://registry.npmjs.org/@expo%2fdevcert cache-miss
568 http fetch GET 200 https://registry.npmjs.org/node-forge 103ms (cache updated)
569 silly packumentCache full:https://registry.npmjs.org/node-forge set size:undefined disposed:false
570 silly fetch manifest bplist-parser@^0.3.1
571 silly packumentCache full:https://registry.npmjs.org/bplist-parser cache-miss
572 http fetch GET 200 https://registry.npmjs.org/resolve-from 47ms (cache updated)
573 silly packumentCache full:https://registry.npmjs.org/resolve-from set size:undefined disposed:false
574 silly fetch manifest pretty-format@^29.7.0
575 silly packumentCache full:https://registry.npmjs.org/pretty-format cache-miss
576 http fetch GET 200 https://registry.npmjs.org/pretty-bytes 75ms (cache updated)
577 silly packumentCache full:https://registry.npmjs.org/pretty-bytes set size:undefined disposed:false
578 silly fetch manifest terminal-link@^2.1.1
579 silly packumentCache full:https://registry.npmjs.org/terminal-link cache-miss
580 http cache https://registry.npmjs.org/pretty-format 12ms (cache hit)
581 silly packumentCache full:https://registry.npmjs.org/pretty-format set size:570385 disposed:false
582 silly fetch manifest @expo/xcpretty@^4.3.0
583 silly packumentCache full:https://registry.npmjs.org/@expo%2fxcpretty cache-miss
584 http fetch GET 200 https://registry.npmjs.org/bplist-parser 50ms (cache updated)
585 silly packumentCache full:https://registry.npmjs.org/bplist-parser set size:undefined disposed:false
586 silly fetch manifest bplist-creator@0.1.0
587 silly packumentCache full:https://registry.npmjs.org/bplist-creator cache-miss
588 http fetch GET 200 https://registry.npmjs.org/terminal-link 41ms (cache updated)
589 silly packumentCache full:https://registry.npmjs.org/terminal-link set size:undefined disposed:false
590 silly fetch manifest freeport-async@^2.0.0
591 silly packumentCache full:https://registry.npmjs.org/freeport-async cache-miss
592 http fetch GET 200 https://registry.npmjs.org/@expo%2fdevcert 79ms (cache updated)
593 silly packumentCache full:https://registry.npmjs.org/@expo%2fdevcert set size:undefined disposed:false
594 silly fetch manifest @expo/json-file@^9.1.4
595 silly packumentCache full:https://registry.npmjs.org/@expo%2fjson-file cache-miss
596 http fetch GET 200 https://registry.npmjs.org/freeport-async 36ms (cache updated)
597 silly packumentCache full:https://registry.npmjs.org/freeport-async set size:undefined disposed:false
598 silly fetch manifest @expo/osascript@^2.2.4
599 silly packumentCache full:https://registry.npmjs.org/@expo%2fosascript cache-miss
600 http fetch GET 200 https://registry.npmjs.org/@expo%2fxcpretty 85ms (cache updated)
601 silly packumentCache full:https://registry.npmjs.org/@expo%2fxcpretty set size:undefined disposed:false
602 silly fetch manifest @expo/ws-tunnel@^1.0.1
603 silly packumentCache full:https://registry.npmjs.org/@expo%2fws-tunnel cache-miss
604 http fetch GET 200 https://registry.npmjs.org/bplist-creator 93ms (cache updated)
605 silly packumentCache full:https://registry.npmjs.org/bplist-creator set size:undefined disposed:false
606 silly fetch manifest npm-package-arg@^11.0.0
607 silly packumentCache full:https://registry.npmjs.org/npm-package-arg cache-miss
608 http fetch GET 200 https://registry.npmjs.org/@expo%2fenv 368ms (cache updated)
609 silly packumentCache full:https://registry.npmjs.org/@expo%2fenv set size:undefined disposed:false
610 silly fetch manifest qrcode-terminal@0.11.0
611 silly packumentCache full:https://registry.npmjs.org/qrcode-terminal cache-miss
612 http fetch GET 200 https://registry.npmjs.org/@expo%2fosascript 124ms (cache updated)
613 silly packumentCache full:https://registry.npmjs.org/@expo%2fosascript set size:undefined disposed:false
614 silly fetch manifest resolve.exports@^2.0.3
615 silly packumentCache full:https://registry.npmjs.org/resolve.exports cache-miss
616 http fetch GET 200 https://registry.npmjs.org/npm-package-arg 112ms (cache updated)
617 silly packumentCache full:https://registry.npmjs.org/npm-package-arg set size:undefined disposed:false
618 silly fetch manifest @expo/image-utils@^0.7.4
619 silly packumentCache full:https://registry.npmjs.org/@expo%2fimage-utils cache-miss
620 http fetch GET 200 https://registry.npmjs.org/@expo%2fplist 416ms (cache updated)
621 silly packumentCache full:https://registry.npmjs.org/@expo%2fplist set size:undefined disposed:false
622 silly fetch manifest @expo/spawn-async@^1.7.2
623 silly packumentCache full:https://registry.npmjs.org/@expo%2fspawn-async cache-miss
624 http fetch GET 200 https://registry.npmjs.org/@urql%2fcore 482ms (cache updated)
625 silly packumentCache full:https://registry.npmjs.org/@urql%2fcore set size:undefined disposed:false
626 silly fetch manifest @expo/metro-config@~0.20.12
627 silly packumentCache full:https://registry.npmjs.org/@expo%2fmetro-config cache-miss
628 http fetch GET 200 https://registry.npmjs.org/resolve.exports 129ms (cache updated)
629 silly packumentCache full:https://registry.npmjs.org/resolve.exports set size:undefined disposed:false
630 silly fetch manifest source-map-support@~0.5.21
631 silly packumentCache full:https://registry.npmjs.org/source-map-support cache-miss
632 http cache https://registry.npmjs.org/@expo%2fmetro-config 16ms (cache hit)
633 silly packumentCache full:https://registry.npmjs.org/@expo%2fmetro-config set size:1041633 disposed:false
634 silly fetch manifest structured-headers@^0.4.1
635 silly packumentCache full:https://registry.npmjs.org/structured-headers cache-miss
636 http fetch GET 200 https://registry.npmjs.org/@expo%2fjson-file 336ms (cache updated)
637 silly packumentCache full:https://registry.npmjs.org/@expo%2fjson-file set size:undefined disposed:false
638 silly fetch manifest @0no-co/graphql.web@^1.0.8
639 silly packumentCache full:https://registry.npmjs.org/@0no-co%2fgraphql.web cache-miss
640 http fetch GET 200 https://registry.npmjs.org/structured-headers 124ms (cache updated)
641 silly packumentCache full:https://registry.npmjs.org/structured-headers set size:undefined disposed:false
642 silly fetch manifest require-from-string@^2.0.2
643 silly packumentCache full:https://registry.npmjs.org/require-from-string cache-miss
644 http fetch GET 200 https://registry.npmjs.org/source-map-support 194ms (cache updated)
645 silly packumentCache full:https://registry.npmjs.org/source-map-support set size:undefined disposed:false
646 silly fetch manifest @urql/exchange-retry@^1.3.0
647 silly packumentCache full:https://registry.npmjs.org/@urql%2fexchange-retry cache-miss
648 http fetch GET 200 https://registry.npmjs.org/require-from-string 93ms (cache updated)
649 silly packumentCache full:https://registry.npmjs.org/require-from-string set size:undefined disposed:false
650 silly fetch manifest @expo/package-manager@^1.8.4
651 silly packumentCache full:https://registry.npmjs.org/@expo%2fpackage-manager cache-miss
652 http fetch GET 200 https://registry.npmjs.org/qrcode-terminal 499ms (cache updated)
653 silly packumentCache full:https://registry.npmjs.org/qrcode-terminal set size:undefined disposed:false
654 silly fetch manifest @expo/prebuild-config@^9.0.5
655 silly packumentCache full:https://registry.npmjs.org/@expo%2fprebuild-config cache-miss
656 http fetch GET 200 https://registry.npmjs.org/@expo%2fimage-utils 435ms (cache updated)
657 silly packumentCache full:https://registry.npmjs.org/@expo%2fimage-utils set size:undefined disposed:false
658 silly fetch manifest @react-native/dev-middleware@0.79.2
659 silly packumentCache full:https://registry.npmjs.org/@react-native%2fdev-middleware cache-miss
660 http fetch GET 200 https://registry.npmjs.org/@expo%2fpackage-manager 118ms (cache updated)
661 silly packumentCache full:https://registry.npmjs.org/@expo%2fpackage-manager set size:undefined disposed:false
662 silly fetch manifest @expo/code-signing-certificates@^0.0.5
663 silly packumentCache full:https://registry.npmjs.org/@expo%2fcode-signing-certificates cache-miss
664 http fetch GET 200 https://registry.npmjs.org/@0no-co%2fgraphql.web 397ms (cache updated)
665 silly packumentCache full:https://registry.npmjs.org/@0no-co%2fgraphql.web set size:undefined disposed:false
666 silly fetch manifest sucrase@3.35.0
667 silly packumentCache full:https://registry.npmjs.org/sucrase cache-miss
668 http fetch GET 200 https://registry.npmjs.org/@expo%2fcode-signing-certificates 79ms (cache updated)
669 silly packumentCache full:https://registry.npmjs.org/@expo%2fcode-signing-certificates set size:undefined disposed:false
670 silly fetch manifest deepmerge@^4.3.1
671 silly packumentCache full:https://registry.npmjs.org/deepmerge cache-miss
672 http fetch GET 200 https://registry.npmjs.org/deepmerge 53ms (cache updated)
673 silly packumentCache full:https://registry.npmjs.org/deepmerge set size:undefined disposed:false
674 silly fetch manifest @babel/code-frame@~7.10.4
675 silly packumentCache full:https://registry.npmjs.org/@babel%2fcode-frame cache-miss
676 http fetch GET 200 https://registry.npmjs.org/sucrase 115ms (cache updated)
677 silly packumentCache full:https://registry.npmjs.org/sucrase set size:undefined disposed:false
678 silly fetch manifest @expo/config-types@^53.0.3
679 silly packumentCache full:https://registry.npmjs.org/@expo%2fconfig-types cache-miss
680 http fetch GET 200 https://registry.npmjs.org/@expo%2fws-tunnel 851ms (cache updated)
681 silly packumentCache full:https://registry.npmjs.org/@expo%2fws-tunnel set size:undefined disposed:false
682 silly fetch manifest @expo/config-plugins@~10.0.1
683 silly packumentCache full:https://registry.npmjs.org/@expo%2fconfig-plugins cache-miss
684 http fetch GET 200 https://registry.npmjs.org/@babel%2fcode-frame 101ms (cache updated)
685 silly packumentCache full:https://registry.npmjs.org/@babel%2fcode-frame set size:undefined disposed:false
686 silly fetch manifest resolve-workspace-root@^2.0.0
687 silly packumentCache full:https://registry.npmjs.org/resolve-workspace-root cache-miss
688 http fetch GET 200 https://registry.npmjs.org/@urql%2fexchange-retry 424ms (cache updated)
689 silly packumentCache full:https://registry.npmjs.org/@urql%2fexchange-retry set size:undefined disposed:false
690 silly fetch manifest chalk@^4.1.2
691 silly packumentCache full:https://registry.npmjs.org/chalk cache-miss
692 http cache https://registry.npmjs.org/@expo%2fconfig-plugins 24ms (cache hit)
693 silly packumentCache full:https://registry.npmjs.org/@expo%2fconfig-plugins set size:841627 disposed:false
694 silly fetch manifest debug@^4.3.5
695 silly packumentCache full:https://registry.npmjs.org/debug cache-miss
696 http cache https://registry.npmjs.org/chalk 30ms (cache hit)
697 silly packumentCache full:https://registry.npmjs.org/chalk set size:122561 disposed:false
698 silly fetch manifest slash@^3.0.0
699 silly packumentCache full:https://registry.npmjs.org/slash cache-miss
700 http cache https://registry.npmjs.org/debug 17ms (cache hit)
701 silly packumentCache full:https://registry.npmjs.org/debug set size:191237 disposed:false
702 silly fetch manifest xcode@^3.0.1
703 silly packumentCache full:https://registry.npmjs.org/xcode cache-miss
704 http fetch GET 200 https://registry.npmjs.org/resolve-workspace-root 88ms (cache updated)
705 silly packumentCache full:https://registry.npmjs.org/resolve-workspace-root set size:undefined disposed:false
706 silly fetch manifest semver@^7.5.4
707 silly packumentCache full:https://registry.npmjs.org/semver cache-miss
708 http cache https://registry.npmjs.org/semver 9ms (cache hit)
709 silly packumentCache full:https://registry.npmjs.org/semver set size:221568 disposed:false
710 silly fetch manifest xml2js@0.6.0
711 silly packumentCache full:https://registry.npmjs.org/xml2js cache-miss
712 http fetch GET 200 https://registry.npmjs.org/slash 71ms (cache updated)
713 silly packumentCache full:https://registry.npmjs.org/slash set size:undefined disposed:false
714 silly fetch manifest slugify@^1.6.6
715 silly packumentCache full:https://registry.npmjs.org/slugify cache-miss
716 http fetch GET 200 https://registry.npmjs.org/@expo%2fspawn-async 791ms (cache updated)
717 silly packumentCache full:https://registry.npmjs.org/@expo%2fspawn-async set size:undefined disposed:false
718 silly fetch manifest @expo/json-file@~9.1.4
719 silly packumentCache full:https://registry.npmjs.org/@expo%2fjson-file cache-miss
720 http cache https://registry.npmjs.org/slugify 16ms (cache hit)
721 silly packumentCache full:https://registry.npmjs.org/slugify set size:99493 disposed:false
722 silly fetch manifest @expo/config-types@^53.0.3
723 silly packumentCache full:https://registry.npmjs.org/@expo%2fconfig-types cache-miss
724 http cache https://registry.npmjs.org/@expo%2fjson-file 19ms (cache hit)
725 silly packumentCache full:https://registry.npmjs.org/@expo%2fjson-file set size:489541 disposed:false
726 silly fetch manifest @expo/sdk-runtime-versions@^1.0.0
727 silly packumentCache full:https://registry.npmjs.org/@expo%2fsdk-runtime-versions cache-miss
728 http fetch GET 200 https://registry.npmjs.org/@expo%2fprebuild-config 476ms (cache updated)
729 silly packumentCache full:https://registry.npmjs.org/@expo%2fprebuild-config set size:undefined disposed:false
730 silly fetch manifest find-up@^5.0.0
731 silly packumentCache full:https://registry.npmjs.org/find-up cache-miss
732 http fetch GET 200 https://registry.npmjs.org/@react-native%2fdev-middleware 444ms (cache updated)
733 silly packumentCache full:https://registry.npmjs.org/@react-native%2fdev-middleware set size:undefined disposed:false
734 silly fetch manifest p-limit@^3.1.0
735 silly packumentCache full:https://registry.npmjs.org/p-limit cache-miss
736 http fetch GET 200 https://registry.npmjs.org/@expo%2fsdk-runtime-versions 96ms (cache updated)
737 silly packumentCache full:https://registry.npmjs.org/@expo%2fsdk-runtime-versions set size:undefined disposed:false
738 silly fetch manifest chalk@^4.1.0
739 silly packumentCache full:https://registry.npmjs.org/chalk cache-hit
740 silly fetch manifest debug@^4.3.2
741 silly packumentCache full:https://registry.npmjs.org/debug cache-hit
742 silly fetch manifest dotenv@~16.4.5
743 silly packumentCache full:https://registry.npmjs.org/dotenv cache-miss
744 http fetch GET 200 https://registry.npmjs.org/p-limit 85ms (cache updated)
745 silly packumentCache full:https://registry.npmjs.org/p-limit set size:undefined disposed:false
746 silly fetch manifest postcss@~8.4.32
747 silly packumentCache full:https://registry.npmjs.org/postcss cache-miss
748 http fetch GET 200 https://registry.npmjs.org/find-up 121ms (cache updated)
749 silly packumentCache full:https://registry.npmjs.org/find-up set size:undefined disposed:false
750 silly fetch manifest @babel/core@^7.20.0
751 silly packumentCache full:https://registry.npmjs.org/@babel%2fcore cache-miss
752 http fetch GET 200 https://registry.npmjs.org/dotenv 222ms (cache updated)
753 silly packumentCache full:https://registry.npmjs.org/dotenv set size:undefined disposed:false
754 silly fetch manifest @babel/types@^7.20.0
755 silly packumentCache full:https://registry.npmjs.org/@babel%2ftypes cache-miss
756 http fetch GET 200 https://registry.npmjs.org/@expo%2fconfig-types 540ms (cache updated)
757 silly packumentCache full:https://registry.npmjs.org/@expo%2fconfig-types set size:undefined disposed:false
758 silly fetch manifest jsc-safe-url@^0.2.4
759 silly packumentCache full:https://registry.npmjs.org/jsc-safe-url cache-miss
760 http fetch GET 200 https://registry.npmjs.org/postcss 273ms (cache updated)
761 silly packumentCache full:https://registry.npmjs.org/postcss set size:undefined disposed:false
762 silly fetch manifest lightningcss@~1.27.0
763 silly packumentCache full:https://registry.npmjs.org/lightningcss cache-miss
764 http fetch GET 200 https://registry.npmjs.org/@expo%2fconfig-types 435ms (cache updated)
765 silly packumentCache full:https://registry.npmjs.org/@expo%2fconfig-types set size:undefined disposed:false
766 silly fetch manifest @babel/parser@^7.20.0
767 silly packumentCache full:https://registry.npmjs.org/@babel%2fparser cache-miss
768 http fetch GET 200 https://registry.npmjs.org/@babel%2fcore 341ms (cache updated)
769 silly packumentCache full:https://registry.npmjs.org/@babel%2fcore set size:undefined disposed:false
770 silly fetch manifest dotenv-expand@~11.0.6
771 silly packumentCache full:https://registry.npmjs.org/dotenv-expand cache-miss
772 http fetch GET 200 https://registry.npmjs.org/jsc-safe-url 133ms (cache updated)
773 silly packumentCache full:https://registry.npmjs.org/jsc-safe-url set size:undefined disposed:false
774 silly fetch manifest @babel/generator@^7.20.5
775 silly packumentCache full:https://registry.npmjs.org/@babel%2fgenerator cache-miss
776 http fetch GET 200 https://registry.npmjs.org/xml2js 554ms (cache updated)
777 silly packumentCache full:https://registry.npmjs.org/xml2js set size:undefined disposed:false
778 silly fetch manifest react-refresh@^0.14.2
779 silly packumentCache full:https://registry.npmjs.org/react-refresh cache-miss
780 http cache https://registry.npmjs.org/react-refresh 48ms (cache hit)
781 silly packumentCache full:https://registry.npmjs.org/react-refresh set size:5452444 disposed:false
782 silly fetch manifest @babel/preset-react@^7.22.15
783 silly packumentCache full:https://registry.npmjs.org/@babel%2fpreset-react cache-miss
784 http fetch GET 200 https://registry.npmjs.org/lightningcss 240ms (cache updated)
785 silly packumentCache full:https://registry.npmjs.org/lightningcss set size:undefined disposed:false
786 silly fetch manifest @babel/preset-typescript@^7.23.0
787 silly packumentCache full:https://registry.npmjs.org/@babel%2fpreset-typescript cache-miss
788 http fetch GET 200 https://registry.npmjs.org/xcode 1062ms (cache updated)
789 silly packumentCache full:https://registry.npmjs.org/xcode set size:undefined disposed:false
790 silly fetch manifest @react-native/babel-preset@0.79.2
791 silly packumentCache full:https://registry.npmjs.org/@react-native%2fbabel-preset cache-miss
792 http fetch GET 200 https://registry.npmjs.org/dotenv-expand 604ms (cache updated)
793 silly packumentCache full:https://registry.npmjs.org/dotenv-expand set size:undefined disposed:false
794 silly fetch manifest @babel/helper-module-imports@^7.25.9
795 silly packumentCache full:https://registry.npmjs.org/@babel%2fhelper-module-imports cache-miss
796 http fetch GET 200 https://registry.npmjs.org/@babel%2ftypes 762ms (cache updated)
797 silly packumentCache full:https://registry.npmjs.org/@babel%2ftypes set size:undefined disposed:false
798 silly fetch manifest babel-plugin-react-native-web@~0.19.13
799 silly packumentCache full:https://registry.npmjs.org/babel-plugin-react-native-web cache-miss
800 http fetch GET 200 https://registry.npmjs.org/@babel%2fparser 714ms (cache updated)
801 silly packumentCache full:https://registry.npmjs.org/@babel%2fparser set size:undefined disposed:false
802 silly fetch manifest @babel/plugin-transform-runtime@^7.24.7
803 silly packumentCache full:https://registry.npmjs.org/@babel%2fplugin-transform-runtime cache-miss
804 http fetch GET 200 https://registry.npmjs.org/@babel%2fpreset-typescript 576ms (cache updated)
805 silly packumentCache full:https://registry.npmjs.org/@babel%2fpreset-typescript set size:undefined disposed:false
806 silly fetch manifest @babel/plugin-proposal-decorators@^7.12.9
807 silly packumentCache full:https://registry.npmjs.org/@babel%2fplugin-proposal-decorators cache-miss
808 http fetch GET 200 https://registry.npmjs.org/@babel%2fgenerator 739ms (cache updated)
809 silly packumentCache full:https://registry.npmjs.org/@babel%2fgenerator set size:undefined disposed:false
810 silly fetch manifest babel-plugin-syntax-hermes-parser@^0.25.1
811 silly packumentCache full:https://registry.npmjs.org/babel-plugin-syntax-hermes-parser cache-miss
812 http fetch GET 200 https://registry.npmjs.org/babel-plugin-react-native-web 231ms (cache updated)
813 silly packumentCache full:https://registry.npmjs.org/babel-plugin-react-native-web set size:undefined disposed:false
814 silly fetch manifest babel-plugin-transform-flow-enums@^0.0.2
815 silly packumentCache full:https://registry.npmjs.org/babel-plugin-transform-flow-enums cache-miss
816 http fetch GET 200 https://registry.npmjs.org/@babel%2fplugin-transform-runtime 316ms (cache updated)
817 silly packumentCache full:https://registry.npmjs.org/@babel%2fplugin-transform-runtime set size:undefined disposed:false
818 silly fetch manifest @babel/plugin-transform-parameters@^7.24.7
819 silly packumentCache full:https://registry.npmjs.org/@babel%2fplugin-transform-parameters cache-miss
820 http fetch GET 200 https://registry.npmjs.org/@babel%2fhelper-module-imports 446ms (cache updated)
821 silly packumentCache full:https://registry.npmjs.org/@babel%2fhelper-module-imports set size:undefined disposed:false
822 silly fetch manifest @babel/plugin-transform-private-methods@^7.24.7
823 silly packumentCache full:https://registry.npmjs.org/@babel%2fplugin-transform-private-methods cache-miss
824 http fetch GET 200 https://registry.npmjs.org/babel-plugin-syntax-hermes-parser 297ms (cache updated)
825 silly packumentCache full:https://registry.npmjs.org/babel-plugin-syntax-hermes-parser set size:undefined disposed:false
826 silly fetch manifest @babel/plugin-syntax-export-default-from@^7.24.7
827 silly packumentCache full:https://registry.npmjs.org/@babel%2fplugin-syntax-export-default-from cache-miss
828 http fetch GET 200 https://registry.npmjs.org/babel-plugin-transform-flow-enums 228ms (cache updated)
829 silly packumentCache full:https://registry.npmjs.org/babel-plugin-transform-flow-enums set size:undefined disposed:false
830 silly fetch manifest @babel/plugin-transform-flow-strip-types@^7.25.2
831 silly packumentCache full:https://registry.npmjs.org/@babel%2fplugin-transform-flow-strip-types cache-miss
832 http fetch GET 200 https://registry.npmjs.org/@babel%2fpreset-react 933ms (cache updated)
833 silly packumentCache full:https://registry.npmjs.org/@babel%2fpreset-react set size:undefined disposed:false
834 silly fetch manifest @babel/plugin-transform-modules-commonjs@^7.24.8
835 silly packumentCache full:https://registry.npmjs.org/@babel%2fplugin-transform-modules-commonjs cache-miss
836 http fetch GET 200 https://registry.npmjs.org/@babel%2fplugin-transform-private-methods 379ms (cache updated)
837 silly packumentCache full:https://registry.npmjs.org/@babel%2fplugin-transform-private-methods set size:undefined disposed:false
838 silly fetch manifest @babel/plugin-proposal-export-default-from@^7.24.7
839 silly packumentCache full:https://registry.npmjs.org/@babel%2fplugin-proposal-export-default-from cache-miss
840 http fetch GET 200 https://registry.npmjs.org/@babel%2fplugin-proposal-decorators 862ms (cache updated)
841 silly packumentCache full:https://registry.npmjs.org/@babel%2fplugin-proposal-decorators set size:undefined disposed:false
842 silly fetch manifest @babel/plugin-transform-object-rest-spread@^7.24.7
843 silly packumentCache full:https://registry.npmjs.org/@babel%2fplugin-transform-object-rest-spread cache-miss
844 http fetch GET 200 https://registry.npmjs.org/@react-native%2fbabel-preset 1077ms (cache updated)
845 silly packumentCache full:https://registry.npmjs.org/@react-native%2fbabel-preset set size:undefined disposed:false
846 silly fetch manifest @babel/plugin-transform-export-namespace-from@^7.25.9
847 silly packumentCache full:https://registry.npmjs.org/@babel%2fplugin-transform-export-namespace-from cache-miss
848 http fetch GET 200 https://registry.npmjs.org/@babel%2fplugin-transform-parameters 699ms (cache updated)
849 silly packumentCache full:https://registry.npmjs.org/@babel%2fplugin-transform-parameters set size:undefined disposed:false
850 silly fetch manifest @babel/plugin-transform-private-property-in-object@^7.24.7
851 silly packumentCache full:https://registry.npmjs.org/@babel%2fplugin-transform-private-property-in-object cache-miss
852 http fetch GET 200 https://registry.npmjs.org/@babel%2fplugin-syntax-export-default-from 661ms (cache updated)
853 silly packumentCache full:https://registry.npmjs.org/@babel%2fplugin-syntax-export-default-from set size:undefined disposed:false
854 silly fetch manifest expo-constants@~17.1.4
855 silly packumentCache full:https://registry.npmjs.org/expo-constants cache-miss
856 http fetch GET 200 https://registry.npmjs.org/@babel%2fplugin-transform-flow-strip-types 644ms (cache updated)
857 silly packumentCache full:https://registry.npmjs.org/@babel%2fplugin-transform-flow-strip-types set size:undefined disposed:false
858 silly fetch manifest commander@^7.2.0
859 silly packumentCache full:https://registry.npmjs.org/commander cache-miss
860 http cache https://registry.npmjs.org/expo-constants 25ms (cache hit)
861 silly packumentCache full:https://registry.npmjs.org/expo-constants set size:650050 disposed:false
862 silly fetch manifest buffer@^5.4.3
863 silly packumentCache full:https://registry.npmjs.org/buffer cache-miss
864 http fetch GET 200 https://registry.npmjs.org/@babel%2fplugin-transform-object-rest-spread 246ms (cache updated)
865 silly packumentCache full:https://registry.npmjs.org/@babel%2fplugin-transform-object-rest-spread set size:undefined disposed:false
866 silly fetch manifest punycode@^2.1.1
867 silly packumentCache full:https://registry.npmjs.org/punycode cache-miss
868 http fetch GET 200 https://registry.npmjs.org/@babel%2fplugin-proposal-export-default-from 430ms (cache updated)
869 silly packumentCache full:https://registry.npmjs.org/@babel%2fplugin-proposal-export-default-from set size:undefined disposed:false
870 silly fetch manifest webidl-conversions@^5.0.0
871 silly packumentCache full:https://registry.npmjs.org/webidl-conversions cache-miss
872 http fetch GET 200 https://registry.npmjs.org/@babel%2fplugin-transform-export-namespace-from 320ms (cache updated)
873 silly packumentCache full:https://registry.npmjs.org/@babel%2fplugin-transform-export-namespace-from set size:undefined disposed:false
874 http fetch GET 200 https://registry.npmjs.org/@babel%2fplugin-transform-private-property-in-object 348ms (cache updated)
875 silly packumentCache full:https://registry.npmjs.org/@babel%2fplugin-transform-private-property-in-object set size:undefined disposed:false
876 http fetch GET 200 https://registry.npmjs.org/@babel%2fplugin-transform-modules-commonjs 1168ms (cache updated)
877 silly packumentCache full:https://registry.npmjs.org/@babel%2fplugin-transform-modules-commonjs set size:undefined disposed:false
878 http fetch GET 200 https://registry.npmjs.org/punycode 475ms (cache updated)
879 silly packumentCache full:https://registry.npmjs.org/punycode set size:undefined disposed:false
880 http fetch GET 200 https://registry.npmjs.org/webidl-conversions 519ms (cache updated)
881 silly packumentCache full:https://registry.npmjs.org/webidl-conversions set size:undefined disposed:false
882 http fetch GET 200 https://registry.npmjs.org/buffer 668ms (cache updated)
883 silly packumentCache full:https://registry.npmjs.org/buffer set size:undefined disposed:false
884 http fetch GET 200 https://registry.npmjs.org/commander 769ms (cache updated)
885 silly packumentCache full:https://registry.npmjs.org/commander set size:undefined disposed:false
886 silly fetch manifest bufferutil@^4.0.1
887 silly packumentCache full:https://registry.npmjs.org/bufferutil cache-miss
888 http fetch GET 200 https://registry.npmjs.org/bufferutil 478ms (cache updated)
889 silly packumentCache full:https://registry.npmjs.org/bufferutil set size:undefined disposed:false
890 silly fetch manifest utf-8-validate@>=5.0.2
891 silly packumentCache full:https://registry.npmjs.org/utf-8-validate cache-miss
892 http fetch GET 200 https://registry.npmjs.org/utf-8-validate 530ms (cache updated)
893 silly packumentCache full:https://registry.npmjs.org/utf-8-validate set size:undefined disposed:false
894 silly fetch manifest graphql@^14.0.0 || ^15.0.0 || ^16.0.0
895 silly packumentCache full:https://registry.npmjs.org/graphql cache-miss
896 http fetch GET 200 https://registry.npmjs.org/graphql 930ms (cache updated)
897 silly packumentCache full:https://registry.npmjs.org/graphql set size:undefined disposed:false
898 silly placeDep ROOT @0no-co/graphql.web@1.1.2 OK for: @expo/cli@0.24.10 want: ^1.0.8
899 silly placeDep ROOT @expo/code-signing-certificates@0.0.5 OK for: @expo/cli@0.24.10 want: ^0.0.5
900 silly placeDep ROOT @expo/devcert@1.2.0 OK for: @expo/cli@0.24.10 want: ^1.1.2
901 silly placeDep ROOT @expo/env@1.0.5 OK for: @expo/cli@0.24.10 want: ~1.0.5
902 silly placeDep ROOT @expo/image-utils@0.7.4 OK for: @expo/cli@0.24.10 want: ^0.7.4
903 silly placeDep ROOT @expo/json-file@9.1.4 OK for: @expo/cli@0.24.10 want: ^9.1.4
904 silly placeDep ROOT @expo/osascript@2.2.4 OK for: @expo/cli@0.24.10 want: ^2.2.4
905 silly placeDep ROOT @expo/package-manager@1.8.4 OK for: @expo/cli@0.24.10 want: ^1.8.4
906 silly placeDep ROOT @expo/plist@0.3.4 OK for: @expo/cli@0.24.10 want: ^0.3.4
907 silly placeDep ROOT @expo/prebuild-config@9.0.5 OK for: @expo/cli@0.24.10 want: ^9.0.5
908 silly placeDep ROOT @expo/spawn-async@1.7.2 OK for: @expo/cli@0.24.10 want: ^1.7.2
909 silly placeDep ROOT @expo/ws-tunnel@1.0.6 OK for: @expo/cli@0.24.10 want: ^1.0.1
910 silly placeDep ROOT @expo/xcpretty@4.3.2 OK for: @expo/cli@0.24.10 want: ^4.3.0
911 silly placeDep ROOT @react-native/dev-middleware@0.79.2 OK for: @expo/cli@0.24.10 want: 0.79.2
912 silly placeDep ROOT @urql/core@5.1.1 OK for: @expo/cli@0.24.10 want: ^5.0.6
913 silly placeDep ROOT @urql/exchange-retry@1.3.1 OK for: @expo/cli@0.24.10 want: ^1.3.0
914 silly placeDep ROOT accepts@1.3.8 OK for: @expo/cli@0.24.10 want: ^1.3.8
915 silly placeDep ROOT arg@5.0.2 OK for: @expo/cli@0.24.10 want: ^5.0.2
916 silly placeDep ROOT better-opn@3.0.2 OK for: @expo/cli@0.24.10 want: ~3.0.2
917 silly placeDep ROOT bplist-creator@0.1.0 OK for: @expo/cli@0.24.10 want: 0.1.0
918 silly placeDep ROOT bplist-parser@0.3.2 OK for: @expo/cli@0.24.10 want: ^0.3.1
919 silly placeDep ROOT chalk@4.1.2 OK for: @expo/cli@0.24.10 want: ^4.0.0
920 silly placeDep ROOT ci-info@3.9.0 OK for: @expo/cli@0.24.10 want: ^3.3.0
921 silly placeDep ROOT compression@1.8.0 OK for: @expo/cli@0.24.10 want: ^1.7.4
922 silly placeDep ROOT connect@3.7.0 OK for: @expo/cli@0.24.10 want: ^3.7.0
923 silly placeDep ROOT debug@4.4.0 OK for: @expo/cli@0.24.10 want: ^4.3.4
924 silly placeDep ROOT env-editor@0.4.2 OK for: @expo/cli@0.24.10 want: ^0.4.1
925 silly placeDep ROOT freeport-async@2.0.0 OK for: @expo/cli@0.24.10 want: ^2.0.0
926 silly placeDep ROOT getenv@1.0.0 OK for: @expo/cli@0.24.10 want: ^1.0.0
927 silly placeDep ROOT glob@10.4.5 OK for: @expo/cli@0.24.10 want: ^10.4.2
928 silly placeDep ROOT lan-network@0.1.5 OK for: @expo/cli@0.24.10 want: ^0.1.4
929 silly placeDep ROOT minimatch@9.0.5 OK for: @expo/cli@0.24.10 want: ^9.0.0
930 silly placeDep ROOT node-forge@1.3.1 OK for: @expo/cli@0.24.10 want: ^1.3.1
931 silly placeDep ROOT npm-package-arg@11.0.3 OK for: @expo/cli@0.24.10 want: ^11.0.0
932 silly placeDep ROOT ora@3.4.0 OK for: @expo/cli@0.24.10 want: ^3.4.0
933 silly placeDep ROOT picomatch@3.0.1 OK for: @expo/cli@0.24.10 want: ^3.0.1
934 silly placeDep ROOT pretty-bytes@5.6.0 OK for: @expo/cli@0.24.10 want: ^5.6.0
935 silly placeDep ROOT pretty-format@29.7.0 OK for: @expo/cli@0.24.10 want: ^29.7.0
936 silly placeDep ROOT progress@2.0.3 OK for: @expo/cli@0.24.10 want: ^2.0.3
937 silly placeDep ROOT prompts@2.4.2 OK for: @expo/cli@0.24.10 want: ^2.3.2
938 silly placeDep ROOT qrcode-terminal@0.11.0 OK for: @expo/cli@0.24.10 want: 0.11.0
939 silly placeDep ROOT require-from-string@2.0.2 OK for: @expo/cli@0.24.10 want: ^2.0.2
940 silly placeDep ROOT requireg@0.2.2 OK for: @expo/cli@0.24.10 want: ^0.2.2
941 silly placeDep ROOT resolve@1.22.10 OK for: @expo/cli@0.24.10 want: ^1.22.2
942 silly placeDep ROOT resolve-from@5.0.0 OK for: @expo/cli@0.24.10 want: ^5.0.0
943 silly placeDep ROOT resolve.exports@2.0.3 OK for: @expo/cli@0.24.10 want: ^2.0.3
944 silly placeDep ROOT semver@7.7.1 OK for: @expo/cli@0.24.10 want: ^7.6.0
945 silly placeDep ROOT send@0.19.1 OK for: @expo/cli@0.24.10 want: ^0.19.0
946 silly placeDep ROOT slugify@1.6.6 OK for: @expo/cli@0.24.10 want: ^1.3.4
947 silly placeDep ROOT source-map-support@0.5.21 OK for: @expo/cli@0.24.10 want: ~0.5.21
948 silly placeDep ROOT stacktrace-parser@0.1.11 OK for: @expo/cli@0.24.10 want: ^0.1.10
949 silly placeDep ROOT structured-headers@0.4.1 OK for: @expo/cli@0.24.10 want: ^0.4.1
950 silly placeDep ROOT tar@7.4.3 OK for: @expo/cli@0.24.10 want: ^7.4.3
951 silly placeDep ROOT terminal-link@2.1.1 OK for: @expo/cli@0.24.10 want: ^2.1.1
952 silly placeDep ROOT undici@6.21.2 OK for: @expo/cli@0.24.10 want: ^6.18.2
953 silly placeDep ROOT wrap-ansi@7.0.0 OK for: @expo/cli@0.24.10 want: ^7.0.0
954 silly placeDep ROOT ws@8.18.2 OK for: @expo/cli@0.24.10 want: ^8.12.1
955 silly fetch manifest node-forge@^1.2.1
956 silly packumentCache full:https://registry.npmjs.org/node-forge cache-miss
957 silly fetch manifest @expo/sudo-prompt@^9.3.1
958 silly packumentCache full:https://registry.npmjs.org/@expo%2fsudo-prompt cache-miss
959 silly fetch manifest debug@^3.1.0
960 silly packumentCache full:https://registry.npmjs.org/debug cache-hit
961 silly fetch manifest temp-dir@~2.0.0
962 silly packumentCache full:https://registry.npmjs.org/temp-dir cache-miss
963 silly fetch manifest parse-png@^2.1.0
964 silly packumentCache full:https://registry.npmjs.org/parse-png cache-miss
965 silly fetch manifest jimp-compact@0.16.1
966 silly packumentCache full:https://registry.npmjs.org/jimp-compact cache-miss
967 silly fetch manifest unique-string@~2.0.0
968 silly packumentCache full:https://registry.npmjs.org/unique-string cache-miss
969 silly fetch manifest json5@^2.2.3
970 silly packumentCache full:https://registry.npmjs.org/json5 cache-miss
971 http cache https://registry.npmjs.org/node-forge 20ms (cache hit)
972 silly packumentCache full:https://registry.npmjs.org/node-forge set size:383632 disposed:false
973 silly fetch manifest exec-async@^2.2.0
974 silly packumentCache full:https://registry.npmjs.org/exec-async cache-miss
975 http fetch GET 200 https://registry.npmjs.org/temp-dir 54ms (cache updated)
976 silly packumentCache full:https://registry.npmjs.org/temp-dir set size:undefined disposed:false
977 silly fetch manifest base64-js@^1.2.3
978 silly packumentCache full:https://registry.npmjs.org/base64-js cache-miss
979 http fetch GET 200 https://registry.npmjs.org/json5 57ms (cache updated)
980 silly packumentCache full:https://registry.npmjs.org/json5 set size:undefined disposed:false
981 silly fetch manifest xmlbuilder@^15.1.1
982 silly packumentCache full:https://registry.npmjs.org/xmlbuilder cache-miss
983 http fetch GET 200 https://registry.npmjs.org/@expo%2fsudo-prompt 70ms (cache updated)
984 silly packumentCache full:https://registry.npmjs.org/@expo%2fsudo-prompt set size:undefined disposed:false
985 silly fetch manifest @xmldom/xmldom@^0.8.8
986 silly packumentCache full:https://registry.npmjs.org/@xmldom%2fxmldom cache-miss
987 http cache https://registry.npmjs.org/base64-js 12ms (cache hit)
988 silly packumentCache full:https://registry.npmjs.org/base64-js set size:41270 disposed:false
989 silly fetch manifest debug@^4.3.1
990 silly packumentCache full:https://registry.npmjs.org/debug cache-hit
991 silly fetch manifest @react-native/normalize-colors@0.79.2
992 silly packumentCache full:https://registry.npmjs.org/@react-native%2fnormalize-colors cache-miss
993 http fetch GET 200 https://registry.npmjs.org/exec-async 56ms (cache updated)
994 silly packumentCache full:https://registry.npmjs.org/exec-async set size:undefined disposed:false
995 silly fetch manifest cross-spawn@^7.0.3
996 silly packumentCache full:https://registry.npmjs.org/cross-spawn cache-miss
997 http cache https://registry.npmjs.org/@react-native%2fnormalize-colors 17ms (cache hit)
998 silly packumentCache full:https://registry.npmjs.org/@react-native%2fnormalize-colors set size:1156383 disposed:false
999 silly fetch manifest js-yaml@^4.1.0
1000 silly packumentCache full:https://registry.npmjs.org/js-yaml cache-miss
1001 http fetch GET 200 https://registry.npmjs.org/jimp-compact 112ms (cache updated)
1002 silly packumentCache full:https://registry.npmjs.org/jimp-compact set size:undefined disposed:false
1003 silly fetch manifest @babel/code-frame@7.10.4
1004 silly packumentCache full:https://registry.npmjs.org/@babel%2fcode-frame cache-miss
1005 http fetch GET 200 https://registry.npmjs.org/parse-png 114ms (cache updated)
1006 silly packumentCache full:https://registry.npmjs.org/parse-png set size:undefined disposed:false
1007 silly fetch manifest ws@^6.2.3
1008 silly packumentCache full:https://registry.npmjs.org/ws cache-hit
1009 silly fetch manifest open@^7.0.3
1010 silly packumentCache full:https://registry.npmjs.org/open cache-miss
1011 http cache https://registry.npmjs.org/@babel%2fcode-frame 7ms (cache hit)
1012 silly packumentCache full:https://registry.npmjs.org/@babel%2fcode-frame set size:176459 disposed:false
1013 silly fetch manifest debug@^2.2.0
1014 silly packumentCache full:https://registry.npmjs.org/debug cache-hit
1015 silly fetch manifest connect@^3.6.5
1016 silly packumentCache full:https://registry.npmjs.org/connect cache-miss
1017 http cache https://registry.npmjs.org/connect 10ms (cache hit)
1018 silly packumentCache full:https://registry.npmjs.org/connect set size:438385 disposed:false
1019 silly fetch manifest serve-static@^1.16.2
1020 silly packumentCache full:https://registry.npmjs.org/serve-static cache-miss
1021 http fetch GET 200 https://registry.npmjs.org/@xmldom%2fxmldom 80ms (cache updated)
1022 silly packumentCache full:https://registry.npmjs.org/@xmldom%2fxmldom set size:undefined disposed:false
1023 silly fetch manifest chrome-launcher@^0.15.2
1024 silly packumentCache full:https://registry.npmjs.org/chrome-launcher cache-miss
1025 http fetch GET 200 https://registry.npmjs.org/cross-spawn 72ms (cache updated)
1026 silly packumentCache full:https://registry.npmjs.org/cross-spawn set size:undefined disposed:false
1027 silly fetch manifest @isaacs/ttlcache@^1.4.1
1028 silly packumentCache full:https://registry.npmjs.org/@isaacs%2fttlcache cache-miss
1029 http fetch GET 200 https://registry.npmjs.org/js-yaml 67ms (cache updated)
1030 silly packumentCache full:https://registry.npmjs.org/js-yaml set size:undefined disposed:false
1031 silly fetch manifest chromium-edge-launcher@^0.2.0
1032 silly packumentCache full:https://registry.npmjs.org/chromium-edge-launcher cache-miss
1033 http fetch GET 200 https://registry.npmjs.org/xmlbuilder 121ms (cache updated)
1034 silly packumentCache full:https://registry.npmjs.org/xmlbuilder set size:undefined disposed:false
1035 silly fetch manifest @react-native/debugger-frontend@0.79.2
1036 silly packumentCache full:https://registry.npmjs.org/@react-native%2fdebugger-frontend cache-miss
1037 http fetch GET 200 https://registry.npmjs.org/open 87ms (cache updated)
1038 silly packumentCache full:https://registry.npmjs.org/open set size:undefined disposed:false
1039 silly fetch manifest wonka@^6.3.2
1040 silly packumentCache full:https://registry.npmjs.org/wonka cache-miss
1041 http fetch GET 200 https://registry.npmjs.org/serve-static 69ms (cache updated)
1042 silly packumentCache full:https://registry.npmjs.org/serve-static set size:undefined disposed:false
1043 silly fetch manifest wonka@^6.3.2
1044 silly packumentCache full:https://registry.npmjs.org/wonka cache-miss
1045 http fetch GET 200 https://registry.npmjs.org/chromium-edge-launcher 66ms (cache updated)
1046 silly packumentCache full:https://registry.npmjs.org/chromium-edge-launcher set size:undefined disposed:false
1047 silly fetch manifest mime-types@~2.1.34
1048 silly packumentCache full:https://registry.npmjs.org/mime-types cache-miss
1049 http fetch GET 200 https://registry.npmjs.org/chrome-launcher 89ms (cache updated)
1050 silly packumentCache full:https://registry.npmjs.org/chrome-launcher set size:undefined disposed:false
1051 silly fetch manifest negotiator@0.6.3
1052 silly packumentCache full:https://registry.npmjs.org/negotiator cache-miss
1053 http fetch GET 200 https://registry.npmjs.org/@isaacs%2fttlcache 90ms (cache updated)
1054 silly packumentCache full:https://registry.npmjs.org/@isaacs%2fttlcache set size:undefined disposed:false
1055 silly fetch manifest open@^8.0.4
1056 silly packumentCache full:https://registry.npmjs.org/open cache-miss
1057 http cache https://registry.npmjs.org/open 8ms (cache hit)
1058 silly packumentCache full:https://registry.npmjs.org/open set size:131448 disposed:false
1059 silly fetch manifest stream-buffers@2.2.x
1060 silly packumentCache full:https://registry.npmjs.org/stream-buffers cache-miss
1061 http fetch GET 200 https://registry.npmjs.org/negotiator 71ms (cache updated)
1062 silly packumentCache full:https://registry.npmjs.org/negotiator set size:undefined disposed:false
1063 silly fetch manifest big-integer@1.6.x
1064 silly packumentCache full:https://registry.npmjs.org/big-integer cache-miss
1065 http fetch GET 200 https://registry.npmjs.org/stream-buffers 62ms (cache updated)
1066 silly packumentCache full:https://registry.npmjs.org/stream-buffers set size:undefined disposed:false
1067 silly fetch manifest ansi-styles@^4.1.0
1068 silly packumentCache full:https://registry.npmjs.org/ansi-styles cache-miss
1069 http fetch GET 200 https://registry.npmjs.org/wonka 121ms (cache updated)
1070 silly packumentCache full:https://registry.npmjs.org/wonka set size:undefined disposed:false
1071 silly fetch manifest supports-color@^7.1.0
1072 silly packumentCache full:https://registry.npmjs.org/supports-color cache-miss
1073 http fetch GET 200 https://registry.npmjs.org/mime-types 107ms (cache updated)
1074 silly packumentCache full:https://registry.npmjs.org/mime-types set size:undefined disposed:false
1075 silly fetch manifest bytes@3.1.2
1076 silly packumentCache full:https://registry.npmjs.org/bytes cache-miss
1077 http fetch GET 200 https://registry.npmjs.org/wonka 149ms (cache updated)
1078 silly packumentCache full:https://registry.npmjs.org/wonka set size:undefined disposed:false
1079 silly fetch manifest compressible@~2.0.18
1080 silly packumentCache full:https://registry.npmjs.org/compressible cache-miss
1081 http fetch GET 200 https://registry.npmjs.org/bytes 48ms (cache updated)
1082 silly packumentCache full:https://registry.npmjs.org/bytes set size:undefined disposed:false
1083 silly fetch manifest debug@2.6.9
1084 silly packumentCache full:https://registry.npmjs.org/debug cache-hit
1085 silly fetch manifest negotiator@~0.6.4
1086 silly packumentCache full:https://registry.npmjs.org/negotiator cache-miss
1087 http fetch GET 200 https://registry.npmjs.org/big-integer 85ms (cache updated)
1088 silly packumentCache full:https://registry.npmjs.org/big-integer set size:undefined disposed:false
1089 silly fetch manifest on-headers@~1.0.2
1090 silly packumentCache full:https://registry.npmjs.org/on-headers cache-miss
1091 http fetch GET 200 https://registry.npmjs.org/ansi-styles 98ms (cache updated)
1092 silly packumentCache full:https://registry.npmjs.org/ansi-styles set size:undefined disposed:false
1093 silly fetch manifest safe-buffer@5.2.1
1094 silly packumentCache full:https://registry.npmjs.org/safe-buffer cache-miss
1095 http cache https://registry.npmjs.org/negotiator 23ms (cache hit)
1096 silly packumentCache full:https://registry.npmjs.org/negotiator set size:47986 disposed:false
1097 silly fetch manifest vary@~1.1.2
1098 silly packumentCache full:https://registry.npmjs.org/vary cache-miss
1099 http fetch GET 200 https://registry.npmjs.org/supports-color 92ms (cache updated)
1100 silly packumentCache full:https://registry.npmjs.org/supports-color set size:undefined disposed:false
1101 silly fetch manifest finalhandler@1.1.2
1102 silly packumentCache full:https://registry.npmjs.org/finalhandler cache-miss
1103 http fetch GET 200 https://registry.npmjs.org/compressible 80ms (cache updated)
1104 silly packumentCache full:https://registry.npmjs.org/compressible set size:undefined disposed:false
1105 silly fetch manifest parseurl@~1.3.3
1106 silly packumentCache full:https://registry.npmjs.org/parseurl cache-miss
1107 http fetch GET 200 https://registry.npmjs.org/on-headers 43ms (cache updated)
1108 silly packumentCache full:https://registry.npmjs.org/on-headers set size:undefined disposed:false
1109 silly fetch manifest utils-merge@1.0.1
1110 silly packumentCache full:https://registry.npmjs.org/utils-merge cache-miss
1111 http fetch GET 200 https://registry.npmjs.org/unique-string 451ms (cache updated)
1112 silly packumentCache full:https://registry.npmjs.org/unique-string set size:undefined disposed:false
1113 silly fetch manifest ms@^2.1.3
1114 silly packumentCache full:https://registry.npmjs.org/ms cache-miss
1115 http fetch GET 200 https://registry.npmjs.org/safe-buffer 47ms (cache updated)
1116 silly packumentCache full:https://registry.npmjs.org/safe-buffer set size:undefined disposed:false
1117 silly fetch manifest minipass@^7.1.2
1118 silly packumentCache full:https://registry.npmjs.org/minipass cache-miss
1119 http fetch GET 200 https://registry.npmjs.org/parseurl 67ms (cache updated)
1120 silly packumentCache full:https://registry.npmjs.org/parseurl set size:undefined disposed:false
1121 silly fetch manifest jackspeak@^3.1.2
1122 silly packumentCache full:https://registry.npmjs.org/jackspeak cache-miss
1123 http fetch GET 200 https://registry.npmjs.org/utils-merge 61ms (cache updated)
1124 silly packumentCache full:https://registry.npmjs.org/utils-merge set size:undefined disposed:false
1125 silly fetch manifest minimatch@^9.0.4
1126 silly packumentCache full:https://registry.npmjs.org/minimatch cache-miss
1127 http fetch GET 200 https://registry.npmjs.org/vary 88ms (cache updated)
1128 silly packumentCache full:https://registry.npmjs.org/vary set size:undefined disposed:false
1129 silly fetch manifest path-scurry@^1.11.1
1130 silly packumentCache full:https://registry.npmjs.org/path-scurry cache-miss
1131 http fetch GET 200 https://registry.npmjs.org/finalhandler 77ms (cache updated)
1132 silly packumentCache full:https://registry.npmjs.org/finalhandler set size:undefined disposed:false
1133 silly fetch manifest foreground-child@^3.1.0
1134 silly packumentCache full:https://registry.npmjs.org/foreground-child cache-miss
1135 http cache https://registry.npmjs.org/minimatch 17ms (cache hit)
1136 silly packumentCache full:https://registry.npmjs.org/minimatch set size:398328 disposed:false
1137 silly fetch manifest package-json-from-dist@^1.0.0
1138 silly packumentCache full:https://registry.npmjs.org/package-json-from-dist cache-miss
1139 http fetch GET 200 https://registry.npmjs.org/ms 85ms (cache updated)
1140 silly packumentCache full:https://registry.npmjs.org/ms set size:undefined disposed:false
1141 silly fetch manifest brace-expansion@^2.0.1
1142 silly packumentCache full:https://registry.npmjs.org/brace-expansion cache-miss
1143 http fetch GET 200 https://registry.npmjs.org/minipass 138ms (cache updated)
1144 silly packumentCache full:https://registry.npmjs.org/minipass set size:undefined disposed:false
1145 silly fetch manifest semver@^7.3.5
1146 silly packumentCache full:https://registry.npmjs.org/semver cache-hit
1147 silly fetch manifest proc-log@^4.0.0
1148 silly packumentCache full:https://registry.npmjs.org/proc-log cache-miss
1149 http fetch GET 200 https://registry.npmjs.org/path-scurry 107ms (cache updated)
1150 silly packumentCache full:https://registry.npmjs.org/path-scurry set size:undefined disposed:false
1151 silly fetch manifest hosted-git-info@^7.0.0
1152 silly packumentCache full:https://registry.npmjs.org/hosted-git-info cache-miss
1153 http fetch GET 200 https://registry.npmjs.org/brace-expansion 89ms (cache updated)
1154 silly packumentCache full:https://registry.npmjs.org/brace-expansion set size:undefined disposed:false
1155 silly fetch manifest validate-npm-package-name@^5.0.0
1156 silly packumentCache full:https://registry.npmjs.org/validate-npm-package-name cache-miss
1157 http fetch GET 200 https://registry.npmjs.org/@react-native%2fdebugger-frontend 449ms (cache updated)
1158 silly packumentCache full:https://registry.npmjs.org/@react-native%2fdebugger-frontend set size:undefined disposed:false
1159 silly fetch manifest chalk@^2.4.2
1160 silly packumentCache full:https://registry.npmjs.org/chalk cache-hit
1161 silly fetch manifest wcwidth@^1.0.1
1162 silly packumentCache full:https://registry.npmjs.org/wcwidth cache-miss
1163 http fetch GET 200 https://registry.npmjs.org/proc-log 51ms (cache updated)
1164 silly packumentCache full:https://registry.npmjs.org/proc-log set size:undefined disposed:false
1165 silly fetch manifest cli-cursor@^2.1.0
1166 silly packumentCache full:https://registry.npmjs.org/cli-cursor cache-miss
1167 http fetch GET 200 https://registry.npmjs.org/hosted-git-info 64ms (cache updated)
1168 silly packumentCache full:https://registry.npmjs.org/hosted-git-info set size:undefined disposed:false
1169 silly fetch manifest strip-ansi@^5.2.0
1170 silly packumentCache full:https://registry.npmjs.org/strip-ansi cache-miss
1171 http fetch GET 200 https://registry.npmjs.org/validate-npm-package-name 68ms (cache updated)
1172 silly packumentCache full:https://registry.npmjs.org/validate-npm-package-name set size:undefined disposed:false
1173 silly fetch manifest log-symbols@^2.2.0
1174 silly packumentCache full:https://registry.npmjs.org/log-symbols cache-miss
1175 http fetch GET 200 https://registry.npmjs.org/wcwidth 54ms (cache updated)
1176 silly packumentCache full:https://registry.npmjs.org/wcwidth set size:undefined disposed:false
1177 silly fetch manifest cli-spinners@^2.0.0
1178 silly packumentCache full:https://registry.npmjs.org/cli-spinners cache-miss
1179 http fetch GET 200 https://registry.npmjs.org/cli-cursor 54ms (cache updated)
1180 silly packumentCache full:https://registry.npmjs.org/cli-cursor set size:undefined disposed:false
1181 silly fetch manifest react-is@^18.0.0
1182 silly packumentCache full:https://registry.npmjs.org/react-is cache-miss
1183 http fetch GET 200 https://registry.npmjs.org/strip-ansi 45ms (cache updated)
1184 silly packumentCache full:https://registry.npmjs.org/strip-ansi set size:undefined disposed:false
1185 silly fetch manifest ansi-styles@^5.0.0
1186 silly packumentCache full:https://registry.npmjs.org/ansi-styles cache-miss
1187 http cache https://registry.npmjs.org/react-is 31ms (cache hit)
1188 silly packumentCache full:https://registry.npmjs.org/react-is set size:4605817 disposed:false
1189 silly fetch manifest @jest/schemas@^29.6.3
1190 silly packumentCache full:https://registry.npmjs.org/@jest%2fschemas cache-miss
1191 http cache https://registry.npmjs.org/ansi-styles 83ms (cache hit)
1192 silly packumentCache full:https://registry.npmjs.org/ansi-styles set size:66356 disposed:false
1193 silly fetch manifest kleur@^3.0.3
1194 silly packumentCache full:https://registry.npmjs.org/kleur cache-miss
1195 http fetch GET 200 https://registry.npmjs.org/log-symbols 123ms (cache updated)
1196 silly packumentCache full:https://registry.npmjs.org/log-symbols set size:undefined disposed:false
1197 silly fetch manifest sisteransi@^1.0.5
1198 silly packumentCache full:https://registry.npmjs.org/sisteransi cache-miss
1199 http fetch GET 200 https://registry.npmjs.org/cli-spinners 123ms (cache updated)
1200 silly packumentCache full:https://registry.npmjs.org/cli-spinners set size:undefined disposed:false
1201 silly fetch manifest nested-error-stacks@~2.0.1
1202 silly packumentCache full:https://registry.npmjs.org/nested-error-stacks cache-miss
1203 http fetch GET 200 https://registry.npmjs.org/sisteransi 46ms (cache updated)
1204 silly packumentCache full:https://registry.npmjs.org/sisteransi set size:undefined disposed:false
1205 silly fetch manifest rc@~1.2.7
1206 silly packumentCache full:https://registry.npmjs.org/rc cache-miss
1207 http fetch GET 200 https://registry.npmjs.org/nested-error-stacks 44ms (cache updated)
1208 silly packumentCache full:https://registry.npmjs.org/nested-error-stacks set size:undefined disposed:false
1209 silly fetch manifest resolve@~1.7.1
1210 silly packumentCache full:https://registry.npmjs.org/resolve cache-miss
1211 http cache https://registry.npmjs.org/resolve 7ms (cache hit)
1212 silly packumentCache full:https://registry.npmjs.org/resolve set size:243806 disposed:false
1213 silly fetch manifest is-core-module@^2.16.0
1214 silly packumentCache full:https://registry.npmjs.org/is-core-module cache-miss
1215 http fetch GET 200 https://registry.npmjs.org/kleur 72ms (cache updated)
1216 silly packumentCache full:https://registry.npmjs.org/kleur set size:undefined disposed:false
1217 silly fetch manifest path-parse@^1.0.7
1218 silly packumentCache full:https://registry.npmjs.org/path-parse cache-miss
1219 http fetch GET 200 https://registry.npmjs.org/rc 48ms (cache updated)
1220 silly packumentCache full:https://registry.npmjs.org/rc set size:undefined disposed:false
1221 silly fetch manifest supports-preserve-symlinks-flag@^1.0.0
1222 silly packumentCache full:https://registry.npmjs.org/supports-preserve-symlinks-flag cache-miss
1223 http fetch GET 200 https://registry.npmjs.org/is-core-module 47ms (cache updated)
1224 silly packumentCache full:https://registry.npmjs.org/is-core-module set size:undefined disposed:false
1225 silly fetch manifest ms@2.1.3
1226 silly packumentCache full:https://registry.npmjs.org/ms cache-miss
1227 http fetch GET 200 https://registry.npmjs.org/path-parse 39ms (cache updated)
1228 silly packumentCache full:https://registry.npmjs.org/path-parse set size:undefined disposed:false
1229 silly fetch manifest depd@2.0.0
1230 silly packumentCache full:https://registry.npmjs.org/depd cache-miss
1231 http cache https://registry.npmjs.org/ms 5ms (cache hit)
1232 silly packumentCache full:https://registry.npmjs.org/ms set size:84883 disposed:false
1233 silly fetch manifest etag@~1.8.1
1234 silly packumentCache full:https://registry.npmjs.org/etag cache-miss
1235 http fetch GET 200 https://registry.npmjs.org/supports-preserve-symlinks-flag 41ms (cache updated)
1236 silly packumentCache full:https://registry.npmjs.org/supports-preserve-symlinks-flag set size:undefined disposed:false
1237 silly fetch manifest mime@1.6.0
1238 silly packumentCache full:https://registry.npmjs.org/mime cache-miss
1239 http fetch GET 200 https://registry.npmjs.org/etag 38ms (cache updated)
1240 silly packumentCache full:https://registry.npmjs.org/etag set size:undefined disposed:false
1241 silly fetch manifest fresh@0.5.2
1242 silly packumentCache full:https://registry.npmjs.org/fresh cache-miss
1243 http fetch GET 200 https://registry.npmjs.org/depd 64ms (cache updated)
1244 silly packumentCache full:https://registry.npmjs.org/depd set size:undefined disposed:false
1245 silly fetch manifest destroy@1.2.0
1246 silly packumentCache full:https://registry.npmjs.org/destroy cache-miss
1247 http fetch GET 200 https://registry.npmjs.org/mime 47ms (cache updated)
1248 silly packumentCache full:https://registry.npmjs.org/mime set size:undefined disposed:false
1249 silly fetch manifest statuses@2.0.1
1250 silly packumentCache full:https://registry.npmjs.org/statuses cache-miss
1251 http fetch GET 200 https://registry.npmjs.org/fresh 47ms (cache updated)
1252 silly packumentCache full:https://registry.npmjs.org/fresh set size:undefined disposed:false
1253 silly fetch manifest encodeurl@~2.0.0
1254 silly packumentCache full:https://registry.npmjs.org/encodeurl cache-miss
1255 http fetch GET 200 https://registry.npmjs.org/destroy 48ms (cache updated)
1256 silly packumentCache full:https://registry.npmjs.org/destroy set size:undefined disposed:false
1257 silly fetch manifest escape-html@~1.0.3
1258 silly packumentCache full:https://registry.npmjs.org/escape-html cache-miss
1259 http fetch GET 200 https://registry.npmjs.org/package-json-from-dist 529ms (cache updated)
1260 silly packumentCache full:https://registry.npmjs.org/package-json-from-dist set size:undefined disposed:false
1261 silly fetch manifest http-errors@2.0.0
1262 silly packumentCache full:https://registry.npmjs.org/http-errors cache-miss
1263 http fetch GET 200 https://registry.npmjs.org/encodeurl 46ms (cache updated)
1264 silly packumentCache full:https://registry.npmjs.org/encodeurl set size:undefined disposed:false
1265 silly fetch manifest on-finished@2.4.1
1266 silly packumentCache full:https://registry.npmjs.org/on-finished cache-miss
1267 http fetch GET 200 https://registry.npmjs.org/statuses 72ms (cache updated)
1268 silly packumentCache full:https://registry.npmjs.org/statuses set size:undefined disposed:false
1269 silly fetch manifest range-parser@~1.2.1
1270 silly packumentCache full:https://registry.npmjs.org/range-parser cache-miss
1271 http fetch GET 200 https://registry.npmjs.org/escape-html 43ms (cache updated)
1272 silly packumentCache full:https://registry.npmjs.org/escape-html set size:undefined disposed:false
1273 silly fetch manifest buffer-from@^1.0.0
1274 silly packumentCache full:https://registry.npmjs.org/buffer-from cache-miss
1275 http fetch GET 200 https://registry.npmjs.org/on-finished 42ms (cache updated)
1276 silly packumentCache full:https://registry.npmjs.org/on-finished set size:undefined disposed:false
1277 silly fetch manifest source-map@^0.6.0
1278 silly packumentCache full:https://registry.npmjs.org/source-map cache-miss
1279 http fetch GET 200 https://registry.npmjs.org/range-parser 53ms (cache updated)
1280 silly packumentCache full:https://registry.npmjs.org/range-parser set size:undefined disposed:false
1281 silly fetch manifest type-fest@^0.7.1
1282 silly packumentCache full:https://registry.npmjs.org/type-fest cache-miss
1283 http fetch GET 200 https://registry.npmjs.org/http-errors 83ms (cache updated)
1284 silly packumentCache full:https://registry.npmjs.org/http-errors set size:undefined disposed:false
1285 silly fetch manifest @isaacs/fs-minipass@^4.0.0
1286 silly packumentCache full:https://registry.npmjs.org/@isaacs%2ffs-minipass cache-miss
1287 http fetch GET 200 https://registry.npmjs.org/buffer-from 57ms (cache updated)
1288 silly packumentCache full:https://registry.npmjs.org/buffer-from set size:undefined disposed:false
1289 silly fetch manifest chownr@^3.0.0
1290 silly packumentCache full:https://registry.npmjs.org/chownr cache-miss
1291 http fetch GET 200 https://registry.npmjs.org/jackspeak 654ms (cache updated)
1292 silly packumentCache full:https://registry.npmjs.org/jackspeak set size:undefined disposed:false
1293 silly fetch manifest minizlib@^3.0.1
1294 silly packumentCache full:https://registry.npmjs.org/minizlib cache-miss
1295 http fetch GET 200 https://registry.npmjs.org/foreground-child 662ms (cache updated)
1296 silly packumentCache full:https://registry.npmjs.org/foreground-child set size:undefined disposed:false
1297 silly fetch manifest mkdirp@^3.0.1
1298 silly packumentCache full:https://registry.npmjs.org/mkdirp cache-miss
1299 http cache https://registry.npmjs.org/mkdirp 12ms (cache hit)
1300 silly packumentCache full:https://registry.npmjs.org/mkdirp set size:116455 disposed:false
1301 silly fetch manifest yallist@^5.0.0
1302 silly packumentCache full:https://registry.npmjs.org/yallist cache-miss
1303 http fetch GET 200 https://registry.npmjs.org/source-map 76ms (cache updated)
1304 silly packumentCache full:https://registry.npmjs.org/source-map set size:undefined disposed:false
1305 silly fetch manifest ansi-escapes@^4.2.1
1306 silly packumentCache full:https://registry.npmjs.org/ansi-escapes cache-miss
1307 http fetch GET 200 https://registry.npmjs.org/@isaacs%2ffs-minipass 66ms (cache updated)
1308 silly packumentCache full:https://registry.npmjs.org/@isaacs%2ffs-minipass set size:undefined disposed:false
1309 silly fetch manifest supports-hyperlinks@^2.0.0
1310 silly packumentCache full:https://registry.npmjs.org/supports-hyperlinks cache-miss
1311 http fetch GET 200 https://registry.npmjs.org/chownr 70ms (cache updated)
1312 silly packumentCache full:https://registry.npmjs.org/chownr set size:undefined disposed:false
1313 silly fetch manifest ansi-styles@^4.0.0
1314 silly packumentCache full:https://registry.npmjs.org/ansi-styles cache-hit
1315 silly fetch manifest string-width@^4.1.0
1316 silly packumentCache full:https://registry.npmjs.org/string-width cache-miss
1317 http fetch GET 200 https://registry.npmjs.org/minizlib 76ms (cache updated)
1318 silly packumentCache full:https://registry.npmjs.org/minizlib set size:undefined disposed:false
1319 silly fetch manifest strip-ansi@^6.0.0
1320 silly packumentCache full:https://registry.npmjs.org/strip-ansi cache-miss
1321 http cache https://registry.npmjs.org/strip-ansi 5ms (cache hit)
1322 silly packumentCache full:https://registry.npmjs.org/strip-ansi set size:43180 disposed:false
1323 http fetch GET 200 https://registry.npmjs.org/yallist 99ms (cache updated)
1324 silly packumentCache full:https://registry.npmjs.org/yallist set size:undefined disposed:false
1325 http fetch GET 200 https://registry.npmjs.org/type-fest 150ms (cache updated)
1326 silly packumentCache full:https://registry.npmjs.org/type-fest set size:undefined disposed:false
1327 http fetch GET 200 https://registry.npmjs.org/supports-hyperlinks 90ms (cache updated)
1328 silly packumentCache full:https://registry.npmjs.org/supports-hyperlinks set size:undefined disposed:false
1329 http fetch GET 200 https://registry.npmjs.org/ansi-escapes 108ms (cache updated)
1330 silly packumentCache full:https://registry.npmjs.org/ansi-escapes set size:undefined disposed:false
1331 http fetch GET 200 https://registry.npmjs.org/string-width 89ms (cache updated)
1332 silly packumentCache full:https://registry.npmjs.org/string-width set size:undefined disposed:false
1333 http fetch GET 200 https://registry.npmjs.org/@jest%2fschemas 510ms (cache updated)
1334 silly packumentCache full:https://registry.npmjs.org/@jest%2fschemas set size:undefined disposed:false
1335 silly placeDep ROOT nullthrows@1.1.1 OK for: @expo/code-signing-certificates@0.0.5 want: ^1.1.1
1336 silly placeDep ROOT @babel/code-frame@7.10.4 OK for: @expo/config@11.0.7 want: ~7.10.4
1337 silly placeDep ROOT @expo/config-types@53.0.3 OK for: @expo/config@11.0.7 want: ^53.0.3
1338 silly placeDep ROOT deepmerge@4.3.1 OK for: @expo/config@11.0.7 want: ^4.3.1
1339 silly placeDep ROOT resolve-workspace-root@2.0.0 OK for: @expo/config@11.0.7 want: ^2.0.0
1340 silly placeDep ROOT sucrase@3.35.0 OK for: @expo/config@11.0.7 want: 3.35.0
1341 silly fetch manifest @babel/highlight@^7.10.4
1342 silly packumentCache full:https://registry.npmjs.org/@babel%2fhighlight cache-miss
1343 silly fetch manifest @jridgewell/gen-mapping@^0.3.2
1344 silly packumentCache full:https://registry.npmjs.org/@jridgewell%2fgen-mapping cache-miss
1345 silly fetch manifest commander@^4.0.0
1346 silly packumentCache full:https://registry.npmjs.org/commander cache-miss
1347 silly fetch manifest lines-and-columns@^1.1.6
1348 silly packumentCache full:https://registry.npmjs.org/lines-and-columns cache-miss
1349 silly fetch manifest mz@^2.7.0
1350 silly packumentCache full:https://registry.npmjs.org/mz cache-miss
1351 silly fetch manifest pirates@^4.0.1
1352 silly packumentCache full:https://registry.npmjs.org/pirates cache-miss
1353 silly fetch manifest ts-interface-checker@^0.1.9
1354 silly packumentCache full:https://registry.npmjs.org/ts-interface-checker cache-miss
1355 http cache https://registry.npmjs.org/commander 22ms (cache hit)
1356 silly packumentCache full:https://registry.npmjs.org/commander set size:336656 disposed:false
1357 http fetch GET 200 https://registry.npmjs.org/lines-and-columns 68ms (cache updated)
1358 silly packumentCache full:https://registry.npmjs.org/lines-and-columns set size:undefined disposed:false
1359 http fetch GET 200 https://registry.npmjs.org/ts-interface-checker 85ms (cache updated)
1360 silly packumentCache full:https://registry.npmjs.org/ts-interface-checker set size:undefined disposed:false
1361 http fetch GET 200 https://registry.npmjs.org/mz 98ms (cache updated)
1362 silly packumentCache full:https://registry.npmjs.org/mz set size:undefined disposed:false
1363 http fetch GET 200 https://registry.npmjs.org/@jridgewell%2fgen-mapping 111ms (cache updated)
1364 silly packumentCache full:https://registry.npmjs.org/@jridgewell%2fgen-mapping set size:undefined disposed:false
1365 http fetch GET 200 https://registry.npmjs.org/pirates 112ms (cache updated)
1366 silly packumentCache full:https://registry.npmjs.org/pirates set size:undefined disposed:false
1367 http fetch GET 200 https://registry.npmjs.org/@babel%2fhighlight 119ms (cache updated)
1368 silly packumentCache full:https://registry.npmjs.org/@babel%2fhighlight set size:undefined disposed:false
1369 silly placeDep ROOT @babel/highlight@7.25.9 OK for: @babel/code-frame@7.10.4 want: ^7.10.4
1370 silly fetch manifest @babel/helper-validator-identifier@^7.25.9
1371 silly packumentCache full:https://registry.npmjs.org/@babel%2fhelper-validator-identifier cache-miss
1372 silly fetch manifest js-tokens@^4.0.0
1373 silly packumentCache full:https://registry.npmjs.org/js-tokens cache-miss
1374 silly fetch manifest picocolors@^1.0.0
1375 silly packumentCache full:https://registry.npmjs.org/picocolors cache-miss
1376 http fetch GET 200 https://registry.npmjs.org/picocolors 48ms (cache updated)
1377 silly packumentCache full:https://registry.npmjs.org/picocolors set size:undefined disposed:false
1378 http fetch GET 200 https://registry.npmjs.org/js-tokens 49ms (cache updated)
1379 silly packumentCache full:https://registry.npmjs.org/js-tokens set size:undefined disposed:false
1380 http fetch GET 200 https://registry.npmjs.org/@babel%2fhelper-validator-identifier 63ms (cache updated)
1381 silly packumentCache full:https://registry.npmjs.org/@babel%2fhelper-validator-identifier set size:undefined disposed:false
1382 silly placeDep ROOT @babel/helper-validator-identifier@7.27.1 OK for: @babel/highlight@7.25.9 want: ^7.25.9
1383 silly placeDep node_modules/@babel/highlight chalk@2.4.2 OK for: @babel/highlight@7.25.9 want: ^2.4.2
1384 silly placeDep ROOT js-tokens@4.0.0 OK for: @babel/highlight@7.25.9 want: ^4.0.0
1385 silly placeDep ROOT picocolors@1.1.1 OK for: @babel/highlight@7.25.9 want: ^1.0.0
1386 silly fetch manifest ansi-styles@^3.2.1
1387 silly packumentCache full:https://registry.npmjs.org/ansi-styles cache-hit
1388 silly fetch manifest supports-color@^5.3.0
1389 silly packumentCache full:https://registry.npmjs.org/supports-color cache-miss
1390 silly fetch manifest escape-string-regexp@^1.0.5
1391 silly packumentCache full:https://registry.npmjs.org/escape-string-regexp cache-miss
1392 http cache https://registry.npmjs.org/escape-string-regexp 8ms (cache hit)
1393 silly packumentCache full:https://registry.npmjs.org/escape-string-regexp set size:22244 disposed:false
1394 http cache https://registry.npmjs.org/supports-color 10ms (cache hit)
1395 silly packumentCache full:https://registry.npmjs.org/supports-color set size:115466 disposed:false
1396 silly placeDep ROOT @expo/sdk-runtime-versions@1.0.0 OK for: @expo/config-plugins@10.0.2 want: ^1.0.0
1397 silly placeDep ROOT slash@3.0.0 OK for: @expo/config-plugins@10.0.2 want: ^3.0.0
1398 silly placeDep ROOT xcode@3.0.1 OK for: @expo/config-plugins@10.0.2 want: ^3.0.1
1399 silly placeDep ROOT xml2js@0.6.0 OK for: @expo/config-plugins@10.0.2 want: 0.6.0
1400 silly fetch manifest uuid@^7.0.3
1401 silly packumentCache full:https://registry.npmjs.org/uuid cache-miss
1402 silly fetch manifest simple-plist@^1.1.0
1403 silly packumentCache full:https://registry.npmjs.org/simple-plist cache-miss
1404 silly fetch manifest sax@>=0.6.0
1405 silly packumentCache full:https://registry.npmjs.org/sax cache-miss
1406 silly fetch manifest xmlbuilder@~11.0.0
1407 silly packumentCache full:https://registry.npmjs.org/xmlbuilder cache-miss
1408 http cache https://registry.npmjs.org/xmlbuilder 25ms (cache hit)
1409 silly packumentCache full:https://registry.npmjs.org/xmlbuilder set size:158707 disposed:false
1410 http fetch GET 200 https://registry.npmjs.org/simple-plist 79ms (cache updated)
1411 silly packumentCache full:https://registry.npmjs.org/simple-plist set size:undefined disposed:false
1412 http fetch GET 200 https://registry.npmjs.org/sax 91ms (cache updated)
1413 silly packumentCache full:https://registry.npmjs.org/sax set size:undefined disposed:false
1414 http fetch GET 200 https://registry.npmjs.org/uuid 98ms (cache updated)
1415 silly packumentCache full:https://registry.npmjs.org/uuid set size:undefined disposed:false
1416 silly placeDep ROOT @expo/sudo-prompt@9.3.2 OK for: @expo/devcert@1.2.0 want: ^9.3.1
1417 silly placeDep node_modules/@expo/devcert debug@3.2.7 OK for: @expo/devcert@1.2.0 want: ^3.1.0
1418 silly fetch manifest ms@^2.1.1
1419 silly packumentCache full:https://registry.npmjs.org/ms cache-hit
1420 silly placeDep ROOT dotenv@16.4.7 OK for: @expo/env@1.0.5 want: ~16.4.5
1421 silly placeDep ROOT dotenv-expand@11.0.7 OK for: @expo/env@1.0.5 want: ~11.0.6
1422 silly placeDep ROOT find-up@5.0.0 OK for: @expo/fingerprint@0.12.4 want: ^5.0.0
1423 silly placeDep ROOT p-limit@3.1.0 OK for: @expo/fingerprint@0.12.4 want: ^3.1.0
1424 silly fetch manifest locate-path@^6.0.0
1425 silly packumentCache full:https://registry.npmjs.org/locate-path cache-miss
1426 silly fetch manifest path-exists@^4.0.0
1427 silly packumentCache full:https://registry.npmjs.org/path-exists cache-miss
1428 silly fetch manifest yocto-queue@^0.1.0
1429 silly packumentCache full:https://registry.npmjs.org/yocto-queue cache-miss
1430 http fetch GET 200 https://registry.npmjs.org/yocto-queue 55ms (cache updated)
1431 silly packumentCache full:https://registry.npmjs.org/yocto-queue set size:undefined disposed:false
1432 http fetch GET 200 https://registry.npmjs.org/path-exists 58ms (cache updated)
1433 silly packumentCache full:https://registry.npmjs.org/path-exists set size:undefined disposed:false
1434 http fetch GET 200 https://registry.npmjs.org/locate-path 67ms (cache updated)
1435 silly packumentCache full:https://registry.npmjs.org/locate-path set size:undefined disposed:false
1436 silly placeDep ROOT jimp-compact@0.16.1 OK for: @expo/image-utils@0.7.4 want: 0.16.1
1437 silly placeDep ROOT parse-png@2.1.0 OK for: @expo/image-utils@0.7.4 want: ^2.1.0
1438 silly placeDep ROOT temp-dir@2.0.0 OK for: @expo/image-utils@0.7.4 want: ~2.0.0
1439 silly placeDep ROOT unique-string@2.0.0 OK for: @expo/image-utils@0.7.4 want: ~2.0.0
1440 silly fetch manifest pngjs@^3.3.0
1441 silly packumentCache full:https://registry.npmjs.org/pngjs cache-miss
1442 silly fetch manifest crypto-random-string@^2.0.0
1443 silly packumentCache full:https://registry.npmjs.org/crypto-random-string cache-miss
1444 http fetch GET 200 https://registry.npmjs.org/crypto-random-string 60ms (cache updated)
1445 silly packumentCache full:https://registry.npmjs.org/crypto-random-string set size:undefined disposed:false
1446 http fetch GET 200 https://registry.npmjs.org/pngjs 69ms (cache updated)
1447 silly packumentCache full:https://registry.npmjs.org/pngjs set size:undefined disposed:false
1448 silly placeDep ROOT json5@2.2.3 OK for: @expo/json-file@9.1.4 want: ^2.2.3
1449 silly placeDep ROOT @babel/core@7.27.1 OK for: @expo/metro-config@0.20.12 want: ^7.20.0
1450 silly placeDep ROOT @babel/generator@7.27.1 OK for: @expo/metro-config@0.20.12 want: ^7.20.5
1451 silly placeDep ROOT @babel/parser@7.27.1 OK for: @expo/metro-config@0.20.12 want: ^7.20.0
1452 silly placeDep ROOT @babel/types@7.27.1 OK for: @expo/metro-config@0.20.12 want: ^7.20.0
1453 silly placeDep ROOT jsc-safe-url@0.2.4 OK for: @expo/metro-config@0.20.12 want: ^0.2.4
1454 silly placeDep ROOT lightningcss@1.27.0 OK for: @expo/metro-config@0.20.12 want: ~1.27.0
1455 silly placeDep ROOT postcss@8.4.49 OK for: @expo/metro-config@0.20.12 want: ~8.4.32
1456 silly fetch manifest @ampproject/remapping@^2.2.0
1457 silly packumentCache full:https://registry.npmjs.org/@ampproject%2fremapping cache-miss
1458 silly fetch manifest @babel/code-frame@^7.27.1
1459 silly packumentCache full:https://registry.npmjs.org/@babel%2fcode-frame cache-hit
1460 silly fetch manifest @babel/generator@^7.27.1
1461 silly packumentCache full:https://registry.npmjs.org/@babel%2fgenerator cache-miss
1462 silly fetch manifest @babel/helper-compilation-targets@^7.27.1
1463 silly packumentCache full:https://registry.npmjs.org/@babel%2fhelper-compilation-targets cache-miss
1464 silly fetch manifest @babel/helper-module-transforms@^7.27.1
1465 silly packumentCache full:https://registry.npmjs.org/@babel%2fhelper-module-transforms cache-miss
1466 silly fetch manifest @babel/helpers@^7.27.1
1467 silly packumentCache full:https://registry.npmjs.org/@babel%2fhelpers cache-miss
1468 silly fetch manifest @babel/parser@^7.27.1
1469 silly packumentCache full:https://registry.npmjs.org/@babel%2fparser cache-miss
1470 silly fetch manifest @babel/template@^7.27.1
1471 silly packumentCache full:https://registry.npmjs.org/@babel%2ftemplate cache-miss
1472 http cache https://registry.npmjs.org/@babel%2fgenerator 23ms (cache hit)
1473 silly packumentCache full:https://registry.npmjs.org/@babel%2fgenerator set size:473788 disposed:false
1474 silly fetch manifest @babel/traverse@^7.27.1
1475 silly packumentCache full:https://registry.npmjs.org/@babel%2ftraverse cache-miss
1476 http cache https://registry.npmjs.org/@babel%2fparser 33ms (cache hit)
1477 silly packumentCache full:https://registry.npmjs.org/@babel%2fparser set size:674324 disposed:false
1478 silly fetch manifest @babel/types@^7.27.1
1479 silly packumentCache full:https://registry.npmjs.org/@babel%2ftypes cache-miss
1480 http cache https://registry.npmjs.org/@babel%2ftypes 9ms (cache hit)
1481 silly packumentCache full:https://registry.npmjs.org/@babel%2ftypes set size:452481 disposed:false
1482 silly fetch manifest convert-source-map@^2.0.0
1483 silly packumentCache full:https://registry.npmjs.org/convert-source-map cache-miss
1484 http fetch GET 200 https://registry.npmjs.org/@ampproject%2fremapping 85ms (cache updated)
1485 silly packumentCache full:https://registry.npmjs.org/@ampproject%2fremapping set size:undefined disposed:false
1486 silly fetch manifest gensync@^1.0.0-beta.2
1487 silly packumentCache full:https://registry.npmjs.org/gensync cache-miss
1488 http fetch GET 200 https://registry.npmjs.org/convert-source-map 113ms (cache updated)
1489 silly packumentCache full:https://registry.npmjs.org/convert-source-map set size:undefined disposed:false
1490 silly fetch manifest semver@^6.3.1
1491 silly packumentCache full:https://registry.npmjs.org/semver cache-hit
1492 silly fetch manifest @jridgewell/gen-mapping@^0.3.5
1493 silly packumentCache full:https://registry.npmjs.org/@jridgewell%2fgen-mapping cache-miss
1494 http cache https://registry.npmjs.org/@jridgewell%2fgen-mapping 11ms (cache hit)
1495 silly packumentCache full:https://registry.npmjs.org/@jridgewell%2fgen-mapping set size:65594 disposed:false
1496 silly fetch manifest @jridgewell/trace-mapping@^0.3.25
1497 silly packumentCache full:https://registry.npmjs.org/@jridgewell%2ftrace-mapping cache-miss
1498 http fetch GET 200 https://registry.npmjs.org/@babel%2fhelpers 201ms (cache updated)
1499 silly packumentCache full:https://registry.npmjs.org/@babel%2fhelpers set size:undefined disposed:false
1500 silly fetch manifest jsesc@^3.0.2
1501 silly packumentCache full:https://registry.npmjs.org/jsesc cache-miss
1502 http fetch GET 200 https://registry.npmjs.org/gensync 135ms (cache updated)
1503 silly packumentCache full:https://registry.npmjs.org/gensync set size:undefined disposed:false
1504 silly fetch manifest @babel/helper-string-parser@^7.27.1
1505 silly packumentCache full:https://registry.npmjs.org/@babel%2fhelper-string-parser cache-miss
1506 http fetch GET 200 https://registry.npmjs.org/@babel%2fhelper-compilation-targets 224ms (cache updated)
1507 silly packumentCache full:https://registry.npmjs.org/@babel%2fhelper-compilation-targets set size:undefined disposed:false
1508 silly fetch manifest detect-libc@^1.0.3
1509 silly packumentCache full:https://registry.npmjs.org/detect-libc cache-miss
1510 http fetch GET 200 https://registry.npmjs.org/@babel%2fhelper-module-transforms 277ms (cache updated)
1511 silly packumentCache full:https://registry.npmjs.org/@babel%2fhelper-module-transforms set size:undefined disposed:false
1512 silly fetch manifest lightningcss-darwin-x64@1.27.0
1513 silly packumentCache full:https://registry.npmjs.org/lightningcss-darwin-x64 cache-miss
1514 http fetch GET 200 https://registry.npmjs.org/@babel%2ftemplate 296ms (cache updated)
1515 silly packumentCache full:https://registry.npmjs.org/@babel%2ftemplate set size:undefined disposed:false
1516 silly fetch manifest lightningcss-freebsd-x64@1.27.0
1517 silly packumentCache full:https://registry.npmjs.org/lightningcss-freebsd-x64 cache-miss
1518 http fetch GET 200 https://registry.npmjs.org/jsesc 106ms (cache updated)
1519 silly packumentCache full:https://registry.npmjs.org/jsesc set size:undefined disposed:false
1520 silly fetch manifest lightningcss-darwin-arm64@1.27.0
1521 silly packumentCache full:https://registry.npmjs.org/lightningcss-darwin-arm64 cache-miss
1522 http fetch GET 200 https://registry.npmjs.org/@babel%2ftraverse 295ms (cache updated)
1523 silly packumentCache full:https://registry.npmjs.org/@babel%2ftraverse set size:undefined disposed:false
1524 silly fetch manifest lightningcss-linux-x64-gnu@1.27.0
1525 silly packumentCache full:https://registry.npmjs.org/lightningcss-linux-x64-gnu cache-miss
1526 http fetch GET 200 https://registry.npmjs.org/@jridgewell%2ftrace-mapping 161ms (cache updated)
1527 silly packumentCache full:https://registry.npmjs.org/@jridgewell%2ftrace-mapping set size:undefined disposed:false
1528 silly fetch manifest lightningcss-linux-x64-musl@1.27.0
1529 silly packumentCache full:https://registry.npmjs.org/lightningcss-linux-x64-musl cache-miss
1530 http fetch GET 200 https://registry.npmjs.org/detect-libc 137ms (cache updated)
1531 silly packumentCache full:https://registry.npmjs.org/detect-libc set size:undefined disposed:false
1532 silly fetch manifest lightningcss-win32-x64-msvc@1.27.0
1533 silly packumentCache full:https://registry.npmjs.org/lightningcss-win32-x64-msvc cache-miss
1534 http fetch GET 200 https://registry.npmjs.org/@babel%2fhelper-string-parser 147ms (cache updated)
1535 silly packumentCache full:https://registry.npmjs.org/@babel%2fhelper-string-parser set size:undefined disposed:false
1536 silly fetch manifest lightningcss-linux-arm64-gnu@1.27.0
1537 silly packumentCache full:https://registry.npmjs.org/lightningcss-linux-arm64-gnu cache-miss
1538 http fetch GET 200 https://registry.npmjs.org/lightningcss-darwin-x64 87ms (cache updated)
1539 silly packumentCache full:https://registry.npmjs.org/lightningcss-darwin-x64 set size:undefined disposed:false
1540 silly fetch manifest lightningcss-linux-arm64-musl@1.27.0
1541 silly packumentCache full:https://registry.npmjs.org/lightningcss-linux-arm64-musl cache-miss
1542 http fetch GET 200 https://registry.npmjs.org/lightningcss-freebsd-x64 75ms (cache updated)
1543 silly packumentCache full:https://registry.npmjs.org/lightningcss-freebsd-x64 set size:undefined disposed:false
1544 silly fetch manifest lightningcss-win32-arm64-msvc@1.27.0
1545 silly packumentCache full:https://registry.npmjs.org/lightningcss-win32-arm64-msvc cache-miss
1546 http fetch GET 200 https://registry.npmjs.org/lightningcss-darwin-arm64 70ms (cache updated)
1547 silly packumentCache full:https://registry.npmjs.org/lightningcss-darwin-arm64 set size:undefined disposed:false
1548 silly fetch manifest lightningcss-linux-arm-gnueabihf@1.27.0
1549 silly packumentCache full:https://registry.npmjs.org/lightningcss-linux-arm-gnueabihf cache-miss
1550 http fetch GET 200 https://registry.npmjs.org/lightningcss-linux-x64-gnu 69ms (cache updated)
1551 silly packumentCache full:https://registry.npmjs.org/lightningcss-linux-x64-gnu set size:undefined disposed:false
1552 silly fetch manifest source-map-js@^1.2.1
1553 silly packumentCache full:https://registry.npmjs.org/source-map-js cache-miss
1554 http fetch GET 200 https://registry.npmjs.org/lightningcss-linux-x64-musl 62ms (cache updated)
1555 silly packumentCache full:https://registry.npmjs.org/lightningcss-linux-x64-musl set size:undefined disposed:false
1556 http fetch GET 200 https://registry.npmjs.org/lightningcss-win32-x64-msvc 68ms (cache updated)
1557 silly packumentCache full:https://registry.npmjs.org/lightningcss-win32-x64-msvc set size:undefined disposed:false
1558 http fetch GET 200 https://registry.npmjs.org/lightningcss-linux-arm-gnueabihf 71ms (cache updated)
1559 silly packumentCache full:https://registry.npmjs.org/lightningcss-linux-arm-gnueabihf set size:undefined disposed:false
1560 http fetch GET 200 https://registry.npmjs.org/source-map-js 59ms (cache updated)
1561 silly packumentCache full:https://registry.npmjs.org/source-map-js set size:undefined disposed:false
1562 http fetch GET 200 https://registry.npmjs.org/lightningcss-win32-arm64-msvc 89ms (cache updated)
1563 silly packumentCache full:https://registry.npmjs.org/lightningcss-win32-arm64-msvc set size:undefined disposed:false
1564 http fetch GET 200 https://registry.npmjs.org/lightningcss-linux-arm64-gnu 397ms (cache updated)
1565 silly packumentCache full:https://registry.npmjs.org/lightningcss-linux-arm64-gnu set size:undefined disposed:false
1566 http fetch GET 200 https://registry.npmjs.org/lightningcss-linux-arm64-musl 399ms (cache updated)
1567 silly packumentCache full:https://registry.npmjs.org/lightningcss-linux-arm64-musl set size:undefined disposed:false
1568 silly fetch manifest @babel/core@^7.0.0
1569 silly packumentCache full:https://registry.npmjs.org/@babel%2fcore cache-miss
1570 http cache https://registry.npmjs.org/@babel%2fcore 23ms (cache hit)
1571 silly packumentCache full:https://registry.npmjs.org/@babel%2fcore set size:702395 disposed:false
1572 silly placeDep ROOT @ampproject/remapping@2.3.0 OK for: @babel/core@7.27.1 want: ^2.2.0
1573 silly placeDep node_modules/@babel/core @babel/code-frame@7.27.1 OK for: @babel/core@7.27.1 want: ^7.27.1
1574 silly placeDep ROOT @babel/helper-compilation-targets@7.27.1 OK for: @babel/core@7.27.1 want: ^7.27.1
1575 silly placeDep ROOT @babel/helper-module-transforms@7.27.1 OK for: @babel/core@7.27.1 want: ^7.27.1
1576 silly placeDep ROOT @babel/helpers@7.27.1 OK for: @babel/core@7.27.1 want: ^7.27.1
1577 silly placeDep ROOT @babel/template@7.27.1 OK for: @babel/core@7.27.1 want: ^7.27.1
1578 silly placeDep ROOT @babel/traverse@7.27.1 OK for: @babel/core@7.27.1 want: ^7.27.1
1579 silly placeDep ROOT convert-source-map@2.0.0 OK for: @babel/core@7.27.1 want: ^2.0.0
1580 silly placeDep ROOT gensync@1.0.0-beta.2 OK for: @babel/core@7.27.1 want: ^1.0.0-beta.2
1581 silly placeDep node_modules/@babel/core semver@6.3.1 OK for: @babel/core@7.27.1 want: ^6.3.1
1582 silly fetch manifest @jridgewell/trace-mapping@^0.3.24
1583 silly packumentCache full:https://registry.npmjs.org/@jridgewell%2ftrace-mapping cache-miss
1584 silly fetch manifest @babel/compat-data@^7.27.1
1585 silly packumentCache full:https://registry.npmjs.org/@babel%2fcompat-data cache-miss
1586 silly fetch manifest @babel/helper-validator-option@^7.27.1
1587 silly packumentCache full:https://registry.npmjs.org/@babel%2fhelper-validator-option cache-miss
1588 silly fetch manifest browserslist@^4.24.0
1589 silly packumentCache full:https://registry.npmjs.org/browserslist cache-miss
1590 silly fetch manifest lru-cache@^5.1.1
1591 silly packumentCache full:https://registry.npmjs.org/lru-cache cache-miss
1592 silly fetch manifest @babel/helper-module-imports@^7.27.1
1593 silly packumentCache full:https://registry.npmjs.org/@babel%2fhelper-module-imports cache-miss
1594 silly fetch manifest globals@^11.1.0
1595 silly packumentCache full:https://registry.npmjs.org/globals cache-miss
1596 http cache https://registry.npmjs.org/@jridgewell%2ftrace-mapping 32ms (cache hit)
1597 silly packumentCache full:https://registry.npmjs.org/@jridgewell%2ftrace-mapping set size:146917 disposed:false
1598 http cache https://registry.npmjs.org/@babel%2fhelper-module-imports 32ms (cache hit)
1599 silly packumentCache full:https://registry.npmjs.org/@babel%2fhelper-module-imports set size:176408 disposed:false
1600 http fetch GET 200 https://registry.npmjs.org/@babel%2fhelper-validator-option 99ms (cache updated)
1601 silly packumentCache full:https://registry.npmjs.org/@babel%2fhelper-validator-option set size:undefined disposed:false
1602 http fetch GET 200 https://registry.npmjs.org/@babel%2fcompat-data 152ms (cache updated)
1603 silly packumentCache full:https://registry.npmjs.org/@babel%2fcompat-data set size:undefined disposed:false
1604 http fetch GET 200 https://registry.npmjs.org/globals 165ms (cache updated)
1605 silly packumentCache full:https://registry.npmjs.org/globals set size:undefined disposed:false
1606 http fetch GET 200 https://registry.npmjs.org/browserslist 190ms (cache updated)
1607 silly packumentCache full:https://registry.npmjs.org/browserslist set size:undefined disposed:false
1608 http fetch GET 200 https://registry.npmjs.org/lru-cache 213ms (cache updated)
1609 silly packumentCache full:https://registry.npmjs.org/lru-cache set size:undefined disposed:false
1610 silly placeDep ROOT @jridgewell/gen-mapping@0.3.8 OK for: @ampproject/remapping@2.3.0 want: ^0.3.5
1611 silly placeDep ROOT @jridgewell/trace-mapping@0.3.25 OK for: @ampproject/remapping@2.3.0 want: ^0.3.24
1612 silly fetch manifest @jridgewell/set-array@^1.2.1
1613 silly packumentCache full:https://registry.npmjs.org/@jridgewell%2fset-array cache-miss
1614 silly fetch manifest @jridgewell/sourcemap-codec@^1.4.10
1615 silly packumentCache full:https://registry.npmjs.org/@jridgewell%2fsourcemap-codec cache-miss
1616 silly fetch manifest @jridgewell/resolve-uri@^3.1.0
1617 silly packumentCache full:https://registry.npmjs.org/@jridgewell%2fresolve-uri cache-miss
1618 silly fetch manifest @jridgewell/sourcemap-codec@^1.4.14
1619 silly packumentCache full:https://registry.npmjs.org/@jridgewell%2fsourcemap-codec cache-miss
1620 http fetch GET 200 https://registry.npmjs.org/@jridgewell%2fset-array 78ms (cache updated)
1621 silly packumentCache full:https://registry.npmjs.org/@jridgewell%2fset-array set size:undefined disposed:false
1622 http fetch GET 200 https://registry.npmjs.org/@jridgewell%2fresolve-uri 85ms (cache updated)
1623 silly packumentCache full:https://registry.npmjs.org/@jridgewell%2fresolve-uri set size:undefined disposed:false
1624 http fetch GET 200 https://registry.npmjs.org/@jridgewell%2fsourcemap-codec 93ms (cache updated)
1625 silly packumentCache full:https://registry.npmjs.org/@jridgewell%2fsourcemap-codec set size:undefined disposed:false
1626 http fetch GET 200 https://registry.npmjs.org/@jridgewell%2fsourcemap-codec 189ms (cache updated)
1627 silly packumentCache full:https://registry.npmjs.org/@jridgewell%2fsourcemap-codec set size:undefined disposed:false
1628 silly placeDep ROOT jsesc@3.1.0 OK for: @babel/generator@7.27.1 want: ^3.0.2
1629 silly placeDep ROOT @babel/compat-data@7.27.1 OK for: @babel/helper-compilation-targets@7.27.1 want: ^7.27.1
1630 silly placeDep ROOT @babel/helper-validator-option@7.27.1 OK for: @babel/helper-compilation-targets@7.27.1 want: ^7.27.1
1631 silly placeDep ROOT browserslist@4.24.5 OK for: @babel/helper-compilation-targets@7.27.1 want: ^4.24.0
1632 silly placeDep ROOT lru-cache@5.1.1 OK for: @babel/helper-compilation-targets@7.27.1 want: ^5.1.1
1633 silly placeDep node_modules/@babel/helper-compilation-targets semver@6.3.1 OK for: @babel/helper-compilation-targets@7.27.1 want: ^6.3.1
1634 silly fetch manifest caniuse-lite@^1.0.30001716
1635 silly packumentCache full:https://registry.npmjs.org/caniuse-lite cache-miss
1636 silly fetch manifest electron-to-chromium@^1.5.149
1637 silly packumentCache full:https://registry.npmjs.org/electron-to-chromium cache-miss
1638 silly fetch manifest node-releases@^2.0.19
1639 silly packumentCache full:https://registry.npmjs.org/node-releases cache-miss
1640 silly fetch manifest update-browserslist-db@^1.1.3
1641 silly packumentCache full:https://registry.npmjs.org/update-browserslist-db cache-miss
1642 silly fetch manifest yallist@^3.0.2
1643 silly packumentCache full:https://registry.npmjs.org/yallist cache-miss
1644 http cache https://registry.npmjs.org/yallist 25ms (cache hit)
1645 silly packumentCache full:https://registry.npmjs.org/yallist set size:34610 disposed:false
1646 http fetch GET 200 https://registry.npmjs.org/update-browserslist-db 78ms (cache updated)
1647 silly packumentCache full:https://registry.npmjs.org/update-browserslist-db set size:undefined disposed:false
1648 http fetch GET 200 https://registry.npmjs.org/node-releases 164ms (cache updated)
1649 silly packumentCache full:https://registry.npmjs.org/node-releases set size:undefined disposed:false
1650 http fetch GET 200 https://registry.npmjs.org/caniuse-lite 539ms (cache updated)
1651 silly packumentCache full:https://registry.npmjs.org/caniuse-lite set size:undefined disposed:false
1652 http fetch GET 200 https://registry.npmjs.org/electron-to-chromium 766ms (cache updated)
1653 silly packumentCache full:https://registry.npmjs.org/electron-to-chromium set size:undefined disposed:false
1654 silly placeDep ROOT @babel/helper-module-imports@7.27.1 OK for: @babel/helper-module-transforms@7.27.1 want: ^7.27.1
1655 silly placeDep node_modules/@babel/template @babel/code-frame@7.27.1 OK for: @babel/template@7.27.1 want: ^7.27.1
1656 silly placeDep node_modules/@babel/traverse @babel/code-frame@7.27.1 OK for: @babel/traverse@7.27.1 want: ^7.27.1
1657 silly placeDep ROOT globals@11.12.0 OK for: @babel/traverse@7.27.1 want: ^11.1.0
1658 silly placeDep ROOT @babel/helper-string-parser@7.27.1 OK for: @babel/types@7.27.1 want: ^7.27.1
1659 silly placeDep ROOT exec-async@2.2.0 OK for: @expo/osascript@2.2.4 want: ^2.2.0
1660 silly placeDep ROOT @xmldom/xmldom@0.8.10 OK for: @expo/plist@0.3.4 want: ^0.8.8
1661 silly placeDep ROOT base64-js@1.5.1 OK for: @expo/plist@0.3.4 want: ^1.2.3
1662 silly placeDep ROOT xmlbuilder@15.1.1 OK for: @expo/plist@0.3.4 want: ^15.1.1
1663 silly placeDep ROOT @react-native/normalize-colors@0.79.2 OK for: @expo/prebuild-config@9.0.5 want: 0.79.2
1664 silly placeDep ROOT cross-spawn@7.0.6 OK for: @expo/spawn-async@1.7.2 want: ^7.0.3
1665 silly fetch manifest which@^2.0.1
1666 silly packumentCache full:https://registry.npmjs.org/which cache-miss
1667 silly fetch manifest path-key@^3.1.0
1668 silly packumentCache full:https://registry.npmjs.org/path-key cache-miss
1669 silly fetch manifest shebang-command@^2.0.0
1670 silly packumentCache full:https://registry.npmjs.org/shebang-command cache-miss
1671 http fetch GET 200 https://registry.npmjs.org/which 51ms (cache updated)
1672 silly packumentCache full:https://registry.npmjs.org/which set size:undefined disposed:false
1673 http fetch GET 200 https://registry.npmjs.org/shebang-command 69ms (cache updated)
1674 silly packumentCache full:https://registry.npmjs.org/shebang-command set size:undefined disposed:false
1675 http fetch GET 200 https://registry.npmjs.org/path-key 72ms (cache updated)
1676 silly packumentCache full:https://registry.npmjs.org/path-key set size:undefined disposed:false
1677 silly placeDep ROOT js-yaml@4.1.0 OK for: @expo/xcpretty@4.3.2 want: ^4.1.0
1678 silly fetch manifest argparse@^2.0.1
1679 silly packumentCache full:https://registry.npmjs.org/argparse cache-miss
1680 http fetch GET 200 https://registry.npmjs.org/argparse 51ms (cache updated)
1681 silly packumentCache full:https://registry.npmjs.org/argparse set size:undefined disposed:false
1682 silly placeDep ROOT @jridgewell/set-array@1.2.1 OK for: @jridgewell/gen-mapping@0.3.8 want: ^1.2.1
1683 silly placeDep ROOT @jridgewell/sourcemap-codec@1.5.0 OK for: @jridgewell/gen-mapping@0.3.8 want: ^1.4.10
1684 silly placeDep ROOT @jridgewell/resolve-uri@3.1.2 OK for: @jridgewell/trace-mapping@0.3.25 want: ^3.1.0
1685 silly placeDep ROOT @isaacs/ttlcache@1.4.1 OK for: @react-native/dev-middleware@0.79.2 want: ^1.4.1
1686 silly placeDep ROOT @react-native/debugger-frontend@0.79.2 OK for: @react-native/dev-middleware@0.79.2 want: 0.79.2
1687 silly placeDep ROOT chrome-launcher@0.15.2 OK for: @react-native/dev-middleware@0.79.2 want: ^0.15.2
1688 silly placeDep ROOT chromium-edge-launcher@0.2.0 OK for: @react-native/dev-middleware@0.79.2 want: ^0.2.0
1689 silly placeDep node_modules/@react-native/dev-middleware debug@2.6.9 OK for: @react-native/dev-middleware@0.79.2 want: ^2.2.0
1690 silly placeDep ROOT open@7.4.2 OK for: @react-native/dev-middleware@0.79.2 want: ^7.0.3
1691 silly placeDep ROOT serve-static@1.16.2 OK for: @react-native/dev-middleware@0.79.2 want: ^1.16.2
1692 silly placeDep node_modules/@react-native/dev-middleware ws@6.2.3 OK for: @react-native/dev-middleware@0.79.2 want: ^6.2.3
1693 silly fetch manifest is-wsl@^2.2.0
1694 silly packumentCache full:https://registry.npmjs.org/is-wsl cache-miss
1695 silly fetch manifest @types/node@*
1696 silly packumentCache full:https://registry.npmjs.org/@types%2fnode cache-miss
1697 silly fetch manifest lighthouse-logger@^1.0.0
1698 silly packumentCache full:https://registry.npmjs.org/lighthouse-logger cache-miss
1699 silly fetch manifest @types/node@*
1700 silly packumentCache full:https://registry.npmjs.org/@types%2fnode cache-miss
1701 silly fetch manifest is-wsl@^2.2.0
1702 silly packumentCache full:https://registry.npmjs.org/is-wsl cache-miss
1703 silly fetch manifest lighthouse-logger@^1.0.0
1704 silly packumentCache full:https://registry.npmjs.org/lighthouse-logger cache-miss
1705 silly fetch manifest mkdirp@^1.0.4
1706 silly packumentCache full:https://registry.npmjs.org/mkdirp cache-hit
1707 silly fetch manifest rimraf@^3.0.2
1708 silly packumentCache full:https://registry.npmjs.org/rimraf cache-miss
1709 http fetch GET 200 https://registry.npmjs.org/lighthouse-logger 95ms (cache updated)
1710 silly packumentCache full:https://registry.npmjs.org/lighthouse-logger set size:undefined disposed:false
1711 silly fetch manifest ms@2.0.0
1712 silly packumentCache full:https://registry.npmjs.org/ms cache-hit
1713 silly fetch manifest is-wsl@^2.1.1
1714 silly packumentCache full:https://registry.npmjs.org/is-wsl cache-miss
1715 http fetch GET 200 https://registry.npmjs.org/is-wsl 162ms (cache updated)
1716 silly packumentCache full:https://registry.npmjs.org/is-wsl set size:undefined disposed:false
1717 silly fetch manifest is-docker@^2.0.0
1718 silly packumentCache full:https://registry.npmjs.org/is-docker cache-miss
1719 http fetch GET 200 https://registry.npmjs.org/is-wsl 172ms (cache updated)
1720 silly packumentCache full:https://registry.npmjs.org/is-wsl set size:undefined disposed:false
1721 silly fetch manifest send@0.19.0
1722 silly packumentCache full:https://registry.npmjs.org/send cache-miss
1723 http fetch GET 200 https://registry.npmjs.org/lighthouse-logger 174ms (cache updated)
1724 silly packumentCache full:https://registry.npmjs.org/lighthouse-logger set size:undefined disposed:false
1725 silly fetch manifest async-limiter@~1.0.0
1726 silly packumentCache full:https://registry.npmjs.org/async-limiter cache-miss
1727 http cache https://registry.npmjs.org/send 24ms (cache hit)
1728 silly packumentCache full:https://registry.npmjs.org/send set size:147586 disposed:false
1729 http fetch GET 200 https://registry.npmjs.org/is-wsl 117ms (cache updated)
1730 silly packumentCache full:https://registry.npmjs.org/is-wsl set size:undefined disposed:false
1731 http fetch GET 200 https://registry.npmjs.org/async-limiter 220ms (cache updated)
1732 silly packumentCache full:https://registry.npmjs.org/async-limiter set size:undefined disposed:false
1733 http fetch GET 200 https://registry.npmjs.org/rimraf 410ms (cache updated)
1734 silly packumentCache full:https://registry.npmjs.org/rimraf set size:undefined disposed:false
1735 http fetch GET 200 https://registry.npmjs.org/is-docker 282ms (cache updated)
1736 silly packumentCache full:https://registry.npmjs.org/is-docker set size:undefined disposed:false
1737 http fetch GET 200 https://registry.npmjs.org/@types%2fnode 1093ms (cache updated)
1738 silly packumentCache full:https://registry.npmjs.org/@types%2fnode set size:undefined disposed:false
1739 http fetch GET 200 https://registry.npmjs.org/@types%2fnode 1910ms (cache updated)
1740 silly packumentCache full:https://registry.npmjs.org/@types%2fnode set size:undefined disposed:false
1741 silly placeDep ROOT wonka@6.3.5 OK for: @urql/core@5.1.1 want: ^6.3.2
1742 silly placeDep ROOT mime-types@2.1.35 OK for: accepts@1.3.8 want: ~2.1.34
1743 silly placeDep ROOT negotiator@0.6.3 OK for: accepts@1.3.8 want: 0.6.3
1744 silly fetch manifest mime-db@1.52.0
1745 silly packumentCache full:https://registry.npmjs.org/mime-db cache-miss
1746 http fetch GET 200 https://registry.npmjs.org/mime-db 128ms (cache updated)
1747 silly packumentCache full:https://registry.npmjs.org/mime-db set size:undefined disposed:false
1748 silly fetch manifest @babel/core@^7.0.0-0
1749 silly packumentCache full:https://registry.npmjs.org/@babel%2fcore cache-hit
1750 silly placeDep ROOT @babel/plugin-proposal-decorators@7.27.1 OK for: babel-preset-expo@13.1.11 want: ^7.12.9
1751 silly placeDep ROOT @babel/plugin-proposal-export-default-from@7.27.1 OK for: babel-preset-expo@13.1.11 want: ^7.24.7
1752 silly placeDep ROOT @babel/plugin-syntax-export-default-from@7.27.1 OK for: babel-preset-expo@13.1.11 want: ^7.24.7
1753 silly placeDep ROOT @babel/plugin-transform-export-namespace-from@7.27.1 OK for: babel-preset-expo@13.1.11 want: ^7.25.9
1754 silly placeDep ROOT @babel/plugin-transform-flow-strip-types@7.27.1 OK for: babel-preset-expo@13.1.11 want: ^7.25.2
1755 silly placeDep ROOT @babel/plugin-transform-modules-commonjs@7.27.1 OK for: babel-preset-expo@13.1.11 want: ^7.24.8
1756 silly placeDep ROOT @babel/plugin-transform-object-rest-spread@7.27.1 OK for: babel-preset-expo@13.1.11 want: ^7.24.7
1757 silly placeDep ROOT @babel/plugin-transform-parameters@7.27.1 OK for: babel-preset-expo@13.1.11 want: ^7.24.7
1758 silly placeDep ROOT @babel/plugin-transform-private-methods@7.27.1 OK for: babel-preset-expo@13.1.11 want: ^7.24.7
1759 silly placeDep ROOT @babel/plugin-transform-private-property-in-object@7.27.1 OK for: babel-preset-expo@13.1.11 want: ^7.24.7
1760 silly placeDep ROOT @babel/plugin-transform-runtime@7.27.1 OK for: babel-preset-expo@13.1.11 want: ^7.24.7
1761 silly placeDep ROOT @babel/preset-react@7.27.1 OK for: babel-preset-expo@13.1.11 want: ^7.22.15
1762 silly placeDep ROOT @babel/preset-typescript@7.27.1 OK for: babel-preset-expo@13.1.11 want: ^7.23.0
1763 silly placeDep ROOT @react-native/babel-preset@0.79.2 OK for: babel-preset-expo@13.1.11 want: 0.79.2
1764 silly placeDep ROOT babel-plugin-react-native-web@0.19.13 OK for: babel-preset-expo@13.1.11 want: ~0.19.13
1765 silly placeDep ROOT babel-plugin-syntax-hermes-parser@0.25.1 OK for: babel-preset-expo@13.1.11 want: ^0.25.1
1766 silly placeDep ROOT babel-plugin-transform-flow-enums@0.0.2 OK for: babel-preset-expo@13.1.11 want: ^0.0.2
1767 silly placeDep ROOT react-refresh@0.14.2 OK for: babel-preset-expo@13.1.11 want: ^0.14.2
1768 silly fetch manifest @babel/helper-create-class-features-plugin@^7.27.1
1769 silly packumentCache full:https://registry.npmjs.org/@babel%2fhelper-create-class-features-plugin cache-miss
1770 silly fetch manifest @babel/helper-plugin-utils@^7.27.1
1771 silly packumentCache full:https://registry.npmjs.org/@babel%2fhelper-plugin-utils cache-miss
1772 silly fetch manifest @babel/plugin-syntax-decorators@^7.27.1
1773 silly packumentCache full:https://registry.npmjs.org/@babel%2fplugin-syntax-decorators cache-miss
1774 silly fetch manifest @babel/helper-plugin-utils@^7.27.1
1775 silly packumentCache full:https://registry.npmjs.org/@babel%2fhelper-plugin-utils cache-miss
1776 silly fetch manifest @babel/helper-plugin-utils@^7.27.1
1777 silly packumentCache full:https://registry.npmjs.org/@babel%2fhelper-plugin-utils cache-miss
1778 silly fetch manifest @babel/helper-plugin-utils@^7.27.1
1779 silly packumentCache full:https://registry.npmjs.org/@babel%2fhelper-plugin-utils cache-miss
1780 silly fetch manifest @babel/helper-plugin-utils@^7.27.1
1781 silly packumentCache full:https://registry.npmjs.org/@babel%2fhelper-plugin-utils cache-miss
1782 http fetch GET 200 https://registry.npmjs.org/@babel%2fhelper-plugin-utils 81ms (cache updated)
1783 silly packumentCache full:https://registry.npmjs.org/@babel%2fhelper-plugin-utils set size:undefined disposed:false
1784 silly fetch manifest @babel/plugin-syntax-flow@^7.27.1
1785 silly packumentCache full:https://registry.npmjs.org/@babel%2fplugin-syntax-flow cache-miss
1786 http fetch GET 200 https://registry.npmjs.org/@babel%2fplugin-syntax-decorators 123ms (cache updated)
1787 silly packumentCache full:https://registry.npmjs.org/@babel%2fplugin-syntax-decorators set size:undefined disposed:false
1788 silly fetch manifest @babel/plugin-transform-parameters@^7.27.1
1789 silly packumentCache full:https://registry.npmjs.org/@babel%2fplugin-transform-parameters cache-miss
1790 http fetch GET 200 https://registry.npmjs.org/@babel%2fhelper-plugin-utils 142ms (cache updated)
1791 silly packumentCache full:https://registry.npmjs.org/@babel%2fhelper-plugin-utils set size:undefined disposed:false
1792 silly fetch manifest @babel/helper-create-class-features-plugin@^7.27.1
1793 silly packumentCache full:https://registry.npmjs.org/@babel%2fhelper-create-class-features-plugin cache-miss
1794 http cache https://registry.npmjs.org/@babel%2fplugin-transform-parameters 23ms (cache hit)
1795 silly packumentCache full:https://registry.npmjs.org/@babel%2fplugin-transform-parameters set size:251005 disposed:false
1796 silly fetch manifest @babel/helper-annotate-as-pure@^7.27.1
1797 silly packumentCache full:https://registry.npmjs.org/@babel%2fhelper-annotate-as-pure cache-miss
1798 http fetch GET 200 https://registry.npmjs.org/@babel%2fhelper-plugin-utils 172ms (cache updated)
1799 silly packumentCache full:https://registry.npmjs.org/@babel%2fhelper-plugin-utils set size:undefined disposed:false
1800 silly fetch manifest @babel/helper-create-class-features-plugin@^7.27.1
1801 silly packumentCache full:https://registry.npmjs.org/@babel%2fhelper-create-class-features-plugin cache-miss
1802 http fetch GET 200 https://registry.npmjs.org/@babel%2fhelper-plugin-utils 175ms (cache updated)
1803 silly packumentCache full:https://registry.npmjs.org/@babel%2fhelper-plugin-utils set size:undefined disposed:false
1804 silly fetch manifest babel-plugin-polyfill-corejs2@^0.4.10
1805 silly packumentCache full:https://registry.npmjs.org/babel-plugin-polyfill-corejs2 cache-miss
1806 http fetch GET 200 https://registry.npmjs.org/@babel%2fhelper-create-class-features-plugin 188ms (cache updated)
1807 silly packumentCache full:https://registry.npmjs.org/@babel%2fhelper-create-class-features-plugin set size:undefined disposed:false
1808 silly fetch manifest babel-plugin-polyfill-corejs3@^0.11.0
1809 silly packumentCache full:https://registry.npmjs.org/babel-plugin-polyfill-corejs3 cache-miss
1810 http fetch GET 200 https://registry.npmjs.org/@babel%2fplugin-syntax-flow 113ms (cache updated)
1811 silly packumentCache full:https://registry.npmjs.org/@babel%2fplugin-syntax-flow set size:undefined disposed:false
1812 silly fetch manifest babel-plugin-polyfill-regenerator@^0.6.1
1813 silly packumentCache full:https://registry.npmjs.org/babel-plugin-polyfill-regenerator cache-miss
1814 http fetch GET 200 https://registry.npmjs.org/@babel%2fhelper-plugin-utils 204ms (cache updated)
1815 silly packumentCache full:https://registry.npmjs.org/@babel%2fhelper-plugin-utils set size:undefined disposed:false
1816 silly fetch manifest @babel/plugin-transform-react-display-name@^7.27.1
1817 silly packumentCache full:https://registry.npmjs.org/@babel%2fplugin-transform-react-display-name cache-miss
1818 http fetch GET 200 https://registry.npmjs.org/babel-plugin-polyfill-corejs2 100ms (cache updated)
1819 silly packumentCache full:https://registry.npmjs.org/babel-plugin-polyfill-corejs2 set size:undefined disposed:false
1820 silly fetch manifest @babel/plugin-transform-react-jsx@^7.27.1
1821 silly packumentCache full:https://registry.npmjs.org/@babel%2fplugin-transform-react-jsx cache-miss
1822 http fetch GET 200 https://registry.npmjs.org/babel-plugin-polyfill-corejs3 90ms (cache updated)
1823 silly packumentCache full:https://registry.npmjs.org/babel-plugin-polyfill-corejs3 set size:undefined disposed:false
1824 silly fetch manifest @babel/plugin-transform-react-jsx-development@^7.27.1
1825 silly packumentCache full:https://registry.npmjs.org/@babel%2fplugin-transform-react-jsx-development cache-miss
1826 http fetch GET 200 https://registry.npmjs.org/@babel%2fhelper-annotate-as-pure 153ms (cache updated)
1827 silly packumentCache full:https://registry.npmjs.org/@babel%2fhelper-annotate-as-pure set size:undefined disposed:false
1828 silly fetch manifest @babel/plugin-transform-react-pure-annotations@^7.27.1
1829 silly packumentCache full:https://registry.npmjs.org/@babel%2fplugin-transform-react-pure-annotations cache-miss
1830 http fetch GET 200 https://registry.npmjs.org/babel-plugin-polyfill-regenerator 116ms (cache updated)
1831 silly packumentCache full:https://registry.npmjs.org/babel-plugin-polyfill-regenerator set size:undefined disposed:false
1832 silly fetch manifest @babel/plugin-syntax-jsx@^7.27.1
1833 silly packumentCache full:https://registry.npmjs.org/@babel%2fplugin-syntax-jsx cache-miss
1834 http fetch GET 200 https://registry.npmjs.org/@babel%2fplugin-transform-react-display-name 148ms (cache updated)
1835 silly packumentCache full:https://registry.npmjs.org/@babel%2fplugin-transform-react-display-name set size:undefined disposed:false
1836 silly fetch manifest @babel/plugin-transform-typescript@^7.27.1
1837 silly packumentCache full:https://registry.npmjs.org/@babel%2fplugin-transform-typescript cache-miss
1838 http fetch GET 200 https://registry.npmjs.org/@babel%2fhelper-create-class-features-plugin 213ms (cache updated)
1839 silly packumentCache full:https://registry.npmjs.org/@babel%2fhelper-create-class-features-plugin set size:undefined disposed:false
1840 silly fetch manifest @babel/plugin-transform-for-of@^7.24.7
1841 silly packumentCache full:https://registry.npmjs.org/@babel%2fplugin-transform-for-of cache-miss
1842 http fetch GET 200 https://registry.npmjs.org/@babel%2fhelper-create-class-features-plugin 209ms (cache updated)
1843 silly packumentCache full:https://registry.npmjs.org/@babel%2fhelper-create-class-features-plugin set size:undefined disposed:false
1844 silly fetch manifest @babel/plugin-transform-spread@^7.24.7
1845 silly packumentCache full:https://registry.npmjs.org/@babel%2fplugin-transform-spread cache-miss
1846 http fetch GET 200 https://registry.npmjs.org/@babel%2fplugin-transform-react-jsx-development 106ms (cache updated)
1847 silly packumentCache full:https://registry.npmjs.org/@babel%2fplugin-transform-react-jsx-development set size:undefined disposed:false
1848 silly fetch manifest @babel/plugin-transform-classes@^7.25.4
1849 silly packumentCache full:https://registry.npmjs.org/@babel%2fplugin-transform-classes cache-miss
1850 http fetch GET 200 https://registry.npmjs.org/@babel%2fplugin-transform-react-jsx 131ms (cache updated)
1851 silly packumentCache full:https://registry.npmjs.org/@babel%2fplugin-transform-react-jsx set size:undefined disposed:false
1852 silly fetch manifest @babel/plugin-transform-literals@^7.25.2
1853 silly packumentCache full:https://registry.npmjs.org/@babel%2fplugin-transform-literals cache-miss
1854 http fetch GET 200 https://registry.npmjs.org/@babel%2fplugin-syntax-jsx 102ms (cache updated)
1855 silly packumentCache full:https://registry.npmjs.org/@babel%2fplugin-syntax-jsx set size:undefined disposed:false
1856 silly fetch manifest @babel/plugin-transform-react-jsx@^7.25.2
1857 silly packumentCache full:https://registry.npmjs.org/@babel%2fplugin-transform-react-jsx cache-miss
1858 http cache https://registry.npmjs.org/@babel%2fplugin-transform-react-jsx 5ms (cache hit)
1859 silly packumentCache full:https://registry.npmjs.org/@babel%2fplugin-transform-react-jsx set size:263783 disposed:false
1860 silly fetch manifest babel-plugin-syntax-hermes-parser@0.25.1
1861 silly packumentCache full:https://registry.npmjs.org/babel-plugin-syntax-hermes-parser cache-miss
1862 http cache https://registry.npmjs.org/babel-plugin-syntax-hermes-parser 4ms (cache hit)
1863 silly packumentCache full:https://registry.npmjs.org/babel-plugin-syntax-hermes-parser set size:68968 disposed:false
1864 silly fetch manifest @babel/plugin-transform-typescript@^7.25.2
1865 silly packumentCache full:https://registry.npmjs.org/@babel%2fplugin-transform-typescript cache-miss
1866 http fetch GET 200 https://registry.npmjs.org/@babel%2fplugin-transform-react-pure-annotations 234ms (cache updated)
1867 silly packumentCache full:https://registry.npmjs.org/@babel%2fplugin-transform-react-pure-annotations set size:undefined disposed:false
1868 silly fetch manifest @react-native/babel-plugin-codegen@0.79.2
1869 silly packumentCache full:https://registry.npmjs.org/@react-native%2fbabel-plugin-codegen cache-miss
1870 http fetch GET 200 https://registry.npmjs.org/@babel%2fplugin-transform-literals 314ms (cache updated)
1871 silly packumentCache full:https://registry.npmjs.org/@babel%2fplugin-transform-literals set size:undefined disposed:false
1872 silly fetch manifest @babel/plugin-syntax-dynamic-import@^7.8.3
1873 silly packumentCache full:https://registry.npmjs.org/@babel%2fplugin-syntax-dynamic-import cache-miss
1874 http fetch GET 200 https://registry.npmjs.org/@babel%2fplugin-transform-classes 344ms (cache updated)
1875 silly packumentCache full:https://registry.npmjs.org/@babel%2fplugin-transform-classes set size:undefined disposed:false
1876 silly fetch manifest @babel/plugin-transform-regenerator@^7.24.7
1877 silly packumentCache full:https://registry.npmjs.org/@babel%2fplugin-transform-regenerator cache-miss
1878 http fetch GET 200 https://registry.npmjs.org/@babel%2fplugin-transform-spread 364ms (cache updated)
1879 silly packumentCache full:https://registry.npmjs.org/@babel%2fplugin-transform-spread set size:undefined disposed:false
1880 silly fetch manifest @babel/plugin-transform-sticky-regex@^7.24.7
1881 silly packumentCache full:https://registry.npmjs.org/@babel%2fplugin-transform-sticky-regex cache-miss
1882 http fetch GET 200 https://registry.npmjs.org/@babel%2fplugin-transform-typescript 413ms (cache updated)
1883 silly packumentCache full:https://registry.npmjs.org/@babel%2fplugin-transform-typescript set size:undefined disposed:false
1884 silly fetch manifest @babel/plugin-transform-block-scoping@^7.25.0
1885 silly packumentCache full:https://registry.npmjs.org/@babel%2fplugin-transform-block-scoping cache-miss
1886 http fetch GET 200 https://registry.npmjs.org/@babel%2fplugin-transform-typescript 338ms (cache updated)
1887 silly packumentCache full:https://registry.npmjs.org/@babel%2fplugin-transform-typescript set size:undefined disposed:false
1888 silly fetch manifest @babel/plugin-transform-destructuring@^7.24.8
1889 silly packumentCache full:https://registry.npmjs.org/@babel%2fplugin-transform-destructuring cache-miss
1890 http fetch GET 200 https://registry.npmjs.org/@babel%2fplugin-transform-regenerator 89ms (cache updated)
1891 silly packumentCache full:https://registry.npmjs.org/@babel%2fplugin-transform-regenerator set size:undefined disposed:false
1892 silly fetch manifest @babel/plugin-transform-function-name@^7.25.1
1893 silly packumentCache full:https://registry.npmjs.org/@babel%2fplugin-transform-function-name cache-miss
1894 http fetch GET 200 https://registry.npmjs.org/@babel%2fplugin-transform-sticky-regex 123ms (cache updated)
1895 silly packumentCache full:https://registry.npmjs.org/@babel%2fplugin-transform-sticky-regex set size:undefined disposed:false
1896 silly fetch manifest @babel/plugin-transform-unicode-regex@^7.24.7
1897 silly packumentCache full:https://registry.npmjs.org/@babel%2fplugin-transform-unicode-regex cache-miss
1898 http fetch GET 200 https://registry.npmjs.org/@babel%2fplugin-transform-destructuring 109ms (cache updated)
1899 silly packumentCache full:https://registry.npmjs.org/@babel%2fplugin-transform-destructuring set size:undefined disposed:false
1900 silly fetch manifest @babel/plugin-syntax-optional-chaining@^7.8.3
1901 silly packumentCache full:https://registry.npmjs.org/@babel%2fplugin-syntax-optional-chaining cache-miss
1902 http fetch GET 200 https://registry.npmjs.org/@babel%2fplugin-transform-function-name 99ms (cache updated)
1903 silly packumentCache full:https://registry.npmjs.org/@babel%2fplugin-transform-function-name set size:undefined disposed:false
1904 silly fetch manifest @babel/plugin-transform-react-jsx-self@^7.24.7
1905 silly packumentCache full:https://registry.npmjs.org/@babel%2fplugin-transform-react-jsx-self cache-miss
1906 http fetch GET 200 https://registry.npmjs.org/@babel%2fplugin-transform-block-scoping 168ms (cache updated)
1907 silly packumentCache full:https://registry.npmjs.org/@babel%2fplugin-transform-block-scoping set size:undefined disposed:false
1908 silly fetch manifest @babel/plugin-transform-arrow-functions@^7.24.7
1909 silly packumentCache full:https://registry.npmjs.org/@babel%2fplugin-transform-arrow-functions cache-miss
1910 http fetch GET 200 https://registry.npmjs.org/@babel%2fplugin-syntax-optional-chaining 107ms (cache updated)
1911 silly packumentCache full:https://registry.npmjs.org/@babel%2fplugin-syntax-optional-chaining set size:undefined disposed:false
1912 silly fetch manifest @babel/plugin-transform-class-properties@^7.25.4
1913 silly packumentCache full:https://registry.npmjs.org/@babel%2fplugin-transform-class-properties cache-miss
1914 http fetch GET 200 https://registry.npmjs.org/@babel%2fplugin-transform-unicode-regex 157ms (cache updated)
1915 silly packumentCache full:https://registry.npmjs.org/@babel%2fplugin-transform-unicode-regex set size:undefined disposed:false
1916 silly fetch manifest @babel/plugin-transform-react-jsx-source@^7.24.7
1917 silly packumentCache full:https://registry.npmjs.org/@babel%2fplugin-transform-react-jsx-source cache-miss
1918 http fetch GET 200 https://registry.npmjs.org/@babel%2fplugin-transform-arrow-functions 112ms (cache updated)
1919 silly packumentCache full:https://registry.npmjs.org/@babel%2fplugin-transform-arrow-functions set size:undefined disposed:false
1920 silly fetch manifest @babel/plugin-transform-numeric-separator@^7.24.7
1921 silly packumentCache full:https://registry.npmjs.org/@babel%2fplugin-transform-numeric-separator cache-miss
1922 http fetch GET 200 https://registry.npmjs.org/@babel%2fplugin-transform-react-jsx-self 138ms (cache updated)
1923 silly packumentCache full:https://registry.npmjs.org/@babel%2fplugin-transform-react-jsx-self set size:undefined disposed:false
1924 silly fetch manifest @babel/plugin-transform-optional-chaining@^7.24.8
1925 silly packumentCache full:https://registry.npmjs.org/@babel%2fplugin-transform-optional-chaining cache-miss
1926 http fetch GET 200 https://registry.npmjs.org/@react-native%2fbabel-plugin-codegen 532ms (cache updated)
1927 silly packumentCache full:https://registry.npmjs.org/@react-native%2fbabel-plugin-codegen set size:undefined disposed:false
1928 silly fetch manifest @babel/plugin-transform-async-to-generator@^7.24.7
1929 silly packumentCache full:https://registry.npmjs.org/@babel%2fplugin-transform-async-to-generator cache-miss
1930 http fetch GET 200 https://registry.npmjs.org/@babel%2fplugin-transform-numeric-separator 68ms (cache updated)
1931 silly packumentCache full:https://registry.npmjs.org/@babel%2fplugin-transform-numeric-separator set size:undefined disposed:false
1932 silly fetch manifest @babel/plugin-transform-react-display-name@^7.24.7
1933 silly packumentCache full:https://registry.npmjs.org/@babel%2fplugin-transform-react-display-name cache-miss
1934 http cache https://registry.npmjs.org/@babel%2fplugin-transform-react-display-name 10ms (cache hit)
1935 silly packumentCache full:https://registry.npmjs.org/@babel%2fplugin-transform-react-display-name set size:186946 disposed:false
1936 silly fetch manifest @babel/plugin-transform-computed-properties@^7.24.7
1937 silly packumentCache full:https://registry.npmjs.org/@babel%2fplugin-transform-computed-properties cache-miss
1938 http fetch GET 200 https://registry.npmjs.org/@babel%2fplugin-transform-react-jsx-source 108ms (cache updated)
1939 silly packumentCache full:https://registry.npmjs.org/@babel%2fplugin-transform-react-jsx-source set size:undefined disposed:false
1940 silly fetch manifest @babel/plugin-transform-shorthand-properties@^7.24.7
1941 silly packumentCache full:https://registry.npmjs.org/@babel%2fplugin-transform-shorthand-properties cache-miss
1942 http fetch GET 200 https://registry.npmjs.org/@babel%2fplugin-transform-for-of 806ms (cache updated)
1943 silly packumentCache full:https://registry.npmjs.org/@babel%2fplugin-transform-for-of set size:undefined disposed:false
1944 silly fetch manifest @babel/plugin-transform-optional-catch-binding@^7.24.7
1945 silly packumentCache full:https://registry.npmjs.org/@babel%2fplugin-transform-optional-catch-binding cache-miss
1946 http fetch GET 200 https://registry.npmjs.org/@babel%2fplugin-transform-optional-chaining 100ms (cache updated)
1947 silly packumentCache full:https://registry.npmjs.org/@babel%2fplugin-transform-optional-chaining set size:undefined disposed:false
1948 silly fetch manifest @babel/plugin-syntax-nullish-coalescing-operator@^7.8.3
1949 silly packumentCache full:https://registry.npmjs.org/@babel%2fplugin-syntax-nullish-coalescing-operator cache-miss
1950 http fetch GET 200 https://registry.npmjs.org/@babel%2fplugin-transform-async-to-generator 93ms (cache updated)
1951 silly packumentCache full:https://registry.npmjs.org/@babel%2fplugin-transform-async-to-generator set size:undefined disposed:false
1952 silly fetch manifest @babel/plugin-transform-async-generator-functions@^7.25.4
1953 silly packumentCache full:https://registry.npmjs.org/@babel%2fplugin-transform-async-generator-functions cache-miss
1954 http fetch GET 200 https://registry.npmjs.org/@babel%2fplugin-syntax-dynamic-import 470ms (cache updated)
1955 silly packumentCache full:https://registry.npmjs.org/@babel%2fplugin-syntax-dynamic-import set size:undefined disposed:false
1956 silly fetch manifest @babel/plugin-transform-nullish-coalescing-operator@^7.24.7
1957 silly packumentCache full:https://registry.npmjs.org/@babel%2fplugin-transform-nullish-coalescing-operator cache-miss
1958 http fetch GET 200 https://registry.npmjs.org/@babel%2fplugin-transform-computed-properties 76ms (cache updated)
1959 silly packumentCache full:https://registry.npmjs.org/@babel%2fplugin-transform-computed-properties set size:undefined disposed:false
1960 silly fetch manifest @babel/plugin-transform-logical-assignment-operators@^7.24.7
1961 silly packumentCache full:https://registry.npmjs.org/@babel%2fplugin-transform-logical-assignment-operators cache-miss
1962 http fetch GET 200 https://registry.npmjs.org/@babel%2fplugin-transform-shorthand-properties 104ms (cache updated)
1963 silly packumentCache full:https://registry.npmjs.org/@babel%2fplugin-transform-shorthand-properties set size:undefined disposed:false
1964 silly fetch manifest @babel/plugin-transform-named-capturing-groups-regex@^7.24.7
1965 silly packumentCache full:https://registry.npmjs.org/@babel%2fplugin-transform-named-capturing-groups-regex cache-miss
1966 http fetch GET 200 https://registry.npmjs.org/@babel%2fplugin-syntax-nullish-coalescing-operator 79ms (cache updated)
1967 silly packumentCache full:https://registry.npmjs.org/@babel%2fplugin-syntax-nullish-coalescing-operator set size:undefined disposed:false
1968 silly fetch manifest hermes-parser@0.25.1
1969 silly packumentCache full:https://registry.npmjs.org/hermes-parser cache-miss
1970 http fetch GET 200 https://registry.npmjs.org/@babel%2fplugin-transform-async-generator-functions 78ms (cache updated)
1971 silly packumentCache full:https://registry.npmjs.org/@babel%2fplugin-transform-async-generator-functions set size:undefined disposed:false
1972 silly fetch manifest @babel/plugin-syntax-flow@^7.12.1
1973 silly packumentCache full:https://registry.npmjs.org/@babel%2fplugin-syntax-flow cache-miss
1974 http fetch GET 200 https://registry.npmjs.org/@babel%2fplugin-transform-optional-catch-binding 113ms (cache updated)
1975 silly packumentCache full:https://registry.npmjs.org/@babel%2fplugin-transform-optional-catch-binding set size:undefined disposed:false
1976 http cache https://registry.npmjs.org/@babel%2fplugin-syntax-flow 8ms (cache hit)
1977 silly packumentCache full:https://registry.npmjs.org/@babel%2fplugin-syntax-flow set size:171700 disposed:false
1978 http fetch GET 200 https://registry.npmjs.org/@babel%2fplugin-transform-logical-assignment-operators 68ms (cache updated)
1979 silly packumentCache full:https://registry.npmjs.org/@babel%2fplugin-transform-logical-assignment-operators set size:undefined disposed:false
1980 http fetch GET 200 https://registry.npmjs.org/@babel%2fplugin-transform-nullish-coalescing-operator 95ms (cache updated)
1981 silly packumentCache full:https://registry.npmjs.org/@babel%2fplugin-transform-nullish-coalescing-operator set size:undefined disposed:false
1982 http fetch GET 200 https://registry.npmjs.org/hermes-parser 58ms (cache updated)
1983 silly packumentCache full:https://registry.npmjs.org/hermes-parser set size:undefined disposed:false
1984 http fetch GET 200 https://registry.npmjs.org/@babel%2fplugin-transform-named-capturing-groups-regex 76ms (cache updated)
1985 silly packumentCache full:https://registry.npmjs.org/@babel%2fplugin-transform-named-capturing-groups-regex set size:undefined disposed:false
1986 http fetch GET 200 https://registry.npmjs.org/@babel%2fplugin-transform-class-properties 468ms (cache updated)
1987 silly packumentCache full:https://registry.npmjs.org/@babel%2fplugin-transform-class-properties set size:undefined disposed:false
1988 silly placeDep ROOT @babel/helper-create-class-features-plugin@7.27.1 OK for: @babel/plugin-proposal-decorators@7.27.1 want: ^7.27.1
1989 silly placeDep ROOT @babel/helper-plugin-utils@7.27.1 OK for: @babel/plugin-proposal-decorators@7.27.1 want: ^7.27.1
1990 silly placeDep ROOT @babel/plugin-syntax-decorators@7.27.1 OK for: @babel/plugin-proposal-decorators@7.27.1 want: ^7.27.1
1991 silly fetch manifest @babel/helper-member-expression-to-functions@^7.27.1
1992 silly packumentCache full:https://registry.npmjs.org/@babel%2fhelper-member-expression-to-functions cache-miss
1993 silly fetch manifest @babel/helper-optimise-call-expression@^7.27.1
1994 silly packumentCache full:https://registry.npmjs.org/@babel%2fhelper-optimise-call-expression cache-miss
1995 silly fetch manifest @babel/helper-replace-supers@^7.27.1
1996 silly packumentCache full:https://registry.npmjs.org/@babel%2fhelper-replace-supers cache-miss
1997 silly fetch manifest @babel/helper-skip-transparent-expression-wrappers@^7.27.1
1998 silly packumentCache full:https://registry.npmjs.org/@babel%2fhelper-skip-transparent-expression-wrappers cache-miss
1999 http fetch GET 200 https://registry.npmjs.org/@babel%2fhelper-skip-transparent-expression-wrappers 96ms (cache updated)
2000 silly packumentCache full:https://registry.npmjs.org/@babel%2fhelper-skip-transparent-expression-wrappers set size:undefined disposed:false
2001 http fetch GET 200 https://registry.npmjs.org/@babel%2fhelper-member-expression-to-functions 103ms (cache updated)
2002 silly packumentCache full:https://registry.npmjs.org/@babel%2fhelper-member-expression-to-functions set size:undefined disposed:false
2003 http fetch GET 200 https://registry.npmjs.org/@babel%2fhelper-optimise-call-expression 130ms (cache updated)
2004 silly packumentCache full:https://registry.npmjs.org/@babel%2fhelper-optimise-call-expression set size:undefined disposed:false
2005 http fetch GET 200 https://registry.npmjs.org/@babel%2fhelper-replace-supers 140ms (cache updated)
2006 silly packumentCache full:https://registry.npmjs.org/@babel%2fhelper-replace-supers set size:undefined disposed:false
2007 silly placeDep ROOT @babel/helper-annotate-as-pure@7.27.1 OK for: @babel/helper-create-class-features-plugin@7.27.1 want: ^7.27.1
2008 silly placeDep ROOT @babel/helper-member-expression-to-functions@7.27.1 OK for: @babel/helper-create-class-features-plugin@7.27.1 want: ^7.27.1
2009 silly placeDep ROOT @babel/helper-optimise-call-expression@7.27.1 OK for: @babel/helper-create-class-features-plugin@7.27.1 want: ^7.27.1
2010 silly placeDep ROOT @babel/helper-replace-supers@7.27.1 OK for: @babel/helper-create-class-features-plugin@7.27.1 want: ^7.27.1
2011 silly placeDep ROOT @babel/helper-skip-transparent-expression-wrappers@7.27.1 OK for: @babel/helper-create-class-features-plugin@7.27.1 want: ^7.27.1
2012 silly placeDep node_modules/@babel/helper-create-class-features-plugin semver@6.3.1 OK for: @babel/helper-create-class-features-plugin@7.27.1 want: ^6.3.1
2013 silly placeDep ROOT @babel/plugin-syntax-flow@7.27.1 OK for: @babel/plugin-transform-flow-strip-types@7.27.1 want: ^7.27.1
2014 silly placeDep ROOT babel-plugin-polyfill-corejs2@0.4.13 OK for: @babel/plugin-transform-runtime@7.27.1 want: ^0.4.10
2015 silly placeDep ROOT babel-plugin-polyfill-corejs3@0.11.1 OK for: @babel/plugin-transform-runtime@7.27.1 want: ^0.11.0
2016 silly placeDep ROOT babel-plugin-polyfill-regenerator@0.6.4 OK for: @babel/plugin-transform-runtime@7.27.1 want: ^0.6.1
2017 silly placeDep node_modules/@babel/plugin-transform-runtime semver@6.3.1 OK for: @babel/plugin-transform-runtime@7.27.1 want: ^6.3.1
2018 silly fetch manifest @babel/helper-define-polyfill-provider@^0.6.4
2019 silly packumentCache full:https://registry.npmjs.org/@babel%2fhelper-define-polyfill-provider cache-miss
2020 silly fetch manifest core-js-compat@^3.40.0
2021 silly packumentCache full:https://registry.npmjs.org/core-js-compat cache-miss
2022 silly fetch manifest @babel/helper-define-polyfill-provider@^0.6.3
2023 silly packumentCache full:https://registry.npmjs.org/@babel%2fhelper-define-polyfill-provider cache-miss
2024 silly fetch manifest @babel/helper-define-polyfill-provider@^0.6.4
2025 silly packumentCache full:https://registry.npmjs.org/@babel%2fhelper-define-polyfill-provider cache-miss
2026 http fetch GET 200 https://registry.npmjs.org/@babel%2fhelper-define-polyfill-provider 86ms (cache updated)
2027 silly packumentCache full:https://registry.npmjs.org/@babel%2fhelper-define-polyfill-provider set size:undefined disposed:false
2028 http fetch GET 200 https://registry.npmjs.org/@babel%2fhelper-define-polyfill-provider 97ms (cache updated)
2029 silly packumentCache full:https://registry.npmjs.org/@babel%2fhelper-define-polyfill-provider set size:undefined disposed:false
2030 http fetch GET 200 https://registry.npmjs.org/@babel%2fhelper-define-polyfill-provider 110ms (cache updated)
2031 silly packumentCache full:https://registry.npmjs.org/@babel%2fhelper-define-polyfill-provider set size:undefined disposed:false
2032 http fetch GET 200 https://registry.npmjs.org/core-js-compat 204ms (cache updated)
2033 silly packumentCache full:https://registry.npmjs.org/core-js-compat set size:undefined disposed:false
2034 silly placeDep ROOT @babel/plugin-transform-react-display-name@7.27.1 OK for: @babel/preset-react@7.27.1 want: ^7.27.1
2035 silly placeDep ROOT @babel/plugin-transform-react-jsx@7.27.1 OK for: @babel/preset-react@7.27.1 want: ^7.27.1
2036 silly placeDep ROOT @babel/plugin-transform-react-jsx-development@7.27.1 OK for: @babel/preset-react@7.27.1 want: ^7.27.1
2037 silly placeDep ROOT @babel/plugin-transform-react-pure-annotations@7.27.1 OK for: @babel/preset-react@7.27.1 want: ^7.27.1
2038 silly placeDep ROOT @babel/plugin-syntax-jsx@7.27.1 OK for: @babel/plugin-transform-react-jsx@7.27.1 want: ^7.27.1
2039 silly placeDep ROOT @babel/plugin-transform-typescript@7.27.1 OK for: @babel/preset-typescript@7.27.1 want: ^7.27.1
2040 silly fetch manifest @babel/plugin-syntax-typescript@^7.27.1
2041 silly packumentCache full:https://registry.npmjs.org/@babel%2fplugin-syntax-typescript cache-miss
2042 http fetch GET 200 https://registry.npmjs.org/@babel%2fplugin-syntax-typescript 91ms (cache updated)
2043 silly packumentCache full:https://registry.npmjs.org/@babel%2fplugin-syntax-typescript set size:undefined disposed:false
2044 silly placeDep ROOT @babel/plugin-syntax-typescript@7.27.1 OK for: @babel/plugin-transform-typescript@7.27.1 want: ^7.27.1
2045 silly fetch manifest @babel/core@^7.25.2
2046 silly packumentCache full:https://registry.npmjs.org/@babel%2fcore cache-hit
2047 silly placeDep ROOT @babel/plugin-syntax-dynamic-import@7.8.3 OK for: @react-native/babel-preset@0.79.2 want: ^7.8.3
2048 silly placeDep ROOT @babel/plugin-syntax-nullish-coalescing-operator@7.8.3 OK for: @react-native/babel-preset@0.79.2 want: ^7.8.3
2049 silly placeDep ROOT @babel/plugin-syntax-optional-chaining@7.8.3 OK for: @react-native/babel-preset@0.79.2 want: ^7.8.3
2050 silly placeDep ROOT @babel/plugin-transform-arrow-functions@7.27.1 OK for: @react-native/babel-preset@0.79.2 want: ^7.24.7
2051 silly placeDep ROOT @babel/plugin-transform-async-generator-functions@7.27.1 OK for: @react-native/babel-preset@0.79.2 want: ^7.25.4
2052 silly placeDep ROOT @babel/plugin-transform-async-to-generator@7.27.1 OK for: @react-native/babel-preset@0.79.2 want: ^7.24.7
2053 silly placeDep ROOT @babel/plugin-transform-block-scoping@7.27.1 OK for: @react-native/babel-preset@0.79.2 want: ^7.25.0
2054 silly placeDep ROOT @babel/plugin-transform-class-properties@7.27.1 OK for: @react-native/babel-preset@0.79.2 want: ^7.25.4
2055 silly placeDep ROOT @babel/plugin-transform-classes@7.27.1 OK for: @react-native/babel-preset@0.79.2 want: ^7.25.4
2056 silly placeDep ROOT @babel/plugin-transform-computed-properties@7.27.1 OK for: @react-native/babel-preset@0.79.2 want: ^7.24.7
2057 silly placeDep ROOT @babel/plugin-transform-destructuring@7.27.1 OK for: @react-native/babel-preset@0.79.2 want: ^7.24.8
2058 silly placeDep ROOT @babel/plugin-transform-for-of@7.27.1 OK for: @react-native/babel-preset@0.79.2 want: ^7.24.7
2059 silly placeDep ROOT @babel/plugin-transform-function-name@7.27.1 OK for: @react-native/babel-preset@0.79.2 want: ^7.25.1
2060 silly placeDep ROOT @babel/plugin-transform-literals@7.27.1 OK for: @react-native/babel-preset@0.79.2 want: ^7.25.2
2061 silly placeDep ROOT @babel/plugin-transform-logical-assignment-operators@7.27.1 OK for: @react-native/babel-preset@0.79.2 want: ^7.24.7
2062 silly placeDep ROOT @babel/plugin-transform-named-capturing-groups-regex@7.27.1 OK for: @react-native/babel-preset@0.79.2 want: ^7.24.7
2063 silly placeDep ROOT @babel/plugin-transform-nullish-coalescing-operator@7.27.1 OK for: @react-native/babel-preset@0.79.2 want: ^7.24.7
2064 silly placeDep ROOT @babel/plugin-transform-numeric-separator@7.27.1 OK for: @react-native/babel-preset@0.79.2 want: ^7.24.7
2065 silly placeDep ROOT @babel/plugin-transform-optional-catch-binding@7.27.1 OK for: @react-native/babel-preset@0.79.2 want: ^7.24.7
2066 silly placeDep ROOT @babel/plugin-transform-optional-chaining@7.27.1 OK for: @react-native/babel-preset@0.79.2 want: ^7.24.8
2067 silly placeDep ROOT @babel/plugin-transform-react-jsx-self@7.27.1 OK for: @react-native/babel-preset@0.79.2 want: ^7.24.7
2068 silly placeDep ROOT @babel/plugin-transform-react-jsx-source@7.27.1 OK for: @react-native/babel-preset@0.79.2 want: ^7.24.7
2069 silly placeDep ROOT @babel/plugin-transform-regenerator@7.27.1 OK for: @react-native/babel-preset@0.79.2 want: ^7.24.7
2070 silly placeDep ROOT @babel/plugin-transform-shorthand-properties@7.27.1 OK for: @react-native/babel-preset@0.79.2 want: ^7.24.7
2071 silly placeDep ROOT @babel/plugin-transform-spread@7.27.1 OK for: @react-native/babel-preset@0.79.2 want: ^7.24.7
2072 silly placeDep ROOT @babel/plugin-transform-sticky-regex@7.27.1 OK for: @react-native/babel-preset@0.79.2 want: ^7.24.7
2073 silly placeDep ROOT @babel/plugin-transform-unicode-regex@7.27.1 OK for: @react-native/babel-preset@0.79.2 want: ^7.24.7
2074 silly placeDep ROOT @react-native/babel-plugin-codegen@0.79.2 OK for: @react-native/babel-preset@0.79.2 want: 0.79.2
2075 silly fetch manifest @babel/helper-remap-async-to-generator@^7.27.1
2076 silly packumentCache full:https://registry.npmjs.org/@babel%2fhelper-remap-async-to-generator cache-miss
2077 silly fetch manifest @babel/helper-remap-async-to-generator@^7.27.1
2078 silly packumentCache full:https://registry.npmjs.org/@babel%2fhelper-remap-async-to-generator cache-miss
2079 silly fetch manifest @babel/helper-create-regexp-features-plugin@^7.27.1
2080 silly packumentCache full:https://registry.npmjs.org/@babel%2fhelper-create-regexp-features-plugin cache-miss
2081 silly fetch manifest @babel/helper-create-regexp-features-plugin@^7.27.1
2082 silly packumentCache full:https://registry.npmjs.org/@babel%2fhelper-create-regexp-features-plugin cache-miss
2083 silly fetch manifest @react-native/codegen@0.79.2
2084 silly packumentCache full:https://registry.npmjs.org/@react-native%2fcodegen cache-miss
2085 http cache https://registry.npmjs.org/@react-native%2fcodegen 21ms (cache hit)
2086 silly packumentCache full:https://registry.npmjs.org/@react-native%2fcodegen set size:1809278 disposed:false
2087 http fetch GET 200 https://registry.npmjs.org/@babel%2fhelper-create-regexp-features-plugin 132ms (cache updated)
2088 silly packumentCache full:https://registry.npmjs.org/@babel%2fhelper-create-regexp-features-plugin set size:undefined disposed:false
2089 http fetch GET 200 https://registry.npmjs.org/@babel%2fhelper-create-regexp-features-plugin 148ms (cache updated)
2090 silly packumentCache full:https://registry.npmjs.org/@babel%2fhelper-create-regexp-features-plugin set size:undefined disposed:false
2091 http fetch GET 200 https://registry.npmjs.org/@babel%2fhelper-remap-async-to-generator 166ms (cache updated)
2092 silly packumentCache full:https://registry.npmjs.org/@babel%2fhelper-remap-async-to-generator set size:undefined disposed:false
2093 http fetch GET 200 https://registry.npmjs.org/@babel%2fhelper-remap-async-to-generator 178ms (cache updated)
2094 silly packumentCache full:https://registry.npmjs.org/@babel%2fhelper-remap-async-to-generator set size:undefined disposed:false
2095 silly placeDep ROOT @babel/helper-remap-async-to-generator@7.27.1 OK for: @babel/plugin-transform-async-generator-functions@7.27.1 want: ^7.27.1
2096 silly fetch manifest @babel/helper-wrap-function@^7.27.1
2097 silly packumentCache full:https://registry.npmjs.org/@babel%2fhelper-wrap-function cache-miss
2098 http fetch GET 200 https://registry.npmjs.org/@babel%2fhelper-wrap-function 125ms (cache updated)
2099 silly packumentCache full:https://registry.npmjs.org/@babel%2fhelper-wrap-function set size:undefined disposed:false
2100 silly placeDep ROOT @babel/helper-wrap-function@7.27.1 OK for: @babel/helper-remap-async-to-generator@7.27.1 want: ^7.27.1
2101 silly placeDep ROOT @babel/helper-create-regexp-features-plugin@7.27.1 OK for: @babel/plugin-transform-named-capturing-groups-regex@7.27.1 want: ^7.27.1
2102 silly fetch manifest regexpu-core@^6.2.0
2103 silly packumentCache full:https://registry.npmjs.org/regexpu-core cache-miss
2104 http fetch GET 200 https://registry.npmjs.org/regexpu-core 64ms (cache updated)
2105 silly packumentCache full:https://registry.npmjs.org/regexpu-core set size:undefined disposed:false
2106 silly placeDep ROOT regexpu-core@6.2.0 OK for: @babel/helper-create-regexp-features-plugin@7.27.1 want: ^6.2.0
2107 silly placeDep node_modules/@babel/helper-create-regexp-features-plugin semver@6.3.1 OK for: @babel/helper-create-regexp-features-plugin@7.27.1 want: ^6.3.1
2108 silly fetch manifest regenerate@^1.4.2
2109 silly packumentCache full:https://registry.npmjs.org/regenerate cache-miss
2110 silly fetch manifest regenerate-unicode-properties@^10.2.0
2111 silly packumentCache full:https://registry.npmjs.org/regenerate-unicode-properties cache-miss
2112 silly fetch manifest regjsgen@^0.8.0
2113 silly packumentCache full:https://registry.npmjs.org/regjsgen cache-miss
2114 silly fetch manifest regjsparser@^0.12.0
2115 silly packumentCache full:https://registry.npmjs.org/regjsparser cache-miss
2116 silly fetch manifest unicode-match-property-ecmascript@^2.0.0
2117 silly packumentCache full:https://registry.npmjs.org/unicode-match-property-ecmascript cache-miss
2118 silly fetch manifest unicode-match-property-value-ecmascript@^2.1.0
2119 silly packumentCache full:https://registry.npmjs.org/unicode-match-property-value-ecmascript cache-miss
2120 http fetch GET 200 https://registry.npmjs.org/regenerate 81ms (cache updated)
2121 silly packumentCache full:https://registry.npmjs.org/regenerate set size:undefined disposed:false
2122 http fetch GET 200 https://registry.npmjs.org/regenerate-unicode-properties 111ms (cache updated)
2123 silly packumentCache full:https://registry.npmjs.org/regenerate-unicode-properties set size:undefined disposed:false
2124 http fetch GET 200 https://registry.npmjs.org/unicode-match-property-ecmascript 111ms (cache updated)
2125 silly packumentCache full:https://registry.npmjs.org/unicode-match-property-ecmascript set size:undefined disposed:false
2126 http fetch GET 200 https://registry.npmjs.org/regjsgen 115ms (cache updated)
2127 silly packumentCache full:https://registry.npmjs.org/regjsgen set size:undefined disposed:false
2128 http fetch GET 200 https://registry.npmjs.org/unicode-match-property-value-ecmascript 115ms (cache updated)
2129 silly packumentCache full:https://registry.npmjs.org/unicode-match-property-value-ecmascript set size:undefined disposed:false
2130 http fetch GET 200 https://registry.npmjs.org/regjsparser 118ms (cache updated)
2131 silly packumentCache full:https://registry.npmjs.org/regjsparser set size:undefined disposed:false
2132 silly fetch manifest @babel/core@*
2133 silly packumentCache full:https://registry.npmjs.org/@babel%2fcore cache-hit
2134 silly placeDep ROOT @react-native/codegen@0.79.2 OK for: @react-native/babel-plugin-codegen@0.79.2 want: 0.79.2
2135 silly fetch manifest glob@^7.1.1
2136 silly packumentCache full:https://registry.npmjs.org/glob cache-miss
2137 http cache https://registry.npmjs.org/glob 12ms (cache hit)
2138 silly packumentCache full:https://registry.npmjs.org/glob set size:405669 disposed:false
2139 silly placeDep node_modules/@react-native/codegen glob@7.2.3 OK for: @react-native/codegen@0.79.2 want: ^7.1.1
2140 silly placeDep ROOT hermes-parser@0.25.1 OK for: @react-native/codegen@0.79.2 want: 0.25.1
2141 silly placeDep ROOT yargs@17.7.2 OK for: @react-native/codegen@0.79.2 want: ^17.6.2
2142 silly fetch manifest once@^1.3.0
2143 silly packumentCache full:https://registry.npmjs.org/once cache-miss
2144 silly fetch manifest inflight@^1.0.4
2145 silly packumentCache full:https://registry.npmjs.org/inflight cache-miss
2146 silly fetch manifest inherits@2
2147 silly packumentCache full:https://registry.npmjs.org/inherits cache-miss
2148 silly fetch manifest minimatch@^3.1.1
2149 silly packumentCache full:https://registry.npmjs.org/minimatch cache-hit
2150 silly fetch manifest fs.realpath@^1.0.0
2151 silly packumentCache full:https://registry.npmjs.org/fs.realpath cache-miss
2152 silly fetch manifest path-is-absolute@^1.0.0
2153 silly packumentCache full:https://registry.npmjs.org/path-is-absolute cache-miss
2154 silly fetch manifest hermes-estree@0.25.1
2155 silly packumentCache full:https://registry.npmjs.org/hermes-estree cache-miss
2156 silly fetch manifest y18n@^5.0.5
2157 silly packumentCache full:https://registry.npmjs.org/y18n cache-miss
2158 http fetch GET 200 https://registry.npmjs.org/once 68ms (cache updated)
2159 silly packumentCache full:https://registry.npmjs.org/once set size:undefined disposed:false
2160 silly fetch manifest cliui@^8.0.1
2161 silly packumentCache full:https://registry.npmjs.org/cliui cache-miss
2162 http fetch GET 200 https://registry.npmjs.org/inherits 70ms (cache updated)
2163 silly packumentCache full:https://registry.npmjs.org/inherits set size:undefined disposed:false
2164 silly fetch manifest escalade@^3.1.1
2165 silly packumentCache full:https://registry.npmjs.org/escalade cache-miss
2166 http fetch GET 200 https://registry.npmjs.org/inflight 76ms (cache updated)
2167 silly packumentCache full:https://registry.npmjs.org/inflight set size:undefined disposed:false
2168 silly fetch manifest string-width@^4.2.3
2169 silly packumentCache full:https://registry.npmjs.org/string-width cache-miss
2170 http fetch GET 200 https://registry.npmjs.org/fs.realpath 79ms (cache updated)
2171 silly packumentCache full:https://registry.npmjs.org/fs.realpath set size:undefined disposed:false
2172 silly fetch manifest yargs-parser@^21.1.1
2173 silly packumentCache full:https://registry.npmjs.org/yargs-parser cache-miss
2174 http fetch GET 200 https://registry.npmjs.org/y18n 79ms (cache updated)
2175 silly packumentCache full:https://registry.npmjs.org/y18n set size:undefined disposed:false
2176 silly fetch manifest get-caller-file@^2.0.5
2177 silly packumentCache full:https://registry.npmjs.org/get-caller-file cache-miss
2178 http fetch GET 200 https://registry.npmjs.org/path-is-absolute 105ms (cache updated)
2179 silly packumentCache full:https://registry.npmjs.org/path-is-absolute set size:undefined disposed:false
2180 silly fetch manifest require-directory@^2.1.1
2181 silly packumentCache full:https://registry.npmjs.org/require-directory cache-miss
2182 http fetch GET 200 https://registry.npmjs.org/hermes-estree 106ms (cache updated)
2183 silly packumentCache full:https://registry.npmjs.org/hermes-estree set size:undefined disposed:false
2184 http cache https://registry.npmjs.org/string-width 31ms (cache hit)
2185 silly packumentCache full:https://registry.npmjs.org/string-width set size:61460 disposed:false
2186 http fetch GET 200 https://registry.npmjs.org/escalade 53ms (cache updated)
2187 silly packumentCache full:https://registry.npmjs.org/escalade set size:undefined disposed:false
2188 http fetch GET 200 https://registry.npmjs.org/get-caller-file 53ms (cache updated)
2189 silly packumentCache full:https://registry.npmjs.org/get-caller-file set size:undefined disposed:false
2190 http fetch GET 200 https://registry.npmjs.org/cliui 90ms (cache updated)
2191 silly packumentCache full:https://registry.npmjs.org/cliui set size:undefined disposed:false
2192 http fetch GET 200 https://registry.npmjs.org/require-directory 56ms (cache updated)
2193 silly packumentCache full:https://registry.npmjs.org/require-directory set size:undefined disposed:false
2194 http fetch GET 200 https://registry.npmjs.org/yargs-parser 102ms (cache updated)
2195 silly packumentCache full:https://registry.npmjs.org/yargs-parser set size:undefined disposed:false
2196 silly fetch manifest @babel/core@^7.4.0 || ^8.0.0-0 <8.0.0
2197 silly packumentCache full:https://registry.npmjs.org/@babel%2fcore cache-hit
2198 silly placeDep ROOT @babel/helper-define-polyfill-provider@0.6.4 OK for: babel-plugin-polyfill-corejs2@0.4.13 want: ^0.6.4
2199 silly placeDep node_modules/babel-plugin-polyfill-corejs2 semver@6.3.1 OK for: babel-plugin-polyfill-corejs2@0.4.13 want: ^6.3.1
2200 silly fetch manifest lodash.debounce@^4.0.8
2201 silly packumentCache full:https://registry.npmjs.org/lodash.debounce cache-miss
2202 http fetch GET 200 https://registry.npmjs.org/lodash.debounce 69ms (cache updated)
2203 silly packumentCache full:https://registry.npmjs.org/lodash.debounce set size:undefined disposed:false
2204 silly placeDep ROOT lodash.debounce@4.0.8 OK for: @babel/helper-define-polyfill-provider@0.6.4 want: ^4.0.8
2205 silly placeDep ROOT core-js-compat@3.42.0 OK for: babel-plugin-polyfill-corejs3@0.11.1 want: ^3.40.0
2206 silly placeDep node_modules/better-opn open@8.4.2 OK for: better-opn@3.0.2 want: ^8.0.4
2207 silly fetch manifest is-docker@^2.1.1
2208 silly packumentCache full:https://registry.npmjs.org/is-docker cache-miss
2209 silly fetch manifest define-lazy-prop@^2.0.0
2210 silly packumentCache full:https://registry.npmjs.org/define-lazy-prop cache-miss
2211 http cache https://registry.npmjs.org/is-docker 11ms (cache hit)
2212 silly packumentCache full:https://registry.npmjs.org/is-docker set size:21642 disposed:false
2213 http fetch GET 200 https://registry.npmjs.org/define-lazy-prop 95ms (cache updated)
2214 silly packumentCache full:https://registry.npmjs.org/define-lazy-prop set size:undefined disposed:false
2215 silly placeDep ROOT stream-buffers@2.2.0 OK for: bplist-creator@0.1.0 want: 2.2.x
2216 silly placeDep ROOT big-integer@1.6.52 OK for: bplist-parser@0.3.2 want: 1.6.x
2217 silly fetch manifest browserslist@>= 4.21.0
2218 silly packumentCache full:https://registry.npmjs.org/browserslist cache-miss
2219 http cache https://registry.npmjs.org/browserslist 14ms (cache hit)
2220 silly packumentCache full:https://registry.npmjs.org/browserslist set size:478931 disposed:false
2221 silly placeDep ROOT caniuse-lite@1.0.30001716 OK for: browserslist@4.24.5 want: ^1.0.30001716
2222 silly placeDep ROOT electron-to-chromium@1.5.149 OK for: browserslist@4.24.5 want: ^1.5.149
2223 silly placeDep ROOT node-releases@2.0.19 OK for: browserslist@4.24.5 want: ^2.0.19
2224 silly placeDep ROOT update-browserslist-db@1.1.3 OK for: browserslist@4.24.5 want: ^1.1.3
2225 silly fetch manifest escalade@^3.2.0
2226 silly packumentCache full:https://registry.npmjs.org/escalade cache-miss
2227 http cache https://registry.npmjs.org/escalade 12ms (cache hit)
2228 silly packumentCache full:https://registry.npmjs.org/escalade set size:33724 disposed:false
2229 silly placeDep ROOT ansi-styles@4.3.0 OK for: chalk@4.1.2 want: ^4.1.0
2230 silly placeDep ROOT supports-color@7.2.0 OK for: chalk@4.1.2 want: ^7.1.0
2231 silly fetch manifest color-convert@^2.0.1
2232 silly packumentCache full:https://registry.npmjs.org/color-convert cache-miss
2233 silly fetch manifest has-flag@^4.0.0
2234 silly packumentCache full:https://registry.npmjs.org/has-flag cache-miss
2235 http fetch GET 200 https://registry.npmjs.org/has-flag 59ms (cache updated)
2236 silly packumentCache full:https://registry.npmjs.org/has-flag set size:undefined disposed:false
2237 http fetch GET 200 https://registry.npmjs.org/color-convert 63ms (cache updated)
2238 silly packumentCache full:https://registry.npmjs.org/color-convert set size:undefined disposed:false
2239 silly placeDep ROOT color-convert@2.0.1 OK for: ansi-styles@4.3.0 want: ^2.0.1
2240 silly fetch manifest color-name@~1.1.4
2241 silly packumentCache full:https://registry.npmjs.org/color-name cache-miss
2242 http fetch GET 200 https://registry.npmjs.org/color-name 56ms (cache updated)
2243 silly packumentCache full:https://registry.npmjs.org/color-name set size:undefined disposed:false
2244 silly placeDep ROOT @types/node@22.15.3 OK for: chrome-launcher@0.15.2 want: *
2245 silly placeDep ROOT is-wsl@2.2.0 OK for: chrome-launcher@0.15.2 want: ^2.2.0
2246 silly placeDep ROOT lighthouse-logger@1.4.2 OK for: chrome-launcher@0.15.2 want: ^1.0.0
2247 silly fetch manifest undici-types@~6.21.0
2248 silly packumentCache full:https://registry.npmjs.org/undici-types cache-miss
2249 silly fetch manifest debug@^2.6.9
2250 silly packumentCache full:https://registry.npmjs.org/debug cache-hit
2251 silly fetch manifest marky@^1.2.2
2252 silly packumentCache full:https://registry.npmjs.org/marky cache-miss
2253 http fetch GET 200 https://registry.npmjs.org/marky 71ms (cache updated)
2254 silly packumentCache full:https://registry.npmjs.org/marky set size:undefined disposed:false
2255 http fetch GET 200 https://registry.npmjs.org/undici-types 83ms (cache updated)
2256 silly packumentCache full:https://registry.npmjs.org/undici-types set size:undefined disposed:false
2257 silly placeDep ROOT undici-types@6.21.0 OK for: @types/node@22.15.3 want: ~6.21.0
2258 silly placeDep ROOT mkdirp@1.0.4 OK for: chromium-edge-launcher@0.2.0 want: ^1.0.4
2259 silly placeDep ROOT rimraf@3.0.2 OK for: chromium-edge-launcher@0.2.0 want: ^3.0.2
2260 silly fetch manifest glob@^7.1.3
2261 silly packumentCache full:https://registry.npmjs.org/glob cache-hit
2262 silly placeDep ROOT color-name@1.1.4 OK for: color-convert@2.0.1 want: ~1.1.4
2263 silly placeDep ROOT bytes@3.1.2 OK for: compression@1.8.0 want: 3.1.2
2264 silly placeDep ROOT compressible@2.0.18 OK for: compression@1.8.0 want: ~2.0.18
2265 silly placeDep node_modules/compression debug@2.6.9 OK for: compression@1.8.0 want: 2.6.9
2266 silly placeDep node_modules/compression negotiator@0.6.4 OK for: compression@1.8.0 want: ~0.6.4
2267 silly placeDep ROOT on-headers@1.0.2 OK for: compression@1.8.0 want: ~1.0.2
2268 silly placeDep ROOT safe-buffer@5.2.1 OK for: compression@1.8.0 want: 5.2.1
2269 silly placeDep ROOT vary@1.1.2 OK for: compression@1.8.0 want: ~1.1.2
2270 silly fetch manifest mime-db@>= 1.43.0 < 2
2271 silly packumentCache full:https://registry.npmjs.org/mime-db cache-miss
2272 http cache https://registry.npmjs.org/mime-db 23ms (cache hit)
2273 silly packumentCache full:https://registry.npmjs.org/mime-db set size:164893 disposed:false
2274 silly placeDep ROOT mime-db@1.54.0 OK for: compressible@2.0.18 want: >= 1.43.0 < 2
2275 silly placeDep node_modules/connect debug@2.6.9 OK for: connect@3.7.0 want: 2.6.9
2276 silly placeDep ROOT finalhandler@1.1.2 OK for: connect@3.7.0 want: 1.1.2
2277 silly placeDep ROOT parseurl@1.3.3 OK for: connect@3.7.0 want: ~1.3.3
2278 silly placeDep ROOT utils-merge@1.0.1 OK for: connect@3.7.0 want: 1.0.1
2279 silly fetch manifest unpipe@~1.0.0
2280 silly packumentCache full:https://registry.npmjs.org/unpipe cache-miss
2281 silly fetch manifest statuses@~1.5.0
2282 silly packumentCache full:https://registry.npmjs.org/statuses cache-miss
2283 silly fetch manifest encodeurl@~1.0.2
2284 silly packumentCache full:https://registry.npmjs.org/encodeurl cache-miss
2285 silly fetch manifest on-finished@~2.3.0
2286 silly packumentCache full:https://registry.npmjs.org/on-finished cache-miss
2287 http cache https://registry.npmjs.org/statuses 10ms (cache hit)
2288 silly packumentCache full:https://registry.npmjs.org/statuses set size:34272 disposed:false
2289 http cache https://registry.npmjs.org/encodeurl 12ms (cache hit)
2290 silly packumentCache full:https://registry.npmjs.org/encodeurl set size:12296 disposed:false
2291 http cache https://registry.npmjs.org/on-finished 13ms (cache hit)
2292 silly packumentCache full:https://registry.npmjs.org/on-finished set size:23152 disposed:false
2293 http fetch GET 200 https://registry.npmjs.org/unpipe 59ms (cache updated)
2294 silly packumentCache full:https://registry.npmjs.org/unpipe set size:undefined disposed:false
2295 silly placeDep ROOT path-key@3.1.1 OK for: cross-spawn@7.0.6 want: ^3.1.0
2296 silly placeDep ROOT shebang-command@2.0.0 OK for: cross-spawn@7.0.6 want: ^2.0.0
2297 silly placeDep ROOT which@2.0.2 OK for: cross-spawn@7.0.6 want: ^2.0.1
2298 silly fetch manifest shebang-regex@^3.0.0
2299 silly packumentCache full:https://registry.npmjs.org/shebang-regex cache-miss
2300 silly fetch manifest isexe@^2.0.0
2301 silly packumentCache full:https://registry.npmjs.org/isexe cache-miss
2302 http fetch GET 200 https://registry.npmjs.org/isexe 52ms (cache updated)
2303 silly packumentCache full:https://registry.npmjs.org/isexe set size:undefined disposed:false
2304 http fetch GET 200 https://registry.npmjs.org/shebang-regex 70ms (cache updated)
2305 silly packumentCache full:https://registry.npmjs.org/shebang-regex set size:undefined disposed:false
2306 silly placeDep ROOT ms@2.1.3 OK for: debug@4.4.0 want: ^2.1.3
2307 silly placeDep ROOT fontfaceobserver@2.3.0 OK for: expo-font@11.0.1 want: ^2.1.0
2308 silly placeDep ROOT commander@7.2.0 OK for: expo-modules-autolinking@2.1.9 want: ^7.2.0
2309 silly placeDep node_modules/finalhandler debug@2.6.9 OK for: finalhandler@1.1.2 want: 2.6.9
2310 silly placeDep ROOT encodeurl@1.0.2 OK for: finalhandler@1.1.2 want: ~1.0.2
2311 silly placeDep ROOT escape-html@1.0.3 OK for: finalhandler@1.1.2 want: ~1.0.3
2312 silly placeDep ROOT on-finished@2.3.0 OK for: finalhandler@1.1.2 want: ~2.3.0
2313 silly placeDep ROOT statuses@1.5.0 OK for: finalhandler@1.1.2 want: ~1.5.0
2314 silly placeDep ROOT unpipe@1.0.0 OK for: finalhandler@1.1.2 want: ~1.0.0
2315 silly fetch manifest ee-first@1.1.1
2316 silly packumentCache full:https://registry.npmjs.org/ee-first cache-miss
2317 http fetch GET 200 https://registry.npmjs.org/ee-first 53ms (cache updated)
2318 silly packumentCache full:https://registry.npmjs.org/ee-first set size:undefined disposed:false
2319 silly placeDep ROOT locate-path@6.0.0 OK for: find-up@5.0.0 want: ^6.0.0
2320 silly placeDep ROOT path-exists@4.0.0 OK for: find-up@5.0.0 want: ^4.0.0
2321 silly fetch manifest p-locate@^5.0.0
2322 silly packumentCache full:https://registry.npmjs.org/p-locate cache-miss
2323 http fetch GET 200 https://registry.npmjs.org/p-locate 69ms (cache updated)
2324 silly packumentCache full:https://registry.npmjs.org/p-locate set size:undefined disposed:false
2325 silly placeDep ROOT foreground-child@3.3.1 OK for: glob@10.4.5 want: ^3.1.0
2326 silly placeDep ROOT jackspeak@3.4.3 OK for: glob@10.4.5 want: ^3.1.2
2327 silly placeDep ROOT minipass@7.1.2 OK for: glob@10.4.5 want: ^7.1.2
2328 silly placeDep ROOT package-json-from-dist@1.0.1 OK for: glob@10.4.5 want: ^1.0.0
2329 silly placeDep ROOT path-scurry@1.11.1 OK for: glob@10.4.5 want: ^1.11.1
2330 silly fetch manifest signal-exit@^4.0.1
2331 silly packumentCache full:https://registry.npmjs.org/signal-exit cache-miss
2332 silly fetch manifest @isaacs/cliui@^8.0.2
2333 silly packumentCache full:https://registry.npmjs.org/@isaacs%2fcliui cache-miss
2334 silly fetch manifest @pkgjs/parseargs@^0.11.0
2335 silly packumentCache full:https://registry.npmjs.org/@pkgjs%2fparseargs cache-miss
2336 silly fetch manifest lru-cache@^10.2.0
2337 silly packumentCache full:https://registry.npmjs.org/lru-cache cache-miss
2338 http cache https://registry.npmjs.org/lru-cache 15ms (cache hit)
2339 silly packumentCache full:https://registry.npmjs.org/lru-cache set size:391063 disposed:false
2340 http fetch GET 200 https://registry.npmjs.org/@pkgjs%2fparseargs 105ms (cache updated)
2341 silly packumentCache full:https://registry.npmjs.org/@pkgjs%2fparseargs set size:undefined disposed:false
2342 http fetch GET 200 https://registry.npmjs.org/signal-exit 279ms (cache updated)
2343 silly packumentCache full:https://registry.npmjs.org/signal-exit set size:undefined disposed:false
2344 http fetch GET 200 https://registry.npmjs.org/@isaacs%2fcliui 341ms (cache updated)
2345 silly packumentCache full:https://registry.npmjs.org/@isaacs%2fcliui set size:undefined disposed:false
2346 silly placeDep ROOT signal-exit@4.1.0 OK for: foreground-child@3.3.1 want: ^4.0.1
2347 silly placeDep ROOT hermes-estree@0.25.1 OK for: hermes-parser@0.25.1 want: 0.25.1
2348 silly placeDep ROOT loose-envify@1.4.0 OK for: invariant@2.2.4 want: ^1.0.0
2349 silly placeDep ROOT is-docker@2.2.1 OK for: is-wsl@2.2.0 want: ^2.0.0
2350 silly placeDep ROOT @isaacs/cliui@8.0.2 OK for: jackspeak@3.4.3 want: ^8.0.2
2351 silly placeDep ROOT @pkgjs/parseargs@0.11.0 OK for: jackspeak@3.4.3 want: ^0.11.0
2352 silly fetch manifest string-width@^5.1.2
2353 silly packumentCache full:https://registry.npmjs.org/string-width cache-hit
2354 silly fetch manifest string-width-cjs@npm:string-width@^4.2.0
2355 silly packumentCache full:https://registry.npmjs.org/string-width cache-hit
2356 silly fetch manifest strip-ansi@^7.0.1
2357 silly packumentCache full:https://registry.npmjs.org/strip-ansi cache-hit
2358 silly fetch manifest strip-ansi-cjs@npm:strip-ansi@^6.0.1
2359 silly packumentCache full:https://registry.npmjs.org/strip-ansi cache-hit
2360 silly fetch manifest wrap-ansi@^8.1.0
2361 silly packumentCache full:https://registry.npmjs.org/wrap-ansi cache-miss
2362 silly fetch manifest wrap-ansi-cjs@npm:wrap-ansi@^7.0.0
2363 silly packumentCache full:https://registry.npmjs.org/wrap-ansi cache-miss
2364 http cache https://registry.npmjs.org/wrap-ansi 13ms (cache hit)
2365 silly packumentCache full:https://registry.npmjs.org/wrap-ansi set size:51143 disposed:false
2366 http cache https://registry.npmjs.org/wrap-ansi 15ms (cache hit)
2367 silly packumentCache full:https://registry.npmjs.org/wrap-ansi set size:51143 disposed:false
2368 silly packumentCache full:https://registry.npmjs.org/wrap-ansi dispose
2369 silly placeDep ROOT string-width@5.1.2 OK for: @isaacs/cliui@8.0.2 want: ^5.1.2
2370 silly placeDep ROOT string-width-cjs@4.2.3 OK for: @isaacs/cliui@8.0.2 want: npm:string-width@^4.2.0
2371 silly placeDep ROOT strip-ansi@7.1.0 OK for: @isaacs/cliui@8.0.2 want: ^7.0.1
2372 silly placeDep ROOT strip-ansi-cjs@6.0.1 OK for: @isaacs/cliui@8.0.2 want: npm:strip-ansi@^6.0.1
2373 silly placeDep node_modules/@isaacs/cliui wrap-ansi@8.1.0 OK for: @isaacs/cliui@8.0.2 want: ^8.1.0
2374 silly placeDep ROOT wrap-ansi-cjs@7.0.0 OK for: @isaacs/cliui@8.0.2 want: npm:wrap-ansi@^7.0.0
2375 silly fetch manifest emoji-regex@^9.2.2
2376 silly packumentCache full:https://registry.npmjs.org/emoji-regex cache-miss
2377 silly fetch manifest eastasianwidth@^0.2.0
2378 silly packumentCache full:https://registry.npmjs.org/eastasianwidth cache-miss
2379 silly fetch manifest strip-ansi@^6.0.1
2380 silly packumentCache full:https://registry.npmjs.org/strip-ansi cache-hit
2381 silly fetch manifest emoji-regex@^8.0.0
2382 silly packumentCache full:https://registry.npmjs.org/emoji-regex cache-miss
2383 silly fetch manifest is-fullwidth-code-point@^3.0.0
2384 silly packumentCache full:https://registry.npmjs.org/is-fullwidth-code-point cache-miss
2385 silly fetch manifest ansi-regex@^6.0.1
2386 silly packumentCache full:https://registry.npmjs.org/ansi-regex cache-miss
2387 silly fetch manifest ansi-regex@^5.0.1
2388 silly packumentCache full:https://registry.npmjs.org/ansi-regex cache-miss
2389 silly fetch manifest ansi-styles@^6.1.0
2390 silly packumentCache full:https://registry.npmjs.org/ansi-styles cache-hit
2391 http cache https://registry.npmjs.org/ansi-regex 18ms (cache hit)
2392 silly packumentCache full:https://registry.npmjs.org/ansi-regex set size:41869 disposed:false
2393 http cache https://registry.npmjs.org/ansi-regex 23ms (cache hit)
2394 silly packumentCache full:https://registry.npmjs.org/ansi-regex set size:41869 disposed:false
2395 silly packumentCache full:https://registry.npmjs.org/ansi-regex dispose
2396 http fetch GET 200 https://registry.npmjs.org/eastasianwidth 74ms (cache updated)
2397 silly packumentCache full:https://registry.npmjs.org/eastasianwidth set size:undefined disposed:false
2398 http fetch GET 200 https://registry.npmjs.org/emoji-regex 79ms (cache updated)
2399 silly packumentCache full:https://registry.npmjs.org/emoji-regex set size:undefined disposed:false
2400 http fetch GET 200 https://registry.npmjs.org/emoji-regex 81ms (cache updated)
2401 silly packumentCache full:https://registry.npmjs.org/emoji-regex set size:undefined disposed:false
2402 http fetch GET 200 https://registry.npmjs.org/is-fullwidth-code-point 83ms (cache updated)
2403 silly packumentCache full:https://registry.npmjs.org/is-fullwidth-code-point set size:undefined disposed:false
2404 silly placeDep ROOT argparse@2.0.1 OK for: js-yaml@4.1.0 want: ^2.0.1
2405 silly placeDep node_modules/lighthouse-logger debug@2.6.9 OK for: lighthouse-logger@1.4.2 want: ^2.6.9
2406 silly placeDep ROOT marky@1.3.0 OK for: lighthouse-logger@1.4.2 want: ^1.2.2
2407 silly placeDep ROOT detect-libc@1.0.3 OK for: lightningcss@1.27.0 want: ^1.0.3
2408 silly placeDep ROOT lightningcss-darwin-arm64@1.27.0 OK for: lightningcss@1.27.0 want: 1.27.0
2409 silly placeDep ROOT lightningcss-darwin-x64@1.27.0 OK for: lightningcss@1.27.0 want: 1.27.0
2410 silly placeDep ROOT lightningcss-freebsd-x64@1.27.0 OK for: lightningcss@1.27.0 want: 1.27.0
2411 silly placeDep ROOT lightningcss-linux-arm-gnueabihf@1.27.0 OK for: lightningcss@1.27.0 want: 1.27.0
2412 silly placeDep ROOT lightningcss-linux-arm64-gnu@1.27.0 OK for: lightningcss@1.27.0 want: 1.27.0
2413 silly placeDep ROOT lightningcss-linux-arm64-musl@1.27.0 OK for: lightningcss@1.27.0 want: 1.27.0
2414 silly placeDep ROOT lightningcss-linux-x64-gnu@1.27.0 OK for: lightningcss@1.27.0 want: 1.27.0
2415 silly placeDep ROOT lightningcss-linux-x64-musl@1.27.0 OK for: lightningcss@1.27.0 want: 1.27.0
2416 silly placeDep ROOT lightningcss-win32-arm64-msvc@1.27.0 OK for: lightningcss@1.27.0 want: 1.27.0
2417 silly placeDep ROOT lightningcss-win32-x64-msvc@1.27.0 OK for: lightningcss@1.27.0 want: 1.27.0
2418 silly placeDep ROOT p-locate@5.0.0 OK for: locate-path@6.0.0 want: ^5.0.0
2419 silly placeDep ROOT yallist@3.1.1 OK for: lru-cache@5.1.1 want: ^3.0.2
2420 silly placeDep ROOT is-plain-obj@2.1.0 OK for: merge-options@3.0.4 want: ^2.1.0
2421 silly placeDep node_modules/mime-types mime-db@1.52.0 OK for: mime-types@2.1.35 want: 1.52.0
2422 silly placeDep ROOT brace-expansion@2.0.1 OK for: minimatch@9.0.5 want: ^2.0.1
2423 silly fetch manifest balanced-match@^1.0.0
2424 silly packumentCache full:https://registry.npmjs.org/balanced-match cache-miss
2425 http fetch GET 200 https://registry.npmjs.org/balanced-match 52ms (cache updated)
2426 silly packumentCache full:https://registry.npmjs.org/balanced-match set size:undefined disposed:false
2427 silly placeDep ROOT balanced-match@1.0.2 OK for: brace-expansion@2.0.1 want: ^1.0.0
2428 silly placeDep ROOT hosted-git-info@7.0.2 OK for: npm-package-arg@11.0.3 want: ^7.0.0
2429 silly placeDep ROOT proc-log@4.2.0 OK for: npm-package-arg@11.0.3 want: ^4.0.0
2430 silly placeDep ROOT validate-npm-package-name@5.0.1 OK for: npm-package-arg@11.0.3 want: ^5.0.0
2431 silly fetch manifest lru-cache@^10.0.1
2432 silly packumentCache full:https://registry.npmjs.org/lru-cache cache-hit
2433 silly placeDep node_modules/hosted-git-info lru-cache@10.4.3 OK for: hosted-git-info@7.0.2 want: ^10.0.1
2434 silly placeDep ROOT ee-first@1.1.1 OK for: on-finished@2.3.0 want: 1.1.1
2435 silly placeDep node_modules/ora chalk@2.4.2 OK for: ora@3.4.0 want: ^2.4.2
2436 silly placeDep ROOT cli-cursor@2.1.0 OK for: ora@3.4.0 want: ^2.1.0
2437 silly placeDep ROOT cli-spinners@2.9.2 OK for: ora@3.4.0 want: ^2.0.0
2438 silly placeDep ROOT log-symbols@2.2.0 OK for: ora@3.4.0 want: ^2.2.0
2439 silly placeDep node_modules/ora strip-ansi@5.2.0 OK for: ora@3.4.0 want: ^5.2.0
2440 silly placeDep ROOT wcwidth@1.0.1 OK for: ora@3.4.0 want: ^1.0.1
2441 silly fetch manifest restore-cursor@^2.0.0
2442 silly packumentCache full:https://registry.npmjs.org/restore-cursor cache-miss
2443 silly fetch manifest chalk@^2.0.1
2444 silly packumentCache full:https://registry.npmjs.org/chalk cache-hit
2445 silly fetch manifest ansi-regex@^4.1.0
2446 silly packumentCache full:https://registry.npmjs.org/ansi-regex cache-hit
2447 silly fetch manifest defaults@^1.0.3
2448 silly packumentCache full:https://registry.npmjs.org/defaults cache-miss
2449 http fetch GET 200 https://registry.npmjs.org/defaults 58ms (cache updated)
2450 silly packumentCache full:https://registry.npmjs.org/defaults set size:undefined disposed:false
2451 http fetch GET 200 https://registry.npmjs.org/restore-cursor 61ms (cache updated)
2452 silly packumentCache full:https://registry.npmjs.org/restore-cursor set size:undefined disposed:false
2453 silly placeDep ROOT restore-cursor@2.0.0 OK for: cli-cursor@2.1.0 want: ^2.0.0
2454 silly fetch manifest onetime@^2.0.0
2455 silly packumentCache full:https://registry.npmjs.org/onetime cache-miss
2456 silly fetch manifest signal-exit@^3.0.2
2457 silly packumentCache full:https://registry.npmjs.org/signal-exit cache-miss
2458 http cache https://registry.npmjs.org/signal-exit 8ms (cache hit)
2459 silly packumentCache full:https://registry.npmjs.org/signal-exit set size:53489 disposed:false
2460 http fetch GET 200 https://registry.npmjs.org/onetime 63ms (cache updated)
2461 silly packumentCache full:https://registry.npmjs.org/onetime set size:undefined disposed:false
2462 silly placeDep node_modules/log-symbols chalk@2.4.2 OK for: log-symbols@2.2.0 want: ^2.0.1
2463 silly placeDep ROOT yocto-queue@0.1.0 OK for: p-limit@3.1.0 want: ^0.1.0
2464 silly placeDep ROOT pngjs@3.4.0 OK for: parse-png@2.1.0 want: ^3.3.0
2465 silly placeDep node_modules/path-scurry lru-cache@10.4.3 OK for: path-scurry@1.11.1 want: ^10.2.0
2466 silly placeDep ROOT source-map-js@1.2.1 OK for: postcss@8.4.49 want: ^1.2.1
2467 silly placeDep ROOT @jest/schemas@29.6.3 OK for: pretty-format@29.7.0 want: ^29.6.3
2468 silly placeDep node_modules/pretty-format ansi-styles@5.2.0 OK for: pretty-format@29.7.0 want: ^5.0.0
2469 silly placeDep node_modules/pretty-format react-is@18.3.1 OK for: pretty-format@29.7.0 want: ^18.0.0
2470 silly fetch manifest @sinclair/typebox@^0.27.8
2471 silly packumentCache full:https://registry.npmjs.org/@sinclair%2ftypebox cache-miss
2472 http fetch GET 200 https://registry.npmjs.org/@sinclair%2ftypebox 157ms (cache updated)
2473 silly packumentCache full:https://registry.npmjs.org/@sinclair%2ftypebox set size:undefined disposed:false
2474 silly placeDep ROOT @sinclair/typebox@0.27.8 OK for: @jest/schemas@29.6.3 want: ^0.27.8
2475 silly placeDep ROOT kleur@3.0.3 OK for: prompts@2.4.2 want: ^3.0.3
2476 silly placeDep ROOT sisteransi@1.0.5 OK for: prompts@2.4.2 want: ^1.0.5
2477 silly placeDep ROOT decode-uri-component@0.2.2 OK for: query-string@7.1.3 want: ^0.2.2
2478 silly placeDep ROOT filter-obj@1.1.0 OK for: query-string@7.1.3 want: ^1.1.0
2479 silly placeDep ROOT split-on-first@1.1.0 OK for: query-string@7.1.3 want: ^1.0.0
2480 silly placeDep ROOT strict-uri-encode@2.0.0 OK for: query-string@7.1.3 want: ^2.0.0
2481 silly fetch manifest @babel/preset-env@^7.1.6
2482 silly packumentCache full:https://registry.npmjs.org/@babel%2fpreset-env cache-miss
2483 http fetch GET 200 https://registry.npmjs.org/@babel%2fpreset-env 163ms (cache updated)
2484 silly packumentCache full:https://registry.npmjs.org/@babel%2fpreset-env set size:undefined disposed:false
2485 silly fetch manifest react@^19.0.0
2486 silly packumentCache full:https://registry.npmjs.org/react cache-miss
2487 http cache https://registry.npmjs.org/react 42ms (cache hit)
2488 silly packumentCache full:https://registry.npmjs.org/react set size:5657540 disposed:false
2489 silly placeDep ROOT @jest/create-cache-key-function@29.7.0 OK for: react-native@0.73.0 want: ^29.6.3
2490 silly placeDep ROOT @react-native-community/cli@12.1.1 OK for: react-native@0.73.0 want: 12.1.1
2491 silly placeDep ROOT @react-native-community/cli-platform-android@12.1.1 OK for: react-native@0.73.0 want: 12.1.1
2492 silly placeDep ROOT @react-native-community/cli-platform-ios@12.1.1 OK for: react-native@0.73.0 want: 12.1.1
2493 silly placeDep ROOT @react-native/assets-registry@0.73.1 OK for: react-native@0.73.0 want: ^0.73.1
2494 silly placeDep node_modules/react-native @react-native/codegen@0.73.3 OK for: react-native@0.73.0 want: ^0.73.2
2495 silly placeDep ROOT @babel/preset-env@7.27.1 OK for: @react-native/codegen@0.73.3 want: ^7.1.6
2496 silly placeDep ROOT @react-native/community-cli-plugin@0.73.18 OK for: react-native@0.73.0 want: ^0.73.10
2497 silly placeDep ROOT @react-native/gradle-plugin@0.73.5 OK for: react-native@0.73.0 want: ^0.73.4
2498 silly placeDep ROOT @react-native/js-polyfills@0.73.1 OK for: react-native@0.73.0 want: ^0.73.1
2499 silly placeDep node_modules/react-native @react-native/normalize-colors@0.73.2 OK for: react-native@0.73.0 want: ^0.73.2
2500 silly placeDep ROOT @react-native/virtualized-lists@0.73.4 OK for: react-native@0.73.0 want: ^0.73.3
2501 silly placeDep ROOT abort-controller@3.0.0 OK for: react-native@0.73.0 want: ^3.0.0
2502 silly placeDep ROOT anser@1.4.10 OK for: react-native@0.73.0 want: ^1.4.9
2503 silly placeDep ROOT ansi-regex@5.0.1 OK for: react-native@0.73.0 want: ^5.0.0
2504 silly placeDep ROOT deprecated-react-native-prop-types@5.0.0 OK for: react-native@0.73.0 want: ^5.0.0
2505 silly placeDep ROOT event-target-shim@5.0.1 OK for: react-native@0.73.0 want: ^5.0.1
2506 silly placeDep ROOT flow-enums-runtime@0.0.6 OK for: react-native@0.73.0 want: ^0.0.6
2507 silly placeDep ROOT jest-environment-node@29.7.0 OK for: react-native@0.73.0 want: ^29.6.3
2508 silly placeDep ROOT jsc-android@250231.0.0 OK for: react-native@0.73.0 want: ^250231.0.0
2509 silly placeDep ROOT memoize-one@5.2.1 OK for: react-native@0.73.0 want: ^5.0.0
2510 silly placeDep ROOT metro-runtime@0.80.12 OK for: react-native@0.73.0 want: ^0.80.0
2511 silly placeDep ROOT metro-source-map@0.80.12 OK for: react-native@0.73.0 want: ^0.80.0
2512 silly placeDep node_modules/react-native mkdirp@0.5.6 OK for: react-native@0.73.0 want: ^0.5.1
2513 silly placeDep node_modules/react-native pretty-format@26.6.2 OK for: react-native@0.73.0 want: ^26.5.2
2514 silly placeDep ROOT promise@8.3.0 OK for: react-native@0.73.0 want: ^8.3.0
2515 silly placeDep ROOT react-devtools-core@4.28.5 OK for: react-native@0.73.0 want: ^4.27.7
2516 silly placeDep ROOT react-shallow-renderer@16.15.0 OK for: react-native@0.73.0 want: ^16.15.0
2517 silly placeDep ROOT regenerator-runtime@0.13.11 OK for: react-native@0.73.0 want: ^0.13.2
2518 silly placeDep ROOT scheduler@0.24.0-canary-efb381bbf-20230505 OK for: react-native@0.73.0 want: 0.24.0-canary-efb381bbf-20230505
2519 silly placeDep ROOT whatwg-fetch@3.6.20 OK for: react-native@0.73.0 want: ^3.0.0
2520 silly placeDep node_modules/react-native ws@6.2.3 OK for: react-native@0.73.0 want: ^6.2.2
2521 silly fetch manifest @jest/types@^29.6.3
2522 silly packumentCache full:https://registry.npmjs.org/@jest%2ftypes cache-miss
2523 silly fetch manifest execa@^5.0.0
2524 silly packumentCache full:https://registry.npmjs.org/execa cache-miss
2525 silly fetch manifest find-up@^4.1.0
2526 silly packumentCache full:https://registry.npmjs.org/find-up cache-miss
2527 silly fetch manifest fs-extra@^8.1.0
2528 silly packumentCache full:https://registry.npmjs.org/fs-extra cache-miss
2529 silly fetch manifest commander@^9.4.1
2530 silly packumentCache full:https://registry.npmjs.org/commander cache-hit
2531 silly fetch manifest graceful-fs@^4.1.3
2532 silly packumentCache full:https://registry.npmjs.org/graceful-fs cache-miss
2533 silly fetch manifest @react-native-community/cli-clean@12.1.1
2534 silly packumentCache full:https://registry.npmjs.org/@react-native-community%2fcli-clean cache-miss
2535 silly fetch manifest @react-native-community/cli-tools@12.1.1
2536 silly packumentCache full:https://registry.npmjs.org/@react-native-community%2fcli-tools cache-miss
2537 http cache https://registry.npmjs.org/find-up 18ms (cache hit)
2538 silly packumentCache full:https://registry.npmjs.org/find-up set size:38503 disposed:false
2539 silly fetch manifest @react-native-community/cli-types@12.1.1
2540 silly packumentCache full:https://registry.npmjs.org/@react-native-community%2fcli-types cache-miss
2541 http fetch GET 200 https://registry.npmjs.org/execa 87ms (cache updated)
2542 silly packumentCache full:https://registry.npmjs.org/execa set size:undefined disposed:false
2543 silly fetch manifest @react-native-community/cli-config@12.1.1
2544 silly packumentCache full:https://registry.npmjs.org/@react-native-community%2fcli-config cache-miss
2545 http fetch GET 200 https://registry.npmjs.org/fs-extra 148ms (cache updated)
2546 silly packumentCache full:https://registry.npmjs.org/fs-extra set size:undefined disposed:false
2547 silly fetch manifest @react-native-community/cli-doctor@12.1.1
2548 silly packumentCache full:https://registry.npmjs.org/@react-native-community%2fcli-doctor cache-miss
2549 http fetch GET 200 https://registry.npmjs.org/@react-native-community%2fcli-types 158ms (cache updated)
2550 silly packumentCache full:https://registry.npmjs.org/@react-native-community%2fcli-types set size:undefined disposed:false
2551 silly fetch manifest @react-native-community/cli-hermes@12.1.1
2552 silly packumentCache full:https://registry.npmjs.org/@react-native-community%2fcli-hermes cache-miss
2553 http fetch GET 200 https://registry.npmjs.org/graceful-fs 192ms (cache updated)
2554 silly packumentCache full:https://registry.npmjs.org/graceful-fs set size:undefined disposed:false
2555 silly fetch manifest @react-native-community/cli-server-api@12.1.1
2556 silly packumentCache full:https://registry.npmjs.org/@react-native-community%2fcli-server-api cache-miss
2557 http fetch GET 200 https://registry.npmjs.org/@react-native-community%2fcli-clean 201ms (cache updated)
2558 silly packumentCache full:https://registry.npmjs.org/@react-native-community%2fcli-clean set size:undefined disposed:false
2559 silly fetch manifest @react-native-community/cli-debugger-ui@12.1.1
2560 silly packumentCache full:https://registry.npmjs.org/@react-native-community%2fcli-debugger-ui cache-miss
2561 http fetch GET 200 https://registry.npmjs.org/@react-native-community%2fcli-tools 239ms (cache updated)
2562 silly packumentCache full:https://registry.npmjs.org/@react-native-community%2fcli-tools set size:undefined disposed:false
2563 silly fetch manifest @react-native-community/cli-plugin-metro@12.1.1
2564 silly packumentCache full:https://registry.npmjs.org/@react-native-community%2fcli-plugin-metro cache-miss
2565 http fetch GET 200 https://registry.npmjs.org/@jest%2ftypes 259ms (cache updated)
2566 silly packumentCache full:https://registry.npmjs.org/@jest%2ftypes set size:undefined disposed:false
2567 silly fetch manifest logkitty@^0.7.1
2568 silly packumentCache full:https://registry.npmjs.org/logkitty cache-miss
2569 http fetch GET 200 https://registry.npmjs.org/@react-native-community%2fcli-config 185ms (cache updated)
2570 silly packumentCache full:https://registry.npmjs.org/@react-native-community%2fcli-config set size:undefined disposed:false
2571 silly fetch manifest fast-xml-parser@^4.2.4
2572 silly packumentCache full:https://registry.npmjs.org/fast-xml-parser cache-miss
2573 http fetch GET 200 https://registry.npmjs.org/@react-native-community%2fcli-doctor 186ms (cache updated)
2574 silly packumentCache full:https://registry.npmjs.org/@react-native-community%2fcli-doctor set size:undefined disposed:false
2575 silly fetch manifest ora@^5.4.1
2576 silly packumentCache full:https://registry.npmjs.org/ora cache-miss
2577 http fetch GET 200 https://registry.npmjs.org/@react-native-community%2fcli-server-api 162ms (cache updated)
2578 silly packumentCache full:https://registry.npmjs.org/@react-native-community%2fcli-server-api set size:undefined disposed:false
2579 silly fetch manifest fast-xml-parser@^4.0.12
2580 silly packumentCache full:https://registry.npmjs.org/fast-xml-parser cache-miss
2581 http fetch GET 200 https://registry.npmjs.org/logkitty 109ms (cache updated)
2582 silly packumentCache full:https://registry.npmjs.org/logkitty set size:undefined disposed:false
2583 silly fetch manifest flow-parser@^0.206.0
2584 silly packumentCache full:https://registry.npmjs.org/flow-parser cache-miss
2585 http cache https://registry.npmjs.org/ora 32ms (cache hit)
2586 silly packumentCache full:https://registry.npmjs.org/ora set size:131088 disposed:false
2587 silly fetch manifest jscodeshift@^0.14.0
2588 silly packumentCache full:https://registry.npmjs.org/jscodeshift cache-miss
2589 http fetch GET 200 https://registry.npmjs.org/@react-native-community%2fcli-debugger-ui 188ms (cache updated)
2590 silly packumentCache full:https://registry.npmjs.org/@react-native-community%2fcli-debugger-ui set size:undefined disposed:false
2591 silly fetch manifest @babel/plugin-bugfix-firefox-class-in-computed-class-key@^7.27.1
2592 silly packumentCache full:https://registry.npmjs.org/@babel%2fplugin-bugfix-firefox-class-in-computed-class-key cache-miss
2593 http fetch GET 200 https://registry.npmjs.org/fast-xml-parser 122ms (cache updated)
2594 silly packumentCache full:https://registry.npmjs.org/fast-xml-parser set size:undefined disposed:false
2595 silly fetch manifest @babel/plugin-bugfix-safari-class-field-initializer-scope@^7.27.1
2596 silly packumentCache full:https://registry.npmjs.org/@babel%2fplugin-bugfix-safari-class-field-initializer-scope cache-miss
2597 http fetch GET 200 https://registry.npmjs.org/@babel%2fplugin-bugfix-safari-class-field-initializer-scope 81ms (cache updated)
2598 silly packumentCache full:https://registry.npmjs.org/@babel%2fplugin-bugfix-safari-class-field-initializer-scope set size:undefined disposed:false
2599 silly fetch manifest @babel/plugin-bugfix-safari-id-destructuring-collision-in-function-expression@^7.27.1
2600 silly packumentCache full:https://registry.npmjs.org/@babel%2fplugin-bugfix-safari-id-destructuring-collision-in-function-expression cache-miss
2601 http fetch GET 200 https://registry.npmjs.org/@babel%2fplugin-bugfix-firefox-class-in-computed-class-key 98ms (cache updated)
2602 silly packumentCache full:https://registry.npmjs.org/@babel%2fplugin-bugfix-firefox-class-in-computed-class-key set size:undefined disposed:false
2603 silly fetch manifest @babel/plugin-bugfix-v8-spread-parameters-in-optional-chaining@^7.27.1
2604 silly packumentCache full:https://registry.npmjs.org/@babel%2fplugin-bugfix-v8-spread-parameters-in-optional-chaining cache-miss
2605 http fetch GET 200 https://registry.npmjs.org/fast-xml-parser 155ms (cache updated)
2606 silly packumentCache full:https://registry.npmjs.org/fast-xml-parser set size:undefined disposed:false
2607 silly fetch manifest @babel/plugin-bugfix-v8-static-class-fields-redefine-readonly@^7.27.1
2608 silly packumentCache full:https://registry.npmjs.org/@babel%2fplugin-bugfix-v8-static-class-fields-redefine-readonly cache-miss
2609 http fetch GET 200 https://registry.npmjs.org/flow-parser 170ms (cache updated)
2610 silly packumentCache full:https://registry.npmjs.org/flow-parser set size:undefined disposed:false
2611 silly fetch manifest @babel/plugin-proposal-private-property-in-object@7.21.0-placeholder-for-preset-env.2
2612 silly packumentCache full:https://registry.npmjs.org/@babel%2fplugin-proposal-private-property-in-object cache-miss
2613 http fetch GET 200 https://registry.npmjs.org/@babel%2fplugin-bugfix-safari-id-destructuring-collision-in-function-expression 90ms (cache updated)
2614 silly packumentCache full:https://registry.npmjs.org/@babel%2fplugin-bugfix-safari-id-destructuring-collision-in-function-expression set size:undefined disposed:false
2615 silly fetch manifest @babel/plugin-syntax-import-assertions@^7.27.1
2616 silly packumentCache full:https://registry.npmjs.org/@babel%2fplugin-syntax-import-assertions cache-miss
2617 http fetch GET 200 https://registry.npmjs.org/@babel%2fplugin-bugfix-v8-static-class-fields-redefine-readonly 76ms (cache updated)
2618 silly packumentCache full:https://registry.npmjs.org/@babel%2fplugin-bugfix-v8-static-class-fields-redefine-readonly set size:undefined disposed:false
2619 silly fetch manifest @babel/plugin-syntax-import-attributes@^7.27.1
2620 silly packumentCache full:https://registry.npmjs.org/@babel%2fplugin-syntax-import-attributes cache-miss
2621 http fetch GET 200 https://registry.npmjs.org/@babel%2fplugin-proposal-private-property-in-object 67ms (cache updated)
2622 silly packumentCache full:https://registry.npmjs.org/@babel%2fplugin-proposal-private-property-in-object set size:undefined disposed:false
2623 silly fetch manifest @babel/plugin-syntax-unicode-sets-regex@^7.18.6
2624 silly packumentCache full:https://registry.npmjs.org/@babel%2fplugin-syntax-unicode-sets-regex cache-miss
2625 http fetch GET 200 https://registry.npmjs.org/@babel%2fplugin-syntax-import-assertions 55ms (cache updated)
2626 silly packumentCache full:https://registry.npmjs.org/@babel%2fplugin-syntax-import-assertions set size:undefined disposed:false
2627 silly fetch manifest @babel/plugin-transform-block-scoped-functions@^7.27.1
2628 silly packumentCache full:https://registry.npmjs.org/@babel%2fplugin-transform-block-scoped-functions cache-miss
2629 http fetch GET 200 https://registry.npmjs.org/@babel%2fplugin-syntax-unicode-sets-regex 64ms (cache updated)
2630 silly packumentCache full:https://registry.npmjs.org/@babel%2fplugin-syntax-unicode-sets-regex set size:undefined disposed:false
2631 silly fetch manifest @babel/plugin-transform-class-static-block@^7.27.1
2632 silly packumentCache full:https://registry.npmjs.org/@babel%2fplugin-transform-class-static-block cache-miss
2633 http fetch GET 200 https://registry.npmjs.org/@babel%2fplugin-transform-block-scoped-functions 57ms (cache updated)
2634 silly packumentCache full:https://registry.npmjs.org/@babel%2fplugin-transform-block-scoped-functions set size:undefined disposed:false
2635 silly fetch manifest @babel/plugin-transform-dotall-regex@^7.27.1
2636 silly packumentCache full:https://registry.npmjs.org/@babel%2fplugin-transform-dotall-regex cache-miss
2637 http fetch GET 200 https://registry.npmjs.org/@babel%2fplugin-syntax-import-attributes 135ms (cache updated)
2638 silly packumentCache full:https://registry.npmjs.org/@babel%2fplugin-syntax-import-attributes set size:undefined disposed:false
2639 silly fetch manifest @babel/plugin-transform-duplicate-keys@^7.27.1
2640 silly packumentCache full:https://registry.npmjs.org/@babel%2fplugin-transform-duplicate-keys cache-miss
2641 http fetch GET 200 https://registry.npmjs.org/@babel%2fplugin-transform-class-static-block 89ms (cache updated)
2642 silly packumentCache full:https://registry.npmjs.org/@babel%2fplugin-transform-class-static-block set size:undefined disposed:false
2643 silly fetch manifest @babel/plugin-transform-duplicate-named-capturing-groups-regex@^7.27.1
2644 silly packumentCache full:https://registry.npmjs.org/@babel%2fplugin-transform-duplicate-named-capturing-groups-regex cache-miss
2645 http fetch GET 200 https://registry.npmjs.org/@babel%2fplugin-transform-dotall-regex 78ms (cache updated)
2646 silly packumentCache full:https://registry.npmjs.org/@babel%2fplugin-transform-dotall-regex set size:undefined disposed:false
2647 silly fetch manifest @babel/plugin-transform-dynamic-import@^7.27.1
2648 silly packumentCache full:https://registry.npmjs.org/@babel%2fplugin-transform-dynamic-import cache-miss
2649 http fetch GET 200 https://registry.npmjs.org/@babel%2fplugin-transform-duplicate-keys 107ms (cache updated)
2650 silly packumentCache full:https://registry.npmjs.org/@babel%2fplugin-transform-duplicate-keys set size:undefined disposed:false
2651 silly fetch manifest @babel/plugin-transform-exponentiation-operator@^7.27.1
2652 silly packumentCache full:https://registry.npmjs.org/@babel%2fplugin-transform-exponentiation-operator cache-miss
2653 http fetch GET 200 https://registry.npmjs.org/@babel%2fplugin-transform-duplicate-named-capturing-groups-regex 78ms (cache updated)
2654 silly packumentCache full:https://registry.npmjs.org/@babel%2fplugin-transform-duplicate-named-capturing-groups-regex set size:undefined disposed:false
2655 silly fetch manifest @babel/plugin-transform-json-strings@^7.27.1
2656 silly packumentCache full:https://registry.npmjs.org/@babel%2fplugin-transform-json-strings cache-miss
2657 http fetch GET 200 https://registry.npmjs.org/@babel%2fplugin-transform-dynamic-import 74ms (cache updated)
2658 silly packumentCache full:https://registry.npmjs.org/@babel%2fplugin-transform-dynamic-import set size:undefined disposed:false
2659 silly fetch manifest @babel/plugin-transform-member-expression-literals@^7.27.1
2660 silly packumentCache full:https://registry.npmjs.org/@babel%2fplugin-transform-member-expression-literals cache-miss
2661 http fetch GET 200 https://registry.npmjs.org/@babel%2fplugin-bugfix-v8-spread-parameters-in-optional-chaining 395ms (cache updated)
2662 silly packumentCache full:https://registry.npmjs.org/@babel%2fplugin-bugfix-v8-spread-parameters-in-optional-chaining set size:undefined disposed:false
2663 silly fetch manifest @babel/plugin-transform-modules-amd@^7.27.1
2664 silly packumentCache full:https://registry.npmjs.org/@babel%2fplugin-transform-modules-amd cache-miss
2665 http fetch GET 200 https://registry.npmjs.org/@babel%2fplugin-transform-json-strings 74ms (cache updated)
2666 silly packumentCache full:https://registry.npmjs.org/@babel%2fplugin-transform-json-strings set size:undefined disposed:false
2667 silly fetch manifest @babel/plugin-transform-modules-systemjs@^7.27.1
2668 silly packumentCache full:https://registry.npmjs.org/@babel%2fplugin-transform-modules-systemjs cache-miss
2669 http fetch GET 200 https://registry.npmjs.org/@babel%2fplugin-transform-member-expression-literals 108ms (cache updated)
2670 silly packumentCache full:https://registry.npmjs.org/@babel%2fplugin-transform-member-expression-literals set size:undefined disposed:false
2671 silly fetch manifest @babel/plugin-transform-modules-umd@^7.27.1
2672 silly packumentCache full:https://registry.npmjs.org/@babel%2fplugin-transform-modules-umd cache-miss
2673 http fetch GET 200 https://registry.npmjs.org/@babel%2fplugin-transform-exponentiation-operator 120ms (cache updated)
2674 silly packumentCache full:https://registry.npmjs.org/@babel%2fplugin-transform-exponentiation-operator set size:undefined disposed:false
2675 silly fetch manifest @babel/plugin-transform-new-target@^7.27.1
2676 silly packumentCache full:https://registry.npmjs.org/@babel%2fplugin-transform-new-target cache-miss
2677 http fetch GET 200 https://registry.npmjs.org/@babel%2fplugin-transform-modules-systemjs 94ms (cache updated)
2678 silly packumentCache full:https://registry.npmjs.org/@babel%2fplugin-transform-modules-systemjs set size:undefined disposed:false
2679 silly fetch manifest @babel/plugin-transform-object-super@^7.27.1
2680 silly packumentCache full:https://registry.npmjs.org/@babel%2fplugin-transform-object-super cache-miss
2681 http fetch GET 200 https://registry.npmjs.org/jscodeshift 659ms (cache updated)
2682 silly packumentCache full:https://registry.npmjs.org/jscodeshift set size:undefined disposed:false
2683 silly fetch manifest @babel/plugin-transform-property-literals@^7.27.1
2684 silly packumentCache full:https://registry.npmjs.org/@babel%2fplugin-transform-property-literals cache-miss
2685 http fetch GET 200 https://registry.npmjs.org/@babel%2fplugin-transform-modules-amd 174ms (cache updated)
2686 silly packumentCache full:https://registry.npmjs.org/@babel%2fplugin-transform-modules-amd set size:undefined disposed:false
2687 silly fetch manifest @babel/plugin-transform-regexp-modifiers@^7.27.1
2688 silly packumentCache full:https://registry.npmjs.org/@babel%2fplugin-transform-regexp-modifiers cache-miss
2689 http fetch GET 200 https://registry.npmjs.org/@babel%2fplugin-transform-new-target 116ms (cache updated)
2690 silly packumentCache full:https://registry.npmjs.org/@babel%2fplugin-transform-new-target set size:undefined disposed:false
2691 silly fetch manifest @babel/plugin-transform-reserved-words@^7.27.1
2692 silly packumentCache full:https://registry.npmjs.org/@babel%2fplugin-transform-reserved-words cache-miss
2693 http fetch GET 200 https://registry.npmjs.org/@babel%2fplugin-transform-modules-umd 126ms (cache updated)
2694 silly packumentCache full:https://registry.npmjs.org/@babel%2fplugin-transform-modules-umd set size:undefined disposed:false
2695 silly fetch manifest @babel/plugin-transform-template-literals@^7.27.1
2696 silly packumentCache full:https://registry.npmjs.org/@babel%2fplugin-transform-template-literals cache-miss
2697 http fetch GET 200 https://registry.npmjs.org/@babel%2fplugin-transform-property-literals 98ms (cache updated)
2698 silly packumentCache full:https://registry.npmjs.org/@babel%2fplugin-transform-property-literals set size:undefined disposed:false
2699 silly fetch manifest @babel/plugin-transform-typeof-symbol@^7.27.1
2700 silly packumentCache full:https://registry.npmjs.org/@babel%2fplugin-transform-typeof-symbol cache-miss
2701 http fetch GET 200 https://registry.npmjs.org/@babel%2fplugin-transform-regexp-modifiers 77ms (cache updated)
2702 silly packumentCache full:https://registry.npmjs.org/@babel%2fplugin-transform-regexp-modifiers set size:undefined disposed:false
2703 silly fetch manifest @babel/plugin-transform-unicode-escapes@^7.27.1
2704 silly packumentCache full:https://registry.npmjs.org/@babel%2fplugin-transform-unicode-escapes cache-miss
2705 http fetch GET 200 https://registry.npmjs.org/@babel%2fplugin-transform-reserved-words 73ms (cache updated)
2706 silly packumentCache full:https://registry.npmjs.org/@babel%2fplugin-transform-reserved-words set size:undefined disposed:false
2707 silly fetch manifest @babel/plugin-transform-unicode-property-regex@^7.27.1
2708 silly packumentCache full:https://registry.npmjs.org/@babel%2fplugin-transform-unicode-property-regex cache-miss
2709 http fetch GET 200 https://registry.npmjs.org/@babel%2fplugin-transform-object-super 151ms (cache updated)
2710 silly packumentCache full:https://registry.npmjs.org/@babel%2fplugin-transform-object-super set size:undefined disposed:false
2711 silly fetch manifest @babel/plugin-transform-unicode-sets-regex@^7.27.1
2712 silly packumentCache full:https://registry.npmjs.org/@babel%2fplugin-transform-unicode-sets-regex cache-miss
2713 http fetch GET 200 https://registry.npmjs.org/@babel%2fplugin-transform-template-literals 106ms (cache updated)
2714 silly packumentCache full:https://registry.npmjs.org/@babel%2fplugin-transform-template-literals set size:undefined disposed:false
2715 silly fetch manifest @babel/preset-modules@0.1.6-no-external-plugins
2716 silly packumentCache full:https://registry.npmjs.org/@babel%2fpreset-modules cache-miss
2717 http fetch GET 200 https://registry.npmjs.org/@babel%2fplugin-transform-unicode-escapes 66ms (cache updated)
2718 silly packumentCache full:https://registry.npmjs.org/@babel%2fplugin-transform-unicode-escapes set size:undefined disposed:false
2719 silly fetch manifest execa@^5.1.1
2720 silly packumentCache full:https://registry.npmjs.org/execa cache-miss
2721 http cache https://registry.npmjs.org/execa 4ms (cache hit)
2722 silly packumentCache full:https://registry.npmjs.org/execa set size:172691 disposed:false
2723 silly fetch manifest metro@^0.80.3
2724 silly packumentCache full:https://registry.npmjs.org/metro cache-miss
2725 http fetch GET 200 https://registry.npmjs.org/@babel%2fplugin-transform-unicode-property-regex 61ms (cache updated)
2726 silly packumentCache full:https://registry.npmjs.org/@babel%2fplugin-transform-unicode-property-regex set size:undefined disposed:false
2727 silly fetch manifest readline@^1.3.0
2728 silly packumentCache full:https://registry.npmjs.org/readline cache-miss
2729 http fetch GET 200 https://registry.npmjs.org/@babel%2fplugin-transform-unicode-sets-regex 57ms (cache updated)
2730 silly packumentCache full:https://registry.npmjs.org/@babel%2fplugin-transform-unicode-sets-regex set size:undefined disposed:false
2731 silly fetch manifest metro-core@^0.80.3
2732 silly packumentCache full:https://registry.npmjs.org/metro-core cache-miss
2733 http fetch GET 200 https://registry.npmjs.org/@babel%2fpreset-modules 60ms (cache updated)
2734 silly packumentCache full:https://registry.npmjs.org/@babel%2fpreset-modules set size:undefined disposed:false
2735 silly fetch manifest node-fetch@^2.2.0
2736 silly packumentCache full:https://registry.npmjs.org/node-fetch cache-miss
2737 http fetch GET 200 https://registry.npmjs.org/@babel%2fplugin-transform-typeof-symbol 124ms (cache updated)
2738 silly packumentCache full:https://registry.npmjs.org/@babel%2fplugin-transform-typeof-symbol set size:undefined disposed:false
2739 silly fetch manifest metro-config@^0.80.3
2740 silly packumentCache full:https://registry.npmjs.org/metro-config cache-miss
2741 http fetch GET 200 https://registry.npmjs.org/@react-native-community%2fcli-hermes 1145ms (cache updated)
2742 silly packumentCache full:https://registry.npmjs.org/@react-native-community%2fcli-hermes set size:undefined disposed:false
2743 silly fetch manifest @react-native/dev-middleware@0.73.8
2744 silly packumentCache full:https://registry.npmjs.org/@react-native%2fdev-middleware cache-miss
2745 http cache https://registry.npmjs.org/@react-native%2fdev-middleware 14ms (cache hit)
2746 silly packumentCache full:https://registry.npmjs.org/@react-native%2fdev-middleware set size:1442164 disposed:false
2747 silly fetch manifest @react-native-community/cli-tools@12.3.7
2748 silly packumentCache full:https://registry.npmjs.org/@react-native-community%2fcli-tools cache-miss
2749 http cache https://registry.npmjs.org/@react-native-community%2fcli-tools 24ms (cache hit)
2750 silly packumentCache full:https://registry.npmjs.org/@react-native-community%2fcli-tools set size:670928 disposed:false
2751 silly fetch manifest @react-native/metro-babel-transformer@0.73.15
2752 silly packumentCache full:https://registry.npmjs.org/@react-native%2fmetro-babel-transformer cache-miss
2753 http fetch GET 200 https://registry.npmjs.org/metro-core 178ms (cache updated)
2754 silly packumentCache full:https://registry.npmjs.org/metro-core set size:undefined disposed:false
2755 silly fetch manifest @react-native-community/cli-server-api@12.3.7
2756 silly packumentCache full:https://registry.npmjs.org/@react-native-community%2fcli-server-api cache-miss
2757 http fetch GET 200 https://registry.npmjs.org/metro 208ms (cache updated)
2758 silly packumentCache full:https://registry.npmjs.org/metro set size:undefined disposed:false
2759 silly fetch manifest event-target-shim@^5.0.0
2760 silly packumentCache full:https://registry.npmjs.org/event-target-shim cache-miss
2761 http cache https://registry.npmjs.org/@react-native-community%2fcli-server-api 19ms (cache hit)
2762 silly packumentCache full:https://registry.npmjs.org/@react-native-community%2fcli-server-api set size:575085 disposed:false
2763 silly fetch manifest @react-native/normalize-colors@^0.73.0
2764 silly packumentCache full:https://registry.npmjs.org/@react-native%2fnormalize-colors cache-miss
2765 http cache https://registry.npmjs.org/event-target-shim 16ms (cache hit)
2766 silly packumentCache full:https://registry.npmjs.org/event-target-shim set size:103601 disposed:false
2767 silly fetch manifest prop-types@^15.8.1
2768 silly packumentCache full:https://registry.npmjs.org/prop-types cache-miss
2769 http fetch GET 200 https://registry.npmjs.org/@react-native-community%2fcli-plugin-metro 1224ms (cache updated)
2770 silly packumentCache full:https://registry.npmjs.org/@react-native-community%2fcli-plugin-metro set size:undefined disposed:false
2771 silly fetch manifest jest-mock@^29.7.0
2772 silly packumentCache full:https://registry.npmjs.org/jest-mock cache-miss
2773 http cache https://registry.npmjs.org/@react-native%2fnormalize-colors 18ms (cache hit)
2774 silly packumentCache full:https://registry.npmjs.org/@react-native%2fnormalize-colors set size:1156383 disposed:false
2775 silly fetch manifest jest-util@^29.7.0
2776 silly packumentCache full:https://registry.npmjs.org/jest-util cache-miss
2777 http cache https://registry.npmjs.org/prop-types 35ms (cache hit)
2778 silly packumentCache full:https://registry.npmjs.org/prop-types set size:76747 disposed:false
2779 silly fetch manifest @jest/environment@^29.7.0
2780 silly packumentCache full:https://registry.npmjs.org/@jest%2fenvironment cache-miss
2781 http fetch GET 200 https://registry.npmjs.org/metro-config 231ms (cache updated)
2782 silly packumentCache full:https://registry.npmjs.org/metro-config set size:undefined disposed:false
2783 silly fetch manifest @jest/fake-timers@^29.7.0
2784 silly packumentCache full:https://registry.npmjs.org/@jest%2ffake-timers cache-miss
2785 http fetch GET 200 https://registry.npmjs.org/node-fetch 241ms (cache updated)
2786 silly packumentCache full:https://registry.npmjs.org/node-fetch set size:undefined disposed:false
2787 silly fetch manifest ob1@0.80.12
2788 silly packumentCache full:https://registry.npmjs.org/ob1 cache-miss
2789 http fetch GET 200 https://registry.npmjs.org/jest-mock 131ms (cache updated)
2790 silly packumentCache full:https://registry.npmjs.org/jest-mock set size:undefined disposed:false
2791 silly fetch manifest vlq@^1.0.0
2792 silly packumentCache full:https://registry.npmjs.org/vlq cache-miss
2793 http fetch GET 200 https://registry.npmjs.org/ob1 175ms (cache updated)
2794 silly packumentCache full:https://registry.npmjs.org/ob1 set size:undefined disposed:false
2795 silly fetch manifest source-map@^0.5.6
2796 silly packumentCache full:https://registry.npmjs.org/source-map cache-miss
2797 http fetch GET 200 https://registry.npmjs.org/jest-util 221ms (cache updated)
2798 silly packumentCache full:https://registry.npmjs.org/jest-util set size:undefined disposed:false
2799 silly fetch manifest metro-symbolicate@0.80.12
2800 silly packumentCache full:https://registry.npmjs.org/metro-symbolicate cache-miss
2801 http fetch GET 200 https://registry.npmjs.org/readline 504ms (cache updated)
2802 silly packumentCache full:https://registry.npmjs.org/readline set size:undefined disposed:false
2803 silly fetch manifest minimist@^1.2.6
2804 silly packumentCache full:https://registry.npmjs.org/minimist cache-miss
2805 http cache https://registry.npmjs.org/source-map 34ms (cache hit)
2806 silly packumentCache full:https://registry.npmjs.org/source-map set size:243370 disposed:false
2807 silly fetch manifest react-is@^17.0.1
2808 silly packumentCache full:https://registry.npmjs.org/react-is cache-miss
2809 http fetch GET 200 https://registry.npmjs.org/vlq 138ms (cache updated)
2810 silly packumentCache full:https://registry.npmjs.org/vlq set size:undefined disposed:false
2811 silly fetch manifest @jest/types@^26.6.2
2812 silly packumentCache full:https://registry.npmjs.org/@jest%2ftypes cache-miss
2813 http fetch GET 200 https://registry.npmjs.org/@jest%2ffake-timers 241ms (cache updated)
2814 silly packumentCache full:https://registry.npmjs.org/@jest%2ffake-timers set size:undefined disposed:false
2815 silly fetch manifest asap@~2.0.6
2816 silly packumentCache full:https://registry.npmjs.org/asap cache-miss
2817 http fetch GET 200 https://registry.npmjs.org/@jest%2fenvironment 273ms (cache updated)
2818 silly packumentCache full:https://registry.npmjs.org/@jest%2fenvironment set size:undefined disposed:false
2819 silly fetch manifest ws@^7
2820 silly packumentCache full:https://registry.npmjs.org/ws cache-hit
2821 silly fetch manifest shell-quote@^1.6.1
2822 silly packumentCache full:https://registry.npmjs.org/shell-quote cache-miss
2823 http cache https://registry.npmjs.org/@jest%2ftypes 33ms (cache hit)
2824 silly packumentCache full:https://registry.npmjs.org/@jest%2ftypes set size:272179 disposed:false
2825 silly fetch manifest object-assign@^4.1.1
2826 silly packumentCache full:https://registry.npmjs.org/object-assign cache-miss
2827 http cache https://registry.npmjs.org/react-is 51ms (cache hit)
2828 silly packumentCache full:https://registry.npmjs.org/react-is set size:4605817 disposed:false
2829 http fetch GET 200 https://registry.npmjs.org/asap 153ms (cache updated)
2830 silly packumentCache full:https://registry.npmjs.org/asap set size:undefined disposed:false
2831 http fetch GET 200 https://registry.npmjs.org/shell-quote 134ms (cache updated)
2832 silly packumentCache full:https://registry.npmjs.org/shell-quote set size:undefined disposed:false
2833 http fetch GET 200 https://registry.npmjs.org/object-assign 130ms (cache updated)
2834 silly packumentCache full:https://registry.npmjs.org/object-assign set size:undefined disposed:false
2835 http fetch GET 200 https://registry.npmjs.org/metro-symbolicate 464ms (cache updated)
2836 silly packumentCache full:https://registry.npmjs.org/metro-symbolicate set size:undefined disposed:false
2837 http fetch GET 200 https://registry.npmjs.org/minimist 464ms (cache updated)
2838 silly packumentCache full:https://registry.npmjs.org/minimist set size:undefined disposed:false
2839 http fetch GET 200 https://registry.npmjs.org/@react-native%2fmetro-babel-transformer 1181ms (cache updated)
2840 silly packumentCache full:https://registry.npmjs.org/@react-native%2fmetro-babel-transformer set size:undefined disposed:false
2841 silly placeDep ROOT @babel/plugin-bugfix-firefox-class-in-computed-class-key@7.27.1 OK for: @babel/preset-env@7.27.1 want: ^7.27.1
2842 silly placeDep ROOT @babel/plugin-bugfix-safari-class-field-initializer-scope@7.27.1 OK for: @babel/preset-env@7.27.1 want: ^7.27.1
2843 silly placeDep ROOT @babel/plugin-bugfix-safari-id-destructuring-collision-in-function-expression@7.27.1 OK for: @babel/preset-env@7.27.1 want: ^7.27.1
2844 silly placeDep ROOT @babel/plugin-bugfix-v8-spread-parameters-in-optional-chaining@7.27.1 OK for: @babel/preset-env@7.27.1 want: ^7.27.1
2845 silly placeDep ROOT @babel/plugin-bugfix-v8-static-class-fields-redefine-readonly@7.27.1 OK for: @babel/preset-env@7.27.1 want: ^7.27.1
2846 silly placeDep ROOT @babel/plugin-proposal-private-property-in-object@7.21.0-placeholder-for-preset-env.2 OK for: @babel/preset-env@7.27.1 want: 7.21.0-placeholder-for-preset-env.2
2847 silly placeDep ROOT @babel/plugin-syntax-import-assertions@7.27.1 OK for: @babel/preset-env@7.27.1 want: ^7.27.1
2848 silly placeDep ROOT @babel/plugin-syntax-import-attributes@7.27.1 OK for: @babel/preset-env@7.27.1 want: ^7.27.1
2849 silly placeDep ROOT @babel/plugin-syntax-unicode-sets-regex@7.18.6 OK for: @babel/preset-env@7.27.1 want: ^7.18.6
2850 silly placeDep ROOT @babel/plugin-transform-block-scoped-functions@7.27.1 OK for: @babel/preset-env@7.27.1 want: ^7.27.1
2851 silly placeDep ROOT @babel/plugin-transform-class-static-block@7.27.1 OK for: @babel/preset-env@7.27.1 want: ^7.27.1
2852 silly placeDep ROOT @babel/plugin-transform-dotall-regex@7.27.1 OK for: @babel/preset-env@7.27.1 want: ^7.27.1
2853 silly placeDep ROOT @babel/plugin-transform-duplicate-keys@7.27.1 OK for: @babel/preset-env@7.27.1 want: ^7.27.1
2854 silly placeDep ROOT @babel/plugin-transform-duplicate-named-capturing-groups-regex@7.27.1 OK for: @babel/preset-env@7.27.1 want: ^7.27.1
2855 silly placeDep ROOT @babel/plugin-transform-dynamic-import@7.27.1 OK for: @babel/preset-env@7.27.1 want: ^7.27.1
2856 silly placeDep ROOT @babel/plugin-transform-exponentiation-operator@7.27.1 OK for: @babel/preset-env@7.27.1 want: ^7.27.1
2857 silly placeDep ROOT @babel/plugin-transform-json-strings@7.27.1 OK for: @babel/preset-env@7.27.1 want: ^7.27.1
2858 silly placeDep ROOT @babel/plugin-transform-member-expression-literals@7.27.1 OK for: @babel/preset-env@7.27.1 want: ^7.27.1
2859 silly placeDep ROOT @babel/plugin-transform-modules-amd@7.27.1 OK for: @babel/preset-env@7.27.1 want: ^7.27.1
2860 silly placeDep ROOT @babel/plugin-transform-modules-systemjs@7.27.1 OK for: @babel/preset-env@7.27.1 want: ^7.27.1
2861 silly placeDep ROOT @babel/plugin-transform-modules-umd@7.27.1 OK for: @babel/preset-env@7.27.1 want: ^7.27.1
2862 silly placeDep ROOT @babel/plugin-transform-new-target@7.27.1 OK for: @babel/preset-env@7.27.1 want: ^7.27.1
2863 silly placeDep ROOT @babel/plugin-transform-object-super@7.27.1 OK for: @babel/preset-env@7.27.1 want: ^7.27.1
2864 silly placeDep ROOT @babel/plugin-transform-property-literals@7.27.1 OK for: @babel/preset-env@7.27.1 want: ^7.27.1
2865 silly placeDep ROOT @babel/plugin-transform-regexp-modifiers@7.27.1 OK for: @babel/preset-env@7.27.1 want: ^7.27.1
2866 silly placeDep ROOT @babel/plugin-transform-reserved-words@7.27.1 OK for: @babel/preset-env@7.27.1 want: ^7.27.1
2867 silly placeDep ROOT @babel/plugin-transform-template-literals@7.27.1 OK for: @babel/preset-env@7.27.1 want: ^7.27.1
2868 silly placeDep ROOT @babel/plugin-transform-typeof-symbol@7.27.1 OK for: @babel/preset-env@7.27.1 want: ^7.27.1
2869 silly placeDep ROOT @babel/plugin-transform-unicode-escapes@7.27.1 OK for: @babel/preset-env@7.27.1 want: ^7.27.1
2870 silly placeDep ROOT @babel/plugin-transform-unicode-property-regex@7.27.1 OK for: @babel/preset-env@7.27.1 want: ^7.27.1
2871 silly placeDep ROOT @babel/plugin-transform-unicode-sets-regex@7.27.1 OK for: @babel/preset-env@7.27.1 want: ^7.27.1
2872 silly placeDep ROOT @babel/preset-modules@0.1.6-no-external-plugins OK for: @babel/preset-env@7.27.1 want: 0.1.6-no-external-plugins
2873 silly placeDep node_modules/@babel/preset-env semver@6.3.1 OK for: @babel/preset-env@7.27.1 want: ^6.3.1
2874 silly fetch manifest esutils@^2.0.2
2875 silly packumentCache full:https://registry.npmjs.org/esutils cache-miss
2876 http fetch GET 200 https://registry.npmjs.org/esutils 55ms (cache updated)
2877 silly packumentCache full:https://registry.npmjs.org/esutils set size:undefined disposed:false
2878 silly placeDep ROOT esutils@2.0.3 OK for: @babel/preset-modules@0.1.6-no-external-plugins want: ^2.0.2
2879 silly placeDep ROOT @jest/types@29.6.3 OK for: @jest/create-cache-key-function@29.7.0 want: ^29.6.3
2880 silly fetch manifest @types/yargs@^17.0.8
2881 silly packumentCache full:https://registry.npmjs.org/@types%2fyargs cache-miss
2882 silly fetch manifest @types/istanbul-reports@^3.0.0
2883 silly packumentCache full:https://registry.npmjs.org/@types%2fistanbul-reports cache-miss
2884 silly fetch manifest @types/istanbul-lib-coverage@^2.0.0
2885 silly packumentCache full:https://registry.npmjs.org/@types%2fistanbul-lib-coverage cache-miss
2886 http fetch GET 200 https://registry.npmjs.org/@types%2fistanbul-reports 66ms (cache updated)
2887 silly packumentCache full:https://registry.npmjs.org/@types%2fistanbul-reports set size:undefined disposed:false
2888 http fetch GET 200 https://registry.npmjs.org/@types%2fistanbul-lib-coverage 92ms (cache updated)
2889 silly packumentCache full:https://registry.npmjs.org/@types%2fistanbul-lib-coverage set size:undefined disposed:false
2890 http fetch GET 200 https://registry.npmjs.org/@types%2fyargs 95ms (cache updated)
2891 silly packumentCache full:https://registry.npmjs.org/@types%2fyargs set size:undefined disposed:false
2892 silly placeDep ROOT @types/istanbul-lib-coverage@2.0.6 OK for: @jest/types@29.6.3 want: ^2.0.0
2893 silly placeDep ROOT @types/istanbul-reports@3.0.4 OK for: @jest/types@29.6.3 want: ^3.0.0
2894 silly placeDep ROOT @types/yargs@17.0.33 OK for: @jest/types@29.6.3 want: ^17.0.8
2895 silly fetch manifest @types/istanbul-lib-report@*
2896 silly packumentCache full:https://registry.npmjs.org/@types%2fistanbul-lib-report cache-miss
2897 silly fetch manifest @types/yargs-parser@*
2898 silly packumentCache full:https://registry.npmjs.org/@types%2fyargs-parser cache-miss
2899 http fetch GET 200 https://registry.npmjs.org/@types%2fistanbul-lib-report 124ms (cache updated)
2900 silly packumentCache full:https://registry.npmjs.org/@types%2fistanbul-lib-report set size:undefined disposed:false
2901 http fetch GET 200 https://registry.npmjs.org/@types%2fyargs-parser 126ms (cache updated)
2902 silly packumentCache full:https://registry.npmjs.org/@types%2fyargs-parser set size:undefined disposed:false
2903 silly placeDep ROOT @react-native-community/cli-clean@12.1.1 OK for: @react-native-community/cli@12.1.1 want: 12.1.1
2904 silly placeDep ROOT @react-native-community/cli-config@12.1.1 OK for: @react-native-community/cli@12.1.1 want: 12.1.1
2905 silly placeDep ROOT @react-native-community/cli-debugger-ui@12.1.1 OK for: @react-native-community/cli@12.1.1 want: 12.1.1
2906 silly placeDep ROOT @react-native-community/cli-doctor@12.1.1 OK for: @react-native-community/cli@12.1.1 want: 12.1.1
2907 silly placeDep ROOT @react-native-community/cli-hermes@12.1.1 OK for: @react-native-community/cli@12.1.1 want: 12.1.1
2908 silly placeDep ROOT @react-native-community/cli-plugin-metro@12.1.1 OK for: @react-native-community/cli@12.1.1 want: 12.1.1
2909 silly placeDep ROOT @react-native-community/cli-server-api@12.1.1 OK for: @react-native-community/cli@12.1.1 want: 12.1.1
2910 silly placeDep ROOT @react-native-community/cli-tools@12.1.1 OK for: @react-native-community/cli@12.1.1 want: 12.1.1
2911 silly placeDep ROOT @react-native-community/cli-types@12.1.1 OK for: @react-native-community/cli@12.1.1 want: 12.1.1
2912 silly placeDep node_modules/@react-native-community/cli commander@9.5.0 OK for: @react-native-community/cli@12.1.1 want: ^9.4.1
2913 silly placeDep ROOT execa@5.1.1 OK for: @react-native-community/cli@12.1.1 want: ^5.0.0
2914 silly placeDep node_modules/@react-native-community/cli find-up@4.1.0 OK for: @react-native-community/cli@12.1.1 want: ^4.1.0
2915 silly placeDep ROOT fs-extra@8.1.0 OK for: @react-native-community/cli@12.1.1 want: ^8.1.0
2916 silly placeDep ROOT graceful-fs@4.2.11 OK for: @react-native-community/cli@12.1.1 want: ^4.1.3
2917 silly fetch manifest joi@^17.2.1
2918 silly packumentCache full:https://registry.npmjs.org/joi cache-miss
2919 silly fetch manifest cosmiconfig@^5.1.0
2920 silly packumentCache full:https://registry.npmjs.org/cosmiconfig cache-miss
2921 silly fetch manifest ip@^1.1.5
2922 silly packumentCache full:https://registry.npmjs.org/ip cache-miss
2923 silly fetch manifest yaml@^2.2.1
2924 silly packumentCache full:https://registry.npmjs.org/yaml cache-miss
2925 silly fetch manifest envinfo@^7.10.0
2926 silly packumentCache full:https://registry.npmjs.org/envinfo cache-miss
2927 silly fetch manifest command-exists@^1.2.8
2928 silly packumentCache full:https://registry.npmjs.org/command-exists cache-miss
2929 silly fetch manifest node-stream-zip@^1.9.1
2930 silly packumentCache full:https://registry.npmjs.org/node-stream-zip cache-miss
2931 http fetch GET 200 https://registry.npmjs.org/ip 93ms (cache updated)
2932 silly packumentCache full:https://registry.npmjs.org/ip set size:undefined disposed:false
2933 silly fetch manifest hermes-profile-transformer@^0.0.6
2934 silly packumentCache full:https://registry.npmjs.org/hermes-profile-transformer cache-miss
2935 http fetch GET 200 https://registry.npmjs.org/cosmiconfig 130ms (cache updated)
2936 silly packumentCache full:https://registry.npmjs.org/cosmiconfig set size:undefined disposed:false
2937 silly fetch manifest hermes-profile-transformer@^0.0.6
2938 silly packumentCache full:https://registry.npmjs.org/hermes-profile-transformer cache-miss
2939 http fetch GET 200 https://registry.npmjs.org/command-exists 161ms (cache updated)
2940 silly packumentCache full:https://registry.npmjs.org/command-exists set size:undefined disposed:false
2941 silly fetch manifest ws@^7.5.1
2942 silly packumentCache full:https://registry.npmjs.org/ws cache-hit
2943 silly fetch manifest nocache@^3.0.1
2944 silly packumentCache full:https://registry.npmjs.org/nocache cache-miss
2945 http fetch GET 200 https://registry.npmjs.org/joi 179ms (cache updated)
2946 silly packumentCache full:https://registry.npmjs.org/joi set size:undefined disposed:false
2947 silly fetch manifest errorhandler@^1.5.1
2948 silly packumentCache full:https://registry.npmjs.org/errorhandler cache-miss
2949 http fetch GET 200 https://registry.npmjs.org/envinfo 191ms (cache updated)
2950 silly packumentCache full:https://registry.npmjs.org/envinfo set size:undefined disposed:false
2951 silly fetch manifest pretty-format@^26.6.2
2952 silly packumentCache full:https://registry.npmjs.org/pretty-format cache-hit
2953 silly fetch manifest mime@^2.4.1
2954 silly packumentCache full:https://registry.npmjs.org/mime cache-miss
2955 http fetch GET 200 https://registry.npmjs.org/yaml 201ms (cache updated)
2956 silly packumentCache full:https://registry.npmjs.org/yaml set size:undefined disposed:false
2957 silly fetch manifest open@^6.2.0
2958 silly packumentCache full:https://registry.npmjs.org/open cache-hit
2959 silly fetch manifest appdirsjs@^1.2.4
2960 silly packumentCache full:https://registry.npmjs.org/appdirsjs cache-miss
2961 http cache https://registry.npmjs.org/mime 15ms (cache hit)
2962 silly packumentCache full:https://registry.npmjs.org/mime set size:116750 disposed:false
2963 silly fetch manifest node-fetch@^2.6.0
2964 silly packumentCache full:https://registry.npmjs.org/node-fetch cache-miss
2965 http cache https://registry.npmjs.org/node-fetch 11ms (cache hit)
2966 silly packumentCache full:https://registry.npmjs.org/node-fetch set size:896010 disposed:false
2967 silly fetch manifest shell-quote@^1.7.3
2968 silly packumentCache full:https://registry.npmjs.org/shell-quote cache-miss
2969 http cache https://registry.npmjs.org/shell-quote 18ms (cache hit)
2970 silly packumentCache full:https://registry.npmjs.org/shell-quote set size:59206 disposed:false
2971 silly fetch manifest sudo-prompt@^9.0.0
2972 silly packumentCache full:https://registry.npmjs.org/sudo-prompt cache-miss
2973 http fetch GET 200 https://registry.npmjs.org/errorhandler 80ms (cache updated)
2974 silly packumentCache full:https://registry.npmjs.org/errorhandler set size:undefined disposed:false
2975 silly fetch manifest onetime@^5.1.2
2976 silly packumentCache full:https://registry.npmjs.org/onetime cache-miss
2977 http fetch GET 200 https://registry.npmjs.org/appdirsjs 64ms (cache updated)
2978 silly packumentCache full:https://registry.npmjs.org/appdirsjs set size:undefined disposed:false
2979 silly fetch manifest is-stream@^2.0.0
2980 silly packumentCache full:https://registry.npmjs.org/is-stream cache-miss
2981 http cache https://registry.npmjs.org/onetime 8ms (cache hit)
2982 silly packumentCache full:https://registry.npmjs.org/onetime set size:30525 disposed:false
2983 silly fetch manifest get-stream@^6.0.0
2984 silly packumentCache full:https://registry.npmjs.org/get-stream cache-miss
2985 http fetch GET 200 https://registry.npmjs.org/is-stream 43ms (cache updated)
2986 silly packumentCache full:https://registry.npmjs.org/is-stream set size:undefined disposed:false
2987 silly fetch manifest signal-exit@^3.0.3
2988 silly packumentCache full:https://registry.npmjs.org/signal-exit cache-hit
2989 silly fetch manifest merge-stream@^2.0.0
2990 silly packumentCache full:https://registry.npmjs.org/merge-stream cache-miss
2991 http fetch GET 200 https://registry.npmjs.org/sudo-prompt 63ms (cache updated)
2992 silly packumentCache full:https://registry.npmjs.org/sudo-prompt set size:undefined disposed:false
2993 silly fetch manifest npm-run-path@^4.0.1
2994 silly packumentCache full:https://registry.npmjs.org/npm-run-path cache-miss
2995 http fetch GET 200 https://registry.npmjs.org/get-stream 77ms (cache updated)
2996 silly packumentCache full:https://registry.npmjs.org/get-stream set size:undefined disposed:false
2997 silly fetch manifest human-signals@^2.1.0
2998 silly packumentCache full:https://registry.npmjs.org/human-signals cache-miss
2999 http fetch GET 200 https://registry.npmjs.org/merge-stream 53ms (cache updated)
3000 silly packumentCache full:https://registry.npmjs.org/merge-stream set size:undefined disposed:false
3001 silly fetch manifest strip-final-newline@^2.0.0
3002 silly packumentCache full:https://registry.npmjs.org/strip-final-newline cache-miss
3003 http fetch GET 200 https://registry.npmjs.org/npm-run-path 45ms (cache updated)
3004 silly packumentCache full:https://registry.npmjs.org/npm-run-path set size:undefined disposed:false
3005 silly fetch manifest locate-path@^5.0.0
3006 silly packumentCache full:https://registry.npmjs.org/locate-path cache-miss
3007 http cache https://registry.npmjs.org/locate-path 6ms (cache hit)
3008 silly packumentCache full:https://registry.npmjs.org/locate-path set size:29792 disposed:false
3009 silly fetch manifest jsonfile@^4.0.0
3010 silly packumentCache full:https://registry.npmjs.org/jsonfile cache-miss
3011 http fetch GET 200 https://registry.npmjs.org/human-signals 65ms (cache updated)
3012 silly packumentCache full:https://registry.npmjs.org/human-signals set size:undefined disposed:false
3013 silly fetch manifest graceful-fs@^4.2.0
3014 silly packumentCache full:https://registry.npmjs.org/graceful-fs cache-miss
3015 http fetch GET 200 https://registry.npmjs.org/strip-final-newline 55ms (cache updated)
3016 silly packumentCache full:https://registry.npmjs.org/strip-final-newline set size:undefined disposed:false
3017 silly fetch manifest universalify@^0.1.0
3018 silly packumentCache full:https://registry.npmjs.org/universalify cache-miss
3019 http cache https://registry.npmjs.org/graceful-fs 10ms (cache hit)
3020 silly packumentCache full:https://registry.npmjs.org/graceful-fs set size:124285 disposed:false
3021 http fetch GET 200 https://registry.npmjs.org/jsonfile 56ms (cache updated)
3022 silly packumentCache full:https://registry.npmjs.org/jsonfile set size:undefined disposed:false
3023 http fetch GET 200 https://registry.npmjs.org/node-stream-zip 471ms (cache updated)
3024 silly packumentCache full:https://registry.npmjs.org/node-stream-zip set size:undefined disposed:false
3025 http fetch GET 200 https://registry.npmjs.org/universalify 82ms (cache updated)
3026 silly packumentCache full:https://registry.npmjs.org/universalify set size:undefined disposed:false
3027 http fetch GET 200 https://registry.npmjs.org/hermes-profile-transformer 510ms (cache updated)
3028 silly packumentCache full:https://registry.npmjs.org/hermes-profile-transformer set size:undefined disposed:false
3029 http fetch GET 200 https://registry.npmjs.org/hermes-profile-transformer 481ms (cache updated)
3030 silly packumentCache full:https://registry.npmjs.org/hermes-profile-transformer set size:undefined disposed:false
3031 http fetch GET 200 https://registry.npmjs.org/nocache 466ms (cache updated)
3032 silly packumentCache full:https://registry.npmjs.org/nocache set size:undefined disposed:false
3033 silly placeDep ROOT cosmiconfig@5.2.1 OK for: @react-native-community/cli-config@12.1.1 want: ^5.1.0
3034 silly placeDep node_modules/@react-native-community/cli-config glob@7.2.3 OK for: @react-native-community/cli-config@12.1.1 want: ^7.1.3
3035 silly placeDep ROOT joi@17.13.3 OK for: @react-native-community/cli-config@12.1.1 want: ^17.2.1
3036 silly fetch manifest import-fresh@^2.0.0
3037 silly packumentCache full:https://registry.npmjs.org/import-fresh cache-miss
3038 silly fetch manifest is-directory@^0.3.1
3039 silly packumentCache full:https://registry.npmjs.org/is-directory cache-miss
3040 silly fetch manifest js-yaml@^3.13.1
3041 silly packumentCache full:https://registry.npmjs.org/js-yaml cache-miss
3042 silly fetch manifest parse-json@^4.0.0
3043 silly packumentCache full:https://registry.npmjs.org/parse-json cache-miss
3044 silly fetch manifest @hapi/hoek@^9.3.0
3045 silly packumentCache full:https://registry.npmjs.org/@hapi%2fhoek cache-miss
3046 silly fetch manifest @hapi/topo@^5.1.0
3047 silly packumentCache full:https://registry.npmjs.org/@hapi%2ftopo cache-miss
3048 silly fetch manifest @sideway/address@^4.1.5
3049 silly packumentCache full:https://registry.npmjs.org/@sideway%2faddress cache-miss
3050 http cache https://registry.npmjs.org/js-yaml 33ms (cache hit)
3051 silly packumentCache full:https://registry.npmjs.org/js-yaml set size:145975 disposed:false
3052 silly fetch manifest @sideway/formula@^3.0.1
3053 silly packumentCache full:https://registry.npmjs.org/@sideway%2fformula cache-miss
3054 http fetch GET 200 https://registry.npmjs.org/parse-json 55ms (cache updated)
3055 silly packumentCache full:https://registry.npmjs.org/parse-json set size:undefined disposed:false
3056 silly fetch manifest @sideway/pinpoint@^2.0.0
3057 silly packumentCache full:https://registry.npmjs.org/@sideway%2fpinpoint cache-miss
3058 http fetch GET 200 https://registry.npmjs.org/@hapi%2ftopo 81ms (cache updated)
3059 silly packumentCache full:https://registry.npmjs.org/@hapi%2ftopo set size:undefined disposed:false
3060 http fetch GET 200 https://registry.npmjs.org/@hapi%2fhoek 97ms (cache updated)
3061 silly packumentCache full:https://registry.npmjs.org/@hapi%2fhoek set size:undefined disposed:false
3062 http fetch GET 200 https://registry.npmjs.org/@sideway%2faddress 99ms (cache updated)
3063 silly packumentCache full:https://registry.npmjs.org/@sideway%2faddress set size:undefined disposed:false
3064 http fetch GET 200 https://registry.npmjs.org/import-fresh 121ms (cache updated)
3065 silly packumentCache full:https://registry.npmjs.org/import-fresh set size:undefined disposed:false
3066 http fetch GET 200 https://registry.npmjs.org/@sideway%2fpinpoint 64ms (cache updated)
3067 silly packumentCache full:https://registry.npmjs.org/@sideway%2fpinpoint set size:undefined disposed:false
3068 http fetch GET 200 https://registry.npmjs.org/@sideway%2fformula 86ms (cache updated)
3069 silly packumentCache full:https://registry.npmjs.org/@sideway%2fformula set size:undefined disposed:false
3070 http fetch GET 200 https://registry.npmjs.org/is-directory 500ms (cache updated)
3071 silly packumentCache full:https://registry.npmjs.org/is-directory set size:undefined disposed:false
3072 silly placeDep ROOT command-exists@1.2.9 OK for: @react-native-community/cli-doctor@12.1.1 want: ^1.2.8
3073 silly placeDep ROOT envinfo@7.14.0 OK for: @react-native-community/cli-doctor@12.1.1 want: ^7.10.0
3074 silly placeDep ROOT hermes-profile-transformer@0.0.6 OK for: @react-native-community/cli-doctor@12.1.1 want: ^0.0.6
3075 silly placeDep ROOT ip@1.1.9 OK for: @react-native-community/cli-doctor@12.1.1 want: ^1.1.5
3076 silly placeDep ROOT node-stream-zip@1.15.0 OK for: @react-native-community/cli-doctor@12.1.1 want: ^1.9.1
3077 silly placeDep node_modules/@react-native-community/cli-doctor ora@5.4.1 OK for: @react-native-community/cli-doctor@12.1.1 want: ^5.4.1
3078 silly placeDep node_modules/@react-native-community/cli-doctor strip-ansi@5.2.0 OK for: @react-native-community/cli-doctor@12.1.1 want: ^5.2.0
3079 silly placeDep ROOT yaml@2.7.1 OK for: @react-native-community/cli-doctor@12.1.1 want: ^2.2.1
3080 silly fetch manifest source-map@^0.7.3
3081 silly packumentCache full:https://registry.npmjs.org/source-map cache-hit
3082 silly fetch manifest bl@^4.1.0
3083 silly packumentCache full:https://registry.npmjs.org/bl cache-miss
3084 silly fetch manifest cli-cursor@^3.1.0
3085 silly packumentCache full:https://registry.npmjs.org/cli-cursor cache-miss
3086 silly fetch manifest log-symbols@^4.1.0
3087 silly packumentCache full:https://registry.npmjs.org/log-symbols cache-miss
3088 silly fetch manifest is-interactive@^1.0.0
3089 silly packumentCache full:https://registry.npmjs.org/is-interactive cache-miss
3090 silly fetch manifest is-unicode-supported@^0.1.0
3091 silly packumentCache full:https://registry.npmjs.org/is-unicode-supported cache-miss
3092 http cache https://registry.npmjs.org/log-symbols 25ms (cache hit)
3093 silly packumentCache full:https://registry.npmjs.org/log-symbols set size:30001 disposed:false
3094 http cache https://registry.npmjs.org/cli-cursor 32ms (cache hit)
3095 silly packumentCache full:https://registry.npmjs.org/cli-cursor set size:18913 disposed:false
3096 http fetch GET 200 https://registry.npmjs.org/is-interactive 76ms (cache updated)
3097 silly packumentCache full:https://registry.npmjs.org/is-interactive set size:undefined disposed:false
3098 http fetch GET 200 https://registry.npmjs.org/is-unicode-supported 79ms (cache updated)
3099 silly packumentCache full:https://registry.npmjs.org/is-unicode-supported set size:undefined disposed:false
3100 http fetch GET 200 https://registry.npmjs.org/bl 85ms (cache updated)
3101 silly packumentCache full:https://registry.npmjs.org/bl set size:undefined disposed:false
3102 silly placeDep ROOT fast-xml-parser@4.5.3 OK for: @react-native-community/cli-platform-android@12.1.1 want: ^4.2.4
3103 silly placeDep node_modules/@react-native-community/cli-platform-android glob@7.2.3 OK for: @react-native-community/cli-platform-android@12.1.1 want: ^7.1.3
3104 silly placeDep ROOT logkitty@0.7.1 OK for: @react-native-community/cli-platform-android@12.1.1 want: ^0.7.1
3105 silly fetch manifest strnum@^1.1.1
3106 silly packumentCache full:https://registry.npmjs.org/strnum cache-miss
3107 silly fetch manifest ansi-fragments@^0.2.1
3108 silly packumentCache full:https://registry.npmjs.org/ansi-fragments cache-miss
3109 silly fetch manifest dayjs@^1.8.15
3110 silly packumentCache full:https://registry.npmjs.org/dayjs cache-miss
3111 silly fetch manifest yargs@^15.1.0
3112 silly packumentCache full:https://registry.npmjs.org/yargs cache-miss
3113 http cache https://registry.npmjs.org/yargs 20ms (cache hit)
3114 silly packumentCache full:https://registry.npmjs.org/yargs set size:734401 disposed:false
3115 http fetch GET 200 https://registry.npmjs.org/ansi-fragments 67ms (cache updated)
3116 silly packumentCache full:https://registry.npmjs.org/ansi-fragments set size:undefined disposed:false
3117 http fetch GET 200 https://registry.npmjs.org/strnum 78ms (cache updated)
3118 silly packumentCache full:https://registry.npmjs.org/strnum set size:undefined disposed:false
3119 http fetch GET 200 https://registry.npmjs.org/dayjs 313ms (cache updated)
3120 silly packumentCache full:https://registry.npmjs.org/dayjs set size:undefined disposed:false
3121 silly placeDep node_modules/@react-native-community/cli-platform-ios glob@7.2.3 OK for: @react-native-community/cli-platform-ios@12.1.1 want: ^7.1.3
3122 silly placeDep node_modules/@react-native-community/cli-platform-ios ora@5.4.1 OK for: @react-native-community/cli-platform-ios@12.1.1 want: ^5.4.1
3123 silly fetch manifest utf-8-validate@^5.0.2
3124 silly packumentCache full:https://registry.npmjs.org/utf-8-validate cache-miss
3125 http cache https://registry.npmjs.org/utf-8-validate 13ms (cache hit)
3126 silly packumentCache full:https://registry.npmjs.org/utf-8-validate set size:75205 disposed:false
3127 silly placeDep ROOT errorhandler@1.5.1 OK for: @react-native-community/cli-server-api@12.1.1 want: ^1.5.1
3128 silly placeDep ROOT nocache@3.0.4 OK for: @react-native-community/cli-server-api@12.1.1 want: ^3.0.1
3129 silly placeDep node_modules/@react-native-community/cli-server-api pretty-format@26.6.2 OK for: @react-native-community/cli-server-api@12.1.1 want: ^26.6.2
3130 silly placeDep node_modules/@react-native-community/cli-server-api ws@7.5.10 OK for: @react-native-community/cli-server-api@12.1.1 want: ^7.5.1
3131 silly fetch manifest encoding@^0.1.0
3132 silly packumentCache full:https://registry.npmjs.org/encoding cache-miss
3133 http fetch GET 200 https://registry.npmjs.org/encoding 52ms (cache updated)
3134 silly packumentCache full:https://registry.npmjs.org/encoding set size:undefined disposed:false
3135 silly placeDep ROOT appdirsjs@1.2.7 OK for: @react-native-community/cli-tools@12.1.1 want: ^1.2.4
3136 silly placeDep ROOT mime@2.6.0 OK for: @react-native-community/cli-tools@12.1.1 want: ^2.4.1
3137 silly placeDep ROOT node-fetch@2.7.0 OK for: @react-native-community/cli-tools@12.1.1 want: ^2.6.0
3138 silly placeDep node_modules/@react-native-community/cli-tools open@6.4.0 OK for: @react-native-community/cli-tools@12.1.1 want: ^6.2.0
3139 silly placeDep node_modules/@react-native-community/cli-tools ora@5.4.1 OK for: @react-native-community/cli-tools@12.1.1 want: ^5.4.1
3140 silly placeDep ROOT shell-quote@1.8.2 OK for: @react-native-community/cli-tools@12.1.1 want: ^1.7.3
3141 silly placeDep ROOT sudo-prompt@9.2.1 OK for: @react-native-community/cli-tools@12.1.1 want: ^9.0.0
3142 silly fetch manifest whatwg-url@^5.0.0
3143 silly packumentCache full:https://registry.npmjs.org/whatwg-url cache-miss
3144 silly fetch manifest is-wsl@^1.1.0
3145 silly packumentCache full:https://registry.npmjs.org/is-wsl cache-miss
3146 http cache https://registry.npmjs.org/is-wsl 18ms (cache hit)
3147 silly packumentCache full:https://registry.npmjs.org/is-wsl set size:18741 disposed:false
3148 http fetch GET 200 https://registry.npmjs.org/whatwg-url 76ms (cache updated)
3149 silly packumentCache full:https://registry.npmjs.org/whatwg-url set size:undefined disposed:false
3150 silly placeDep node_modules/@react-native/community-cli-plugin @react-native-community/cli-server-api@12.3.7 OK for: @react-native/community-cli-plugin@0.73.18 want: 12.3.7
3151 silly placeDep node_modules/@react-native/community-cli-plugin @react-native-community/cli-tools@12.3.7 OK for: @react-native/community-cli-plugin@0.73.18 want: 12.3.7
3152 silly placeDep node_modules/@react-native/community-cli-plugin @react-native/dev-middleware@0.73.8 OK for: @react-native/community-cli-plugin@0.73.18 want: 0.73.8
3153 silly placeDep ROOT @react-native/metro-babel-transformer@0.73.15 OK for: @react-native/community-cli-plugin@0.73.18 want: 0.73.15
3154 silly placeDep ROOT metro@0.80.12 OK for: @react-native/community-cli-plugin@0.73.18 want: ^0.80.3
3155 silly placeDep ROOT metro-config@0.80.12 OK for: @react-native/community-cli-plugin@0.73.18 want: ^0.80.3
3156 silly placeDep ROOT metro-core@0.80.12 OK for: @react-native/community-cli-plugin@0.73.18 want: ^0.80.3
3157 silly placeDep ROOT readline@1.3.0 OK for: @react-native/community-cli-plugin@0.73.18 want: ^1.3.0
3158 silly fetch manifest @react-native-community/cli-debugger-ui@12.3.7
3159 silly packumentCache full:https://registry.npmjs.org/@react-native-community%2fcli-debugger-ui cache-miss
3160 silly fetch manifest chromium-edge-launcher@^1.0.0
3161 silly packumentCache full:https://registry.npmjs.org/chromium-edge-launcher cache-miss
3162 silly fetch manifest @react-native/debugger-frontend@0.73.3
3163 silly packumentCache full:https://registry.npmjs.org/@react-native%2fdebugger-frontend cache-miss
3164 silly fetch manifest hermes-parser@0.15.0
3165 silly packumentCache full:https://registry.npmjs.org/hermes-parser cache-miss
3166 silly fetch manifest @react-native/babel-preset@0.73.21
3167 silly packumentCache full:https://registry.npmjs.org/@react-native%2fbabel-preset cache-miss
3168 silly fetch manifest ws@^7.5.10
3169 silly packumentCache full:https://registry.npmjs.org/ws cache-hit
3170 silly fetch manifest throat@^5.0.0
3171 silly packumentCache full:https://registry.npmjs.org/throat cache-miss
3172 silly fetch manifest ci-info@^2.0.0
3173 silly packumentCache full:https://registry.npmjs.org/ci-info cache-miss
3174 http cache https://registry.npmjs.org/hermes-parser 17ms (cache hit)
3175 silly packumentCache full:https://registry.npmjs.org/hermes-parser set size:132378 disposed:false
3176 silly fetch manifest denodeify@^1.2.1
3177 silly packumentCache full:https://registry.npmjs.org/denodeify cache-miss
3178 http cache https://registry.npmjs.org/ci-info 23ms (cache hit)
3179 silly packumentCache full:https://registry.npmjs.org/ci-info set size:84504 disposed:false
3180 silly fetch manifest image-size@^1.0.2
3181 silly packumentCache full:https://registry.npmjs.org/image-size cache-miss
3182 http cache https://registry.npmjs.org/@react-native%2fdebugger-frontend 36ms (cache hit)
3183 silly packumentCache full:https://registry.npmjs.org/@react-native%2fdebugger-frontend set size:1165236 disposed:false
3184 silly fetch manifest metro-core@0.80.12
3185 silly packumentCache full:https://registry.npmjs.org/metro-core cache-miss
3186 http cache https://registry.npmjs.org/@react-native-community%2fcli-debugger-ui 56ms (cache hit)
3187 silly packumentCache full:https://registry.npmjs.org/@react-native-community%2fcli-debugger-ui set size:466578 disposed:false
3188 silly fetch manifest jest-worker@^29.6.3
3189 silly packumentCache full:https://registry.npmjs.org/jest-worker cache-miss
3190 http cache https://registry.npmjs.org/chromium-edge-launcher 65ms (cache hit)
3191 silly packumentCache full:https://registry.npmjs.org/chromium-edge-launcher set size:66639 disposed:false
3192 silly fetch manifest metro-cache@0.80.12
3193 silly packumentCache full:https://registry.npmjs.org/metro-cache cache-miss
3194 http cache https://registry.npmjs.org/@react-native%2fbabel-preset 72ms (cache hit)
3195 silly packumentCache full:https://registry.npmjs.org/@react-native%2fbabel-preset set size:2625550 disposed:false
3196 silly fetch manifest metro-config@0.80.12
3197 silly packumentCache full:https://registry.npmjs.org/metro-config cache-miss
3198 http cache https://registry.npmjs.org/metro-core 56ms (cache hit)
3199 silly packumentCache full:https://registry.npmjs.org/metro-core set size:357239 disposed:false
3200 silly fetch manifest hermes-parser@0.23.1
3201 silly packumentCache full:https://registry.npmjs.org/hermes-parser cache-hit
3202 silly fetch manifest metro-file-map@0.80.12
3203 silly packumentCache full:https://registry.npmjs.org/metro-file-map cache-miss
3204 http cache https://registry.npmjs.org/metro-config 23ms (cache hit)
3205 silly packumentCache full:https://registry.npmjs.org/metro-config set size:294438 disposed:false
3206 silly fetch manifest metro-resolver@0.80.12
3207 silly packumentCache full:https://registry.npmjs.org/metro-resolver cache-miss
3208 http fetch GET 200 https://registry.npmjs.org/throat 117ms (cache updated)
3209 silly packumentCache full:https://registry.npmjs.org/throat set size:undefined disposed:false
3210 silly fetch manifest lodash.throttle@^4.1.1
3211 silly packumentCache full:https://registry.npmjs.org/lodash.throttle cache-miss
3212 http fetch GET 200 https://registry.npmjs.org/image-size 128ms (cache updated)
3213 silly packumentCache full:https://registry.npmjs.org/image-size set size:undefined disposed:false
3214 silly fetch manifest metro-cache-key@0.80.12
3215 silly packumentCache full:https://registry.npmjs.org/metro-cache-key cache-miss
3216 http fetch GET 200 https://registry.npmjs.org/denodeify 148ms (cache updated)
3217 silly packumentCache full:https://registry.npmjs.org/denodeify set size:undefined disposed:false
3218 silly fetch manifest serialize-error@^2.1.0
3219 silly packumentCache full:https://registry.npmjs.org/serialize-error cache-miss
3220 http fetch GET 200 https://registry.npmjs.org/lodash.throttle 63ms (cache updated)
3221 silly packumentCache full:https://registry.npmjs.org/lodash.throttle set size:undefined disposed:false
3222 silly fetch manifest error-stack-parser@^2.0.6
3223 silly packumentCache full:https://registry.npmjs.org/error-stack-parser cache-miss
3224 http fetch GET 200 https://registry.npmjs.org/metro-cache 198ms (cache updated)
3225 silly packumentCache full:https://registry.npmjs.org/metro-cache set size:undefined disposed:false
3226 silly fetch manifest metro-transform-worker@0.80.12
3227 silly packumentCache full:https://registry.npmjs.org/metro-transform-worker cache-miss
3228 http fetch GET 200 https://registry.npmjs.org/metro-file-map 191ms (cache updated)
3229 silly packumentCache full:https://registry.npmjs.org/metro-file-map set size:undefined disposed:false
3230 silly fetch manifest metro-babel-transformer@0.80.12
3231 silly packumentCache full:https://registry.npmjs.org/metro-babel-transformer cache-miss
3232 http fetch GET 200 https://registry.npmjs.org/jest-worker 256ms (cache updated)
3233 silly packumentCache full:https://registry.npmjs.org/jest-worker set size:undefined disposed:false
3234 silly fetch manifest metro-transform-plugins@0.80.12
3235 silly packumentCache full:https://registry.npmjs.org/metro-transform-plugins cache-miss
3236 http fetch GET 200 https://registry.npmjs.org/metro-cache-key 176ms (cache updated)
3237 silly packumentCache full:https://registry.npmjs.org/metro-cache-key set size:undefined disposed:false
3238 silly fetch manifest jest-validate@^29.6.3
3239 silly packumentCache full:https://registry.npmjs.org/jest-validate cache-miss
3240 http fetch GET 200 https://registry.npmjs.org/metro-resolver 226ms (cache updated)
3241 silly packumentCache full:https://registry.npmjs.org/metro-resolver set size:undefined disposed:false
3242 http fetch GET 200 https://registry.npmjs.org/serialize-error 180ms (cache updated)
3243 silly packumentCache full:https://registry.npmjs.org/serialize-error set size:undefined disposed:false
3244 http fetch GET 200 https://registry.npmjs.org/error-stack-parser 171ms (cache updated)
3245 silly packumentCache full:https://registry.npmjs.org/error-stack-parser set size:undefined disposed:false
3246 http fetch GET 200 https://registry.npmjs.org/metro-transform-worker 140ms (cache updated)
3247 silly packumentCache full:https://registry.npmjs.org/metro-transform-worker set size:undefined disposed:false
3248 http fetch GET 200 https://registry.npmjs.org/metro-babel-transformer 159ms (cache updated)
3249 silly packumentCache full:https://registry.npmjs.org/metro-babel-transformer set size:undefined disposed:false
3250 http fetch GET 200 https://registry.npmjs.org/metro-transform-plugins 153ms (cache updated)
3251 silly packumentCache full:https://registry.npmjs.org/metro-transform-plugins set size:undefined disposed:false
3252 http fetch GET 200 https://registry.npmjs.org/jest-validate 154ms (cache updated)
3253 silly packumentCache full:https://registry.npmjs.org/jest-validate set size:undefined disposed:false
3254 silly placeDep node_modules/@react-native/metro-babel-transformer @react-native/babel-preset@0.73.21 OK for: @react-native/metro-babel-transformer@0.73.15 want: 0.73.21
3255 silly placeDep node_modules/@react-native/metro-babel-transformer hermes-parser@0.15.0 OK for: @react-native/metro-babel-transformer@0.73.15 want: 0.15.0
3256 silly fetch manifest @react-native/babel-plugin-codegen@0.73.4
3257 silly packumentCache full:https://registry.npmjs.org/@react-native%2fbabel-plugin-codegen cache-miss
3258 silly fetch manifest @babel/plugin-proposal-class-properties@^7.18.0
3259 silly packumentCache full:https://registry.npmjs.org/@babel%2fplugin-proposal-class-properties cache-miss
3260 silly fetch manifest @babel/plugin-proposal-numeric-separator@^7.0.0
3261 silly packumentCache full:https://registry.npmjs.org/@babel%2fplugin-proposal-numeric-separator cache-miss
3262 silly fetch manifest @babel/plugin-proposal-optional-chaining@^7.20.0
3263 silly packumentCache full:https://registry.npmjs.org/@babel%2fplugin-proposal-optional-chaining cache-miss
3264 silly fetch manifest @babel/plugin-proposal-object-rest-spread@^7.20.0
3265 silly packumentCache full:https://registry.npmjs.org/@babel%2fplugin-proposal-object-rest-spread cache-miss
3266 silly fetch manifest @babel/plugin-proposal-optional-catch-binding@^7.0.0
3267 silly packumentCache full:https://registry.npmjs.org/@babel%2fplugin-proposal-optional-catch-binding cache-miss
3268 silly fetch manifest @babel/plugin-proposal-async-generator-functions@^7.0.0
3269 silly packumentCache full:https://registry.npmjs.org/@babel%2fplugin-proposal-async-generator-functions cache-miss
3270 http cache https://registry.npmjs.org/@react-native%2fbabel-plugin-codegen 28ms (cache hit)
3271 silly packumentCache full:https://registry.npmjs.org/@react-native%2fbabel-plugin-codegen set size:1328219 disposed:false
3272 silly fetch manifest @babel/plugin-proposal-nullish-coalescing-operator@^7.18.0
3273 silly packumentCache full:https://registry.npmjs.org/@babel%2fplugin-proposal-nullish-coalescing-operator cache-miss
3274 http fetch GET 200 https://registry.npmjs.org/@babel%2fplugin-proposal-optional-chaining 94ms (cache updated)
3275 silly packumentCache full:https://registry.npmjs.org/@babel%2fplugin-proposal-optional-chaining set size:undefined disposed:false
3276 silly fetch manifest hermes-estree@0.15.0
3277 silly packumentCache full:https://registry.npmjs.org/hermes-estree cache-miss
3278 http cache https://registry.npmjs.org/hermes-estree 17ms (cache hit)
3279 silly packumentCache full:https://registry.npmjs.org/hermes-estree set size:96329 disposed:false
3280 http fetch GET 200 https://registry.npmjs.org/@babel%2fplugin-proposal-nullish-coalescing-operator 75ms (cache updated)
3281 silly packumentCache full:https://registry.npmjs.org/@babel%2fplugin-proposal-nullish-coalescing-operator set size:undefined disposed:false
3282 http fetch GET 200 https://registry.npmjs.org/@babel%2fplugin-proposal-class-properties 125ms (cache updated)
3283 silly packumentCache full:https://registry.npmjs.org/@babel%2fplugin-proposal-class-properties set size:undefined disposed:false
3284 http fetch GET 200 https://registry.npmjs.org/@babel%2fplugin-proposal-numeric-separator 132ms (cache updated)
3285 silly packumentCache full:https://registry.npmjs.org/@babel%2fplugin-proposal-numeric-separator set size:undefined disposed:false
3286 http fetch GET 200 https://registry.npmjs.org/@babel%2fplugin-proposal-object-rest-spread 755ms (cache updated)
3287 silly packumentCache full:https://registry.npmjs.org/@babel%2fplugin-proposal-object-rest-spread set size:undefined disposed:false
3288 http fetch GET 200 https://registry.npmjs.org/@babel%2fplugin-proposal-optional-catch-binding 766ms (cache updated)
3289 silly packumentCache full:https://registry.npmjs.org/@babel%2fplugin-proposal-optional-catch-binding set size:undefined disposed:false
3290 http fetch GET 200 https://registry.npmjs.org/@babel%2fplugin-proposal-async-generator-functions 768ms (cache updated)
3291 silly packumentCache full:https://registry.npmjs.org/@babel%2fplugin-proposal-async-generator-functions set size:undefined disposed:false
3292 silly placeDep ROOT @types/istanbul-lib-report@3.0.3 OK for: @types/istanbul-reports@3.0.4 want: *
3293 silly placeDep ROOT @types/yargs-parser@21.0.3 OK for: @types/yargs@17.0.33 want: *
3294 silly placeDep ROOT import-fresh@2.0.0 OK for: cosmiconfig@5.2.1 want: ^2.0.0
3295 silly placeDep ROOT is-directory@0.3.1 OK for: cosmiconfig@5.2.1 want: ^0.3.1
3296 silly placeDep node_modules/cosmiconfig js-yaml@3.14.1 OK for: cosmiconfig@5.2.1 want: ^3.13.1
3297 silly placeDep ROOT parse-json@4.0.0 OK for: cosmiconfig@5.2.1 want: ^4.0.0
3298 silly fetch manifest caller-path@^2.0.0
3299 silly packumentCache full:https://registry.npmjs.org/caller-path cache-miss
3300 silly fetch manifest resolve-from@^3.0.0
3301 silly packumentCache full:https://registry.npmjs.org/resolve-from cache-miss
3302 silly fetch manifest argparse@^1.0.7
3303 silly packumentCache full:https://registry.npmjs.org/argparse cache-miss
3304 silly fetch manifest esprima@^4.0.0
3305 silly packumentCache full:https://registry.npmjs.org/esprima cache-miss
3306 silly fetch manifest error-ex@^1.3.1
3307 silly packumentCache full:https://registry.npmjs.org/error-ex cache-miss
3308 silly fetch manifest json-parse-better-errors@^1.0.1
3309 silly packumentCache full:https://registry.npmjs.org/json-parse-better-errors cache-miss
3310 http cache https://registry.npmjs.org/argparse 23ms (cache hit)
3311 silly packumentCache full:https://registry.npmjs.org/argparse set size:49266 disposed:false
3312 http cache https://registry.npmjs.org/resolve-from 25ms (cache hit)
3313 silly packumentCache full:https://registry.npmjs.org/resolve-from set size:12911 disposed:false
3314 http fetch GET 200 https://registry.npmjs.org/error-ex 49ms (cache updated)
3315 silly packumentCache full:https://registry.npmjs.org/error-ex set size:undefined disposed:false
3316 http fetch GET 200 https://registry.npmjs.org/esprima 67ms (cache updated)
3317 silly packumentCache full:https://registry.npmjs.org/esprima set size:undefined disposed:false
3318 http fetch GET 200 https://registry.npmjs.org/json-parse-better-errors 431ms (cache updated)
3319 silly packumentCache full:https://registry.npmjs.org/json-parse-better-errors set size:undefined disposed:false
3320 http fetch GET 200 https://registry.npmjs.org/caller-path 526ms (cache updated)
3321 silly packumentCache full:https://registry.npmjs.org/caller-path set size:undefined disposed:false
3322 silly placeDep node_modules/deprecated-react-native-prop-types @react-native/normalize-colors@0.73.2 OK for: deprecated-react-native-prop-types@5.0.0 want: ^0.73.0
3323 silly placeDep ROOT prop-types@15.8.1 OK for: deprecated-react-native-prop-types@5.0.0 want: ^15.8.1
3324 silly placeDep ROOT get-stream@6.0.1 OK for: execa@5.1.1 want: ^6.0.0
3325 silly placeDep ROOT human-signals@2.1.0 OK for: execa@5.1.1 want: ^2.1.0
3326 silly placeDep ROOT is-stream@2.0.1 OK for: execa@5.1.1 want: ^2.0.0
3327 silly placeDep ROOT merge-stream@2.0.0 OK for: execa@5.1.1 want: ^2.0.0
3328 silly placeDep ROOT npm-run-path@4.0.1 OK for: execa@5.1.1 want: ^4.0.1
3329 silly placeDep ROOT onetime@5.1.2 OK for: execa@5.1.1 want: ^5.1.2
3330 silly placeDep node_modules/execa signal-exit@3.0.7 OK for: execa@5.1.1 want: ^3.0.3
3331 silly placeDep ROOT strip-final-newline@2.0.0 OK for: execa@5.1.1 want: ^2.0.0
3332 silly fetch manifest mimic-fn@^2.1.0
3333 silly packumentCache full:https://registry.npmjs.org/mimic-fn cache-miss
3334 http fetch GET 200 https://registry.npmjs.org/mimic-fn 59ms (cache updated)
3335 silly packumentCache full:https://registry.npmjs.org/mimic-fn set size:undefined disposed:false
3336 silly placeDep ROOT strnum@1.1.2 OK for: fast-xml-parser@4.5.3 want: ^1.1.1
3337 silly placeDep ROOT jsonfile@4.0.0 OK for: fs-extra@8.1.0 want: ^4.0.0
3338 silly placeDep ROOT universalify@0.1.2 OK for: fs-extra@8.1.0 want: ^0.1.0
3339 silly placeDep ROOT source-map@0.7.4 OK for: hermes-profile-transformer@0.0.6 want: ^0.7.3
3340 silly placeDep ROOT caller-path@2.0.0 OK for: import-fresh@2.0.0 want: ^2.0.0
3341 silly placeDep node_modules/import-fresh resolve-from@3.0.0 OK for: import-fresh@2.0.0 want: ^3.0.0
3342 silly fetch manifest caller-callsite@^2.0.0
3343 silly packumentCache full:https://registry.npmjs.org/caller-callsite cache-miss
3344 http fetch GET 200 https://registry.npmjs.org/caller-callsite 57ms (cache updated)
3345 silly packumentCache full:https://registry.npmjs.org/caller-callsite set size:undefined disposed:false
3346 silly placeDep ROOT caller-callsite@2.0.0 OK for: caller-path@2.0.0 want: ^2.0.0
3347 silly fetch manifest callsites@^2.0.0
3348 silly packumentCache full:https://registry.npmjs.org/callsites cache-miss
3349 http fetch GET 200 https://registry.npmjs.org/callsites 87ms (cache updated)
3350 silly packumentCache full:https://registry.npmjs.org/callsites set size:undefined disposed:false
3351 silly placeDep ROOT callsites@2.0.0 OK for: caller-callsite@2.0.0 want: ^2.0.0
3352 silly placeDep ROOT @jest/environment@29.7.0 OK for: jest-environment-node@29.7.0 want: ^29.7.0
3353 silly placeDep ROOT @jest/fake-timers@29.7.0 OK for: jest-environment-node@29.7.0 want: ^29.7.0
3354 silly placeDep ROOT jest-mock@29.7.0 OK for: jest-environment-node@29.7.0 want: ^29.7.0
3355 silly placeDep ROOT jest-util@29.7.0 OK for: jest-environment-node@29.7.0 want: ^29.7.0
3356 silly fetch manifest jest-message-util@^29.7.0
3357 silly packumentCache full:https://registry.npmjs.org/jest-message-util cache-miss
3358 silly fetch manifest @sinonjs/fake-timers@^10.0.2
3359 silly packumentCache full:https://registry.npmjs.org/@sinonjs%2ffake-timers cache-miss
3360 silly fetch manifest picomatch@^2.2.3
3361 silly packumentCache full:https://registry.npmjs.org/picomatch cache-miss
3362 http cache https://registry.npmjs.org/picomatch 18ms (cache hit)
3363 silly packumentCache full:https://registry.npmjs.org/picomatch set size:116191 disposed:false
3364 http fetch GET 200 https://registry.npmjs.org/@sinonjs%2ffake-timers 124ms (cache updated)
3365 silly packumentCache full:https://registry.npmjs.org/@sinonjs%2ffake-timers set size:undefined disposed:false
3366 http fetch GET 200 https://registry.npmjs.org/jest-message-util 147ms (cache updated)
3367 silly packumentCache full:https://registry.npmjs.org/jest-message-util set size:undefined disposed:false
3368 silly placeDep ROOT @sinonjs/fake-timers@10.3.0 OK for: @jest/fake-timers@29.7.0 want: ^10.0.2
3369 silly placeDep ROOT jest-message-util@29.7.0 OK for: @jest/fake-timers@29.7.0 want: ^29.7.0
3370 silly fetch manifest @sinonjs/commons@^3.0.0
3371 silly packumentCache full:https://registry.npmjs.org/@sinonjs%2fcommons cache-miss
3372 silly fetch manifest micromatch@^4.0.4
3373 silly packumentCache full:https://registry.npmjs.org/micromatch cache-miss
3374 silly fetch manifest stack-utils@^2.0.3
3375 silly packumentCache full:https://registry.npmjs.org/stack-utils cache-miss
3376 silly fetch manifest @babel/code-frame@^7.12.13
3377 silly packumentCache full:https://registry.npmjs.org/@babel%2fcode-frame cache-hit
3378 silly fetch manifest @types/stack-utils@^2.0.0
3379 silly packumentCache full:https://registry.npmjs.org/@types%2fstack-utils cache-miss
3380 http fetch GET 200 https://registry.npmjs.org/stack-utils 83ms (cache updated)
3381 silly packumentCache full:https://registry.npmjs.org/stack-utils set size:undefined disposed:false
3382 http fetch GET 200 https://registry.npmjs.org/micromatch 87ms (cache updated)
3383 silly packumentCache full:https://registry.npmjs.org/micromatch set size:undefined disposed:false
3384 http fetch GET 200 https://registry.npmjs.org/@types%2fstack-utils 95ms (cache updated)
3385 silly packumentCache full:https://registry.npmjs.org/@types%2fstack-utils set size:undefined disposed:false
3386 http fetch GET 200 https://registry.npmjs.org/@sinonjs%2fcommons 100ms (cache updated)
3387 silly packumentCache full:https://registry.npmjs.org/@sinonjs%2fcommons set size:undefined disposed:false
3388 silly placeDep ROOT @sinonjs/commons@3.0.1 OK for: @sinonjs/fake-timers@10.3.0 want: ^3.0.0
3389 silly fetch manifest type-detect@4.0.8
3390 silly packumentCache full:https://registry.npmjs.org/type-detect cache-miss
3391 http fetch GET 200 https://registry.npmjs.org/type-detect 105ms (cache updated)
3392 silly packumentCache full:https://registry.npmjs.org/type-detect set size:undefined disposed:false
3393 silly placeDep ROOT type-detect@4.0.8 OK for: @sinonjs/commons@3.0.1 want: 4.0.8
3394 silly placeDep node_modules/jest-message-util @babel/code-frame@7.27.1 OK for: jest-message-util@29.7.0 want: ^7.12.13
3395 silly placeDep ROOT @types/stack-utils@2.0.3 OK for: jest-message-util@29.7.0 want: ^2.0.0
3396 silly placeDep ROOT micromatch@4.0.8 OK for: jest-message-util@29.7.0 want: ^4.0.4
3397 silly placeDep ROOT stack-utils@2.0.6 OK for: jest-message-util@29.7.0 want: ^2.0.3
3398 silly fetch manifest braces@^3.0.3
3399 silly packumentCache full:https://registry.npmjs.org/braces cache-miss
3400 silly fetch manifest picomatch@^2.3.1
3401 silly packumentCache full:https://registry.npmjs.org/picomatch cache-hit
3402 silly fetch manifest escape-string-regexp@^2.0.0
3403 silly packumentCache full:https://registry.npmjs.org/escape-string-regexp cache-hit
3404 http fetch GET 200 https://registry.npmjs.org/braces 78ms (cache updated)
3405 silly packumentCache full:https://registry.npmjs.org/braces set size:undefined disposed:false
3406 silly placeDep node_modules/jest-util picomatch@2.3.1 OK for: jest-util@29.7.0 want: ^2.2.3
3407 silly placeDep ROOT @hapi/hoek@9.3.0 OK for: joi@17.13.3 want: ^9.3.0
3408 silly placeDep ROOT @hapi/topo@5.1.0 OK for: joi@17.13.3 want: ^5.1.0
3409 silly placeDep ROOT @sideway/address@4.1.5 OK for: joi@17.13.3 want: ^4.1.5
3410 silly placeDep ROOT @sideway/formula@3.0.1 OK for: joi@17.13.3 want: ^3.0.1
3411 silly placeDep ROOT @sideway/pinpoint@2.0.0 OK for: joi@17.13.3 want: ^2.0.0
3412 silly placeDep ROOT ansi-fragments@0.2.1 OK for: logkitty@0.7.1 want: ^0.2.1
3413 silly placeDep ROOT dayjs@1.11.13 OK for: logkitty@0.7.1 want: ^1.8.15
3414 silly placeDep node_modules/logkitty yargs@15.4.1 OK for: logkitty@0.7.1 want: ^15.1.0
3415 silly fetch manifest colorette@^1.0.7
3416 silly packumentCache full:https://registry.npmjs.org/colorette cache-miss
3417 silly fetch manifest slice-ansi@^2.0.0
3418 silly packumentCache full:https://registry.npmjs.org/slice-ansi cache-miss
3419 silly fetch manifest strip-ansi@^5.0.0
3420 silly packumentCache full:https://registry.npmjs.org/strip-ansi cache-hit
3421 silly fetch manifest y18n@^4.0.0
3422 silly packumentCache full:https://registry.npmjs.org/y18n cache-miss
3423 silly fetch manifest cliui@^6.0.0
3424 silly packumentCache full:https://registry.npmjs.org/cliui cache-miss
3425 silly fetch manifest decamelize@^1.2.0
3426 silly packumentCache full:https://registry.npmjs.org/decamelize cache-miss
3427 silly fetch manifest set-blocking@^2.0.0
3428 silly packumentCache full:https://registry.npmjs.org/set-blocking cache-miss
3429 silly fetch manifest string-width@^4.2.0
3430 silly packumentCache full:https://registry.npmjs.org/string-width cache-hit
3431 silly fetch manifest which-module@^2.0.0
3432 silly packumentCache full:https://registry.npmjs.org/which-module cache-miss
3433 http cache https://registry.npmjs.org/y18n 29ms (cache hit)
3434 silly packumentCache full:https://registry.npmjs.org/y18n set size:76155 disposed:false
3435 silly fetch manifest yargs-parser@^18.1.2
3436 silly packumentCache full:https://registry.npmjs.org/yargs-parser cache-miss
3437 http cache https://registry.npmjs.org/cliui 35ms (cache hit)
3438 silly packumentCache full:https://registry.npmjs.org/cliui set size:69089 disposed:false
3439 silly fetch manifest get-caller-file@^2.0.1
3440 silly packumentCache full:https://registry.npmjs.org/get-caller-file cache-miss
3441 http cache https://registry.npmjs.org/get-caller-file 8ms (cache hit)
3442 silly packumentCache full:https://registry.npmjs.org/get-caller-file set size:26456 disposed:false
3443 silly fetch manifest require-main-filename@^2.0.0
3444 silly packumentCache full:https://registry.npmjs.org/require-main-filename cache-miss
3445 http cache https://registry.npmjs.org/yargs-parser 17ms (cache hit)
3446 silly packumentCache full:https://registry.npmjs.org/yargs-parser set size:355061 disposed:false
3447 http fetch GET 200 https://registry.npmjs.org/slice-ansi 71ms (cache updated)
3448 silly packumentCache full:https://registry.npmjs.org/slice-ansi set size:undefined disposed:false
3449 http fetch GET 200 https://registry.npmjs.org/decamelize 79ms (cache updated)
3450 silly packumentCache full:https://registry.npmjs.org/decamelize set size:undefined disposed:false
3451 http fetch GET 200 https://registry.npmjs.org/which-module 75ms (cache updated)
3452 silly packumentCache full:https://registry.npmjs.org/which-module set size:undefined disposed:false
3453 http fetch GET 200 https://registry.npmjs.org/set-blocking 78ms (cache updated)
3454 silly packumentCache full:https://registry.npmjs.org/set-blocking set size:undefined disposed:false
3455 http fetch GET 200 https://registry.npmjs.org/colorette 87ms (cache updated)
3456 silly packumentCache full:https://registry.npmjs.org/colorette set size:undefined disposed:false
3457 http fetch GET 200 https://registry.npmjs.org/require-main-filename 75ms (cache updated)
3458 silly packumentCache full:https://registry.npmjs.org/require-main-filename set size:undefined disposed:false
3459 silly placeDep ROOT colorette@1.4.0 OK for: ansi-fragments@0.2.1 want: ^1.0.7
3460 silly placeDep ROOT slice-ansi@2.1.0 OK for: ansi-fragments@0.2.1 want: ^2.0.0
3461 silly placeDep node_modules/ansi-fragments strip-ansi@5.2.0 OK for: ansi-fragments@0.2.1 want: ^5.0.0
3462 silly fetch manifest ansi-styles@^3.2.0
3463 silly packumentCache full:https://registry.npmjs.org/ansi-styles cache-hit
3464 silly fetch manifest astral-regex@^1.0.0
3465 silly packumentCache full:https://registry.npmjs.org/astral-regex cache-miss
3466 silly fetch manifest is-fullwidth-code-point@^2.0.0
3467 silly packumentCache full:https://registry.npmjs.org/is-fullwidth-code-point cache-miss
3468 http cache https://registry.npmjs.org/is-fullwidth-code-point 7ms (cache hit)
3469 silly packumentCache full:https://registry.npmjs.org/is-fullwidth-code-point set size:12553 disposed:false
3470 http fetch GET 200 https://registry.npmjs.org/astral-regex 61ms (cache updated)
3471 silly packumentCache full:https://registry.npmjs.org/astral-regex set size:undefined disposed:false
3472 silly placeDep node_modules/metro ci-info@2.0.0 OK for: metro@0.80.12 want: ^2.0.0
3473 silly placeDep node_modules/metro debug@2.6.9 OK for: metro@0.80.12 want: ^2.2.0
3474 silly placeDep ROOT denodeify@1.2.1 OK for: metro@0.80.12 want: ^1.2.1
3475 silly placeDep ROOT error-stack-parser@2.1.4 OK for: metro@0.80.12 want: ^2.0.6
3476 silly placeDep node_modules/metro hermes-parser@0.23.1 OK for: metro@0.80.12 want: 0.23.1
3477 silly placeDep ROOT image-size@1.2.1 OK for: metro@0.80.12 want: ^1.0.2
3478 silly placeDep ROOT jest-worker@29.7.0 OK for: metro@0.80.12 want: ^29.6.3
3479 silly placeDep ROOT lodash.throttle@4.1.1 OK for: metro@0.80.12 want: ^4.1.1
3480 silly placeDep ROOT metro-babel-transformer@0.80.12 OK for: metro@0.80.12 want: 0.80.12
3481 silly placeDep ROOT metro-cache@0.80.12 OK for: metro@0.80.12 want: 0.80.12
3482 silly placeDep ROOT metro-cache-key@0.80.12 OK for: metro@0.80.12 want: 0.80.12
3483 silly placeDep ROOT metro-file-map@0.80.12 OK for: metro@0.80.12 want: 0.80.12
3484 silly placeDep ROOT metro-resolver@0.80.12 OK for: metro@0.80.12 want: 0.80.12
3485 silly placeDep ROOT metro-symbolicate@0.80.12 OK for: metro@0.80.12 want: 0.80.12
3486 silly placeDep ROOT metro-transform-plugins@0.80.12 OK for: metro@0.80.12 want: 0.80.12
3487 silly placeDep ROOT metro-transform-worker@0.80.12 OK for: metro@0.80.12 want: 0.80.12
3488 silly placeDep ROOT serialize-error@2.1.0 OK for: metro@0.80.12 want: ^2.1.0
3489 silly placeDep node_modules/metro source-map@0.5.7 OK for: metro@0.80.12 want: ^0.5.6
3490 silly placeDep node_modules/metro strip-ansi@6.0.1 OK for: metro@0.80.12 want: ^6.0.0
3491 silly placeDep ROOT throat@5.0.0 OK for: metro@0.80.12 want: ^5.0.0
3492 silly placeDep node_modules/metro ws@7.5.10 OK for: metro@0.80.12 want: ^7.5.10
3493 silly fetch manifest stackframe@^1.3.4
3494 silly packumentCache full:https://registry.npmjs.org/stackframe cache-miss
3495 silly fetch manifest hermes-estree@0.23.1
3496 silly packumentCache full:https://registry.npmjs.org/hermes-estree cache-hit
3497 silly fetch manifest queue@6.0.2
3498 silly packumentCache full:https://registry.npmjs.org/queue cache-miss
3499 silly fetch manifest supports-color@^8.0.0
3500 silly packumentCache full:https://registry.npmjs.org/supports-color cache-hit
3501 silly fetch manifest exponential-backoff@^3.1.1
3502 silly packumentCache full:https://registry.npmjs.org/exponential-backoff cache-miss
3503 silly fetch manifest walker@^1.0.7
3504 silly packumentCache full:https://registry.npmjs.org/walker cache-miss
3505 silly fetch manifest anymatch@^3.0.3
3506 silly packumentCache full:https://registry.npmjs.org/anymatch cache-miss
3507 silly fetch manifest fb-watchman@^2.0.0
3508 silly packumentCache full:https://registry.npmjs.org/fb-watchman cache-miss
3509 silly fetch manifest node-abort-controller@^3.1.1
3510 silly packumentCache full:https://registry.npmjs.org/node-abort-controller cache-miss
3511 http fetch GET 200 https://registry.npmjs.org/walker 67ms (cache updated)
3512 silly packumentCache full:https://registry.npmjs.org/walker set size:undefined disposed:false
3513 silly fetch manifest fsevents@^2.3.2
3514 silly packumentCache full:https://registry.npmjs.org/fsevents cache-miss
3515 http fetch GET 200 https://registry.npmjs.org/exponential-backoff 80ms (cache updated)
3516 silly packumentCache full:https://registry.npmjs.org/exponential-backoff set size:undefined disposed:false
3517 silly fetch manifest through2@^2.0.1
3518 silly packumentCache full:https://registry.npmjs.org/through2 cache-miss
3519 http fetch GET 200 https://registry.npmjs.org/anymatch 87ms (cache updated)
3520 silly packumentCache full:https://registry.npmjs.org/anymatch set size:undefined disposed:false
3521 silly fetch manifest metro-minify-terser@0.80.12
3522 silly packumentCache full:https://registry.npmjs.org/metro-minify-terser cache-miss
3523 http fetch GET 200 https://registry.npmjs.org/node-abort-controller 93ms (cache updated)
3524 silly packumentCache full:https://registry.npmjs.org/node-abort-controller set size:undefined disposed:false
3525 http fetch GET 200 https://registry.npmjs.org/stackframe 100ms (cache updated)
3526 silly packumentCache full:https://registry.npmjs.org/stackframe set size:undefined disposed:false
3527 http fetch GET 200 https://registry.npmjs.org/fb-watchman 99ms (cache updated)
3528 silly packumentCache full:https://registry.npmjs.org/fb-watchman set size:undefined disposed:false
3529 http fetch GET 200 https://registry.npmjs.org/through2 66ms (cache updated)
3530 silly packumentCache full:https://registry.npmjs.org/through2 set size:undefined disposed:false
3531 http fetch GET 200 https://registry.npmjs.org/fsevents 85ms (cache updated)
3532 silly packumentCache full:https://registry.npmjs.org/fsevents set size:undefined disposed:false
3533 http fetch GET 200 https://registry.npmjs.org/metro-minify-terser 409ms (cache updated)
3534 silly packumentCache full:https://registry.npmjs.org/metro-minify-terser set size:undefined disposed:false
3535 http fetch GET 200 https://registry.npmjs.org/queue 517ms (cache updated)
3536 silly packumentCache full:https://registry.npmjs.org/queue set size:undefined disposed:false
3537 silly placeDep ROOT stackframe@1.3.4 OK for: error-stack-parser@2.1.4 want: ^1.3.4
3538 silly placeDep ROOT queue@6.0.2 OK for: image-size@1.2.1 want: 6.0.2
3539 silly fetch manifest inherits@~2.0.3
3540 silly packumentCache full:https://registry.npmjs.org/inherits cache-miss
3541 http cache https://registry.npmjs.org/inherits 11ms (cache hit)
3542 silly packumentCache full:https://registry.npmjs.org/inherits set size:12925 disposed:false
3543 silly placeDep node_modules/jest-worker supports-color@8.1.1 OK for: jest-worker@29.7.0 want: ^8.0.0
3544 silly placeDep node_modules/metro-babel-transformer hermes-parser@0.23.1 OK for: metro-babel-transformer@0.80.12 want: 0.23.1
3545 silly placeDep ROOT exponential-backoff@3.1.2 OK for: metro-cache@0.80.12 want: ^3.1.1
3546 silly placeDep ROOT jest-validate@29.7.0 OK for: metro-config@0.80.12 want: ^29.6.3
3547 silly fetch manifest leven@^3.1.0
3548 silly packumentCache full:https://registry.npmjs.org/leven cache-miss
3549 silly fetch manifest camelcase@^6.2.0
3550 silly packumentCache full:https://registry.npmjs.org/camelcase cache-miss
3551 silly fetch manifest jest-get-type@^29.6.3
3552 silly packumentCache full:https://registry.npmjs.org/jest-get-type cache-miss
3553 http fetch GET 200 https://registry.npmjs.org/leven 90ms (cache updated)
3554 silly packumentCache full:https://registry.npmjs.org/leven set size:undefined disposed:false
3555 http fetch GET 200 https://registry.npmjs.org/camelcase 100ms (cache updated)
3556 silly packumentCache full:https://registry.npmjs.org/camelcase set size:undefined disposed:false
3557 http fetch GET 200 https://registry.npmjs.org/jest-get-type 102ms (cache updated)
3558 silly packumentCache full:https://registry.npmjs.org/jest-get-type set size:undefined disposed:false
3559 silly placeDep ROOT camelcase@6.3.0 OK for: jest-validate@29.7.0 want: ^6.2.0
3560 silly placeDep ROOT jest-get-type@29.6.3 OK for: jest-validate@29.7.0 want: ^29.6.3
3561 silly placeDep ROOT leven@3.1.0 OK for: jest-validate@29.7.0 want: ^3.1.0
3562 silly placeDep ROOT anymatch@3.1.3 OK for: metro-file-map@0.80.12 want: ^3.0.3
3563 silly placeDep node_modules/metro-file-map debug@2.6.9 OK for: metro-file-map@0.80.12 want: ^2.2.0
3564 silly placeDep ROOT fb-watchman@2.0.2 OK for: metro-file-map@0.80.12 want: ^2.0.0
3565 silly placeDep ROOT fsevents@2.3.3 OK for: metro-file-map@0.80.12 want: ^2.3.2
3566 silly placeDep ROOT node-abort-controller@3.1.1 OK for: metro-file-map@0.80.12 want: ^3.1.1
3567 silly placeDep ROOT walker@1.0.8 OK for: metro-file-map@0.80.12 want: ^1.0.7
3568 silly fetch manifest picomatch@^2.0.4
3569 silly packumentCache full:https://registry.npmjs.org/picomatch cache-hit
3570 silly fetch manifest normalize-path@^3.0.0
3571 silly packumentCache full:https://registry.npmjs.org/normalize-path cache-miss
3572 silly fetch manifest bser@2.1.1
3573 silly packumentCache full:https://registry.npmjs.org/bser cache-miss
3574 silly fetch manifest makeerror@1.0.12
3575 silly packumentCache full:https://registry.npmjs.org/makeerror cache-miss
3576 http fetch GET 200 https://registry.npmjs.org/makeerror 57ms (cache updated)
3577 silly packumentCache full:https://registry.npmjs.org/makeerror set size:undefined disposed:false
3578 http fetch GET 200 https://registry.npmjs.org/normalize-path 65ms (cache updated)
3579 silly packumentCache full:https://registry.npmjs.org/normalize-path set size:undefined disposed:false
3580 http fetch GET 200 https://registry.npmjs.org/bser 84ms (cache updated)
3581 silly packumentCache full:https://registry.npmjs.org/bser set size:undefined disposed:false
3582 silly placeDep ROOT normalize-path@3.0.0 OK for: anymatch@3.1.3 want: ^3.0.0
3583 silly placeDep node_modules/anymatch picomatch@2.3.1 OK for: anymatch@3.1.3 want: ^2.0.4
3584 silly placeDep ROOT bser@2.1.1 OK for: fb-watchman@2.0.2 want: 2.1.1
3585 silly fetch manifest node-int64@^0.4.0
3586 silly packumentCache full:https://registry.npmjs.org/node-int64 cache-miss
3587 http fetch GET 200 https://registry.npmjs.org/node-int64 130ms (cache updated)
3588 silly packumentCache full:https://registry.npmjs.org/node-int64 set size:undefined disposed:false
3589 silly placeDep ROOT node-int64@0.4.0 OK for: bser@2.1.1 want: ^0.4.0
3590 silly placeDep ROOT ob1@0.80.12 OK for: metro-source-map@0.80.12 want: 0.80.12
3591 silly placeDep node_modules/metro-source-map source-map@0.5.7 OK for: metro-source-map@0.80.12 want: ^0.5.6
3592 silly placeDep ROOT vlq@1.0.1 OK for: metro-source-map@0.80.12 want: ^1.0.0
3593 silly placeDep node_modules/metro-symbolicate source-map@0.5.7 OK for: metro-symbolicate@0.80.12 want: ^0.5.6
3594 silly placeDep ROOT through2@2.0.5 OK for: metro-symbolicate@0.80.12 want: ^2.0.1
3595 silly fetch manifest readable-stream@~2.3.6
3596 silly packumentCache full:https://registry.npmjs.org/readable-stream cache-miss
3597 silly fetch manifest xtend@~4.0.1
3598 silly packumentCache full:https://registry.npmjs.org/xtend cache-miss
3599 http fetch GET 200 https://registry.npmjs.org/readable-stream 105ms (cache updated)
3600 silly packumentCache full:https://registry.npmjs.org/readable-stream set size:undefined disposed:false
3601 http fetch GET 200 https://registry.npmjs.org/xtend 121ms (cache updated)
3602 silly packumentCache full:https://registry.npmjs.org/xtend set size:undefined disposed:false
3603 silly placeDep ROOT metro-minify-terser@0.80.12 OK for: metro-transform-worker@0.80.12 want: 0.80.12
3604 silly fetch manifest terser@^5.15.0
3605 silly packumentCache full:https://registry.npmjs.org/terser cache-miss
3606 http fetch GET 200 https://registry.npmjs.org/terser 117ms (cache updated)
3607 silly packumentCache full:https://registry.npmjs.org/terser set size:undefined disposed:false
3608 silly placeDep ROOT terser@5.39.0 OK for: metro-minify-terser@0.80.12 want: ^5.15.0
3609 silly fetch manifest @jridgewell/source-map@^0.3.3
3610 silly packumentCache full:https://registry.npmjs.org/@jridgewell%2fsource-map cache-miss
3611 silly fetch manifest acorn@^8.8.2
3612 silly packumentCache full:https://registry.npmjs.org/acorn cache-miss
3613 silly fetch manifest commander@^2.20.0
3614 silly packumentCache full:https://registry.npmjs.org/commander cache-hit
3615 http fetch GET 200 https://registry.npmjs.org/@jridgewell%2fsource-map 78ms (cache updated)
3616 silly packumentCache full:https://registry.npmjs.org/@jridgewell%2fsource-map set size:undefined disposed:false
3617 http fetch GET 200 https://registry.npmjs.org/acorn 87ms (cache updated)
3618 silly packumentCache full:https://registry.npmjs.org/acorn set size:undefined disposed:false
3619 silly placeDep ROOT braces@3.0.3 OK for: micromatch@4.0.8 want: ^3.0.3
3620 silly placeDep node_modules/micromatch picomatch@2.3.1 OK for: micromatch@4.0.8 want: ^2.3.1
3621 silly fetch manifest fill-range@^7.1.1
3622 silly packumentCache full:https://registry.npmjs.org/fill-range cache-miss
3623 http fetch GET 200 https://registry.npmjs.org/fill-range 57ms (cache updated)
3624 silly packumentCache full:https://registry.npmjs.org/fill-range set size:undefined disposed:false
3625 silly placeDep ROOT fill-range@7.1.1 OK for: braces@3.0.3 want: ^7.1.1
3626 silly fetch manifest to-regex-range@^5.0.1
3627 silly packumentCache full:https://registry.npmjs.org/to-regex-range cache-miss
3628 http fetch GET 200 https://registry.npmjs.org/to-regex-range 70ms (cache updated)
3629 silly packumentCache full:https://registry.npmjs.org/to-regex-range set size:undefined disposed:false
3630 silly placeDep ROOT to-regex-range@5.0.1 OK for: fill-range@7.1.1 want: ^5.0.1
3631 silly fetch manifest is-number@^7.0.0
3632 silly packumentCache full:https://registry.npmjs.org/is-number cache-miss
3633 http fetch GET 200 https://registry.npmjs.org/is-number 77ms (cache updated)
3634 silly packumentCache full:https://registry.npmjs.org/is-number set size:undefined disposed:false
3635 silly placeDep ROOT whatwg-url@5.0.0 OK for: node-fetch@2.7.0 want: ^5.0.0
3636 silly fetch manifest tr46@~0.0.3
3637 silly packumentCache full:https://registry.npmjs.org/tr46 cache-miss
3638 silly fetch manifest webidl-conversions@^3.0.0
3639 silly packumentCache full:https://registry.npmjs.org/webidl-conversions cache-miss
3640 http cache https://registry.npmjs.org/webidl-conversions 14ms (cache hit)
3641 silly packumentCache full:https://registry.npmjs.org/webidl-conversions set size:41857 disposed:false
3642 http fetch GET 200 https://registry.npmjs.org/tr46 63ms (cache updated)
3643 silly packumentCache full:https://registry.npmjs.org/tr46 set size:undefined disposed:false
3644 silly placeDep ROOT mimic-fn@2.1.0 OK for: onetime@5.1.2 want: ^2.1.0
3645 silly placeDep ROOT error-ex@1.3.2 OK for: parse-json@4.0.0 want: ^1.3.1
3646 silly placeDep ROOT json-parse-better-errors@1.0.2 OK for: parse-json@4.0.0 want: ^1.0.1
3647 silly fetch manifest is-arrayish@^0.2.1
3648 silly packumentCache full:https://registry.npmjs.org/is-arrayish cache-miss
3649 http fetch GET 200 https://registry.npmjs.org/is-arrayish 60ms (cache updated)
3650 silly packumentCache full:https://registry.npmjs.org/is-arrayish set size:undefined disposed:false
3651 silly placeDep ROOT is-arrayish@0.2.1 OK for: error-ex@1.3.2 want: ^0.2.1
3652 silly placeDep ROOT asap@2.0.6 OK for: promise@8.3.0 want: ~2.0.6
3653 silly placeDep ROOT object-assign@4.1.1 OK for: prop-types@15.8.1 want: ^4.1.1
3654 silly placeDep ROOT inherits@2.0.4 OK for: queue@6.0.2 want: ~2.0.3
3655 silly placeDep node_modules/react-devtools-core ws@7.5.10 OK for: react-devtools-core@4.28.5 want: ^7
3656 silly placeDep ROOT @egjs/hammerjs@2.0.17 OK for: react-native-gesture-handler@2.18.1 want: ^2.0.17
3657 silly placeDep ROOT hoist-non-react-statics@3.3.2 OK for: react-native-gesture-handler@2.18.1 want: ^3.3.0
3658 silly fetch manifest @types/hammerjs@^2.0.36
3659 silly packumentCache full:https://registry.npmjs.org/@types%2fhammerjs cache-miss
3660 http fetch GET 200 https://registry.npmjs.org/@types%2fhammerjs 58ms (cache miss)
3661 silly packumentCache full:https://registry.npmjs.org/@types%2fhammerjs set size:undefined disposed:false
3662 silly placeDep ROOT @types/hammerjs@2.0.46 OK for: @egjs/hammerjs@2.0.17 want: ^2.0.36
3663 silly placeDep ROOT react-freeze@1.0.4 OK for: react-native-screens@3.29.0 want: ^1.0.0
3664 silly placeDep ROOT regenerate@1.4.2 OK for: regexpu-core@6.2.0 want: ^1.4.2
3665 silly placeDep ROOT regenerate-unicode-properties@10.2.0 OK for: regexpu-core@6.2.0 want: ^10.2.0
3666 silly placeDep ROOT regjsgen@0.8.0 OK for: regexpu-core@6.2.0 want: ^0.8.0
3667 silly placeDep ROOT regjsparser@0.12.0 OK for: regexpu-core@6.2.0 want: ^0.12.0
3668 silly placeDep ROOT unicode-match-property-ecmascript@2.0.0 OK for: regexpu-core@6.2.0 want: ^2.0.0
3669 silly placeDep ROOT unicode-match-property-value-ecmascript@2.2.0 OK for: regexpu-core@6.2.0 want: ^2.1.0
3670 silly fetch manifest jsesc@~3.0.2
3671 silly packumentCache full:https://registry.npmjs.org/jsesc cache-miss
3672 silly fetch manifest unicode-canonical-property-names-ecmascript@^2.0.0
3673 silly packumentCache full:https://registry.npmjs.org/unicode-canonical-property-names-ecmascript cache-miss
3674 silly fetch manifest unicode-property-aliases-ecmascript@^2.0.0
3675 silly packumentCache full:https://registry.npmjs.org/unicode-property-aliases-ecmascript cache-miss
3676 http cache https://registry.npmjs.org/jsesc 10ms (cache hit)
3677 silly packumentCache full:https://registry.npmjs.org/jsesc set size:61512 disposed:false
3678 http fetch GET 200 https://registry.npmjs.org/unicode-canonical-property-names-ecmascript 68ms (cache updated)
3679 silly packumentCache full:https://registry.npmjs.org/unicode-canonical-property-names-ecmascript set size:undefined disposed:false
3680 http fetch GET 200 https://registry.npmjs.org/unicode-property-aliases-ecmascript 69ms (cache updated)
3681 silly packumentCache full:https://registry.npmjs.org/unicode-property-aliases-ecmascript set size:undefined disposed:false
3682 silly placeDep node_modules/regjsparser jsesc@3.0.2 OK for: regjsparser@0.12.0 want: ~3.0.2
3683 silly placeDep ROOT nested-error-stacks@2.0.1 OK for: requireg@0.2.2 want: ~2.0.1
3684 silly placeDep ROOT rc@1.2.8 OK for: requireg@0.2.2 want: ~1.2.7
3685 silly placeDep node_modules/requireg resolve@1.7.1 OK for: requireg@0.2.2 want: ~1.7.1
3686 silly fetch manifest ini@~1.3.0
3687 silly packumentCache full:https://registry.npmjs.org/ini cache-miss
3688 silly fetch manifest minimist@^1.2.0
3689 silly packumentCache full:https://registry.npmjs.org/minimist cache-miss
3690 silly fetch manifest deep-extend@^0.6.0
3691 silly packumentCache full:https://registry.npmjs.org/deep-extend cache-miss
3692 silly fetch manifest strip-json-comments@~2.0.1
3693 silly packumentCache full:https://registry.npmjs.org/strip-json-comments cache-miss
3694 silly fetch manifest path-parse@^1.0.5
3695 silly packumentCache full:https://registry.npmjs.org/path-parse cache-miss
3696 http cache https://registry.npmjs.org/path-parse 23ms (cache hit)
3697 silly packumentCache full:https://registry.npmjs.org/path-parse set size:14523 disposed:false
3698 http cache https://registry.npmjs.org/minimist 27ms (cache hit)
3699 silly packumentCache full:https://registry.npmjs.org/minimist set size:77097 disposed:false
3700 http fetch GET 200 https://registry.npmjs.org/deep-extend 65ms (cache updated)
3701 silly packumentCache full:https://registry.npmjs.org/deep-extend set size:undefined disposed:false
3702 http fetch GET 200 https://registry.npmjs.org/ini 71ms (cache updated)
3703 silly packumentCache full:https://registry.npmjs.org/ini set size:undefined disposed:false
3704 http fetch GET 200 https://registry.npmjs.org/strip-json-comments 555ms (cache updated)
3705 silly packumentCache full:https://registry.npmjs.org/strip-json-comments set size:undefined disposed:false
3706 silly placeDep ROOT deep-extend@0.6.0 OK for: rc@1.2.8 want: ^0.6.0
3707 silly placeDep ROOT ini@1.3.8 OK for: rc@1.2.8 want: ~1.3.0
3708 silly placeDep ROOT minimist@1.2.8 OK for: rc@1.2.8 want: ^1.2.0
3709 silly placeDep ROOT strip-json-comments@2.0.1 OK for: rc@1.2.8 want: ~2.0.1
3710 silly placeDep ROOT is-core-module@2.16.1 OK for: resolve@1.22.10 want: ^2.16.0
3711 silly placeDep ROOT path-parse@1.0.7 OK for: resolve@1.22.10 want: ^1.0.7
3712 silly placeDep ROOT supports-preserve-symlinks-flag@1.0.0 OK for: resolve@1.22.10 want: ^1.0.0
3713 silly fetch manifest hasown@^2.0.2
3714 silly packumentCache full:https://registry.npmjs.org/hasown cache-miss
3715 http fetch GET 200 https://registry.npmjs.org/hasown 61ms (cache updated)
3716 silly packumentCache full:https://registry.npmjs.org/hasown set size:undefined disposed:false
3717 silly placeDep ROOT hasown@2.0.2 OK for: is-core-module@2.16.1 want: ^2.0.2
3718 silly fetch manifest function-bind@^1.1.2
3719 silly packumentCache full:https://registry.npmjs.org/function-bind cache-miss
3720 http fetch GET 200 https://registry.npmjs.org/function-bind 56ms (cache updated)
3721 silly packumentCache full:https://registry.npmjs.org/function-bind set size:undefined disposed:false
3722 silly placeDep ROOT function-bind@1.1.2 OK for: hasown@2.0.2 want: ^1.1.2
3723 silly placeDep node_modules/restore-cursor onetime@2.0.1 OK for: restore-cursor@2.0.0 want: ^2.0.0
3724 silly placeDep node_modules/restore-cursor signal-exit@3.0.7 OK for: restore-cursor@2.0.0 want: ^3.0.2
3725 silly fetch manifest mimic-fn@^1.0.0
3726 silly packumentCache full:https://registry.npmjs.org/mimic-fn cache-miss
3727 http cache https://registry.npmjs.org/mimic-fn 13ms (cache hit)
3728 silly packumentCache full:https://registry.npmjs.org/mimic-fn set size:22257 disposed:false
3729 silly placeDep node_modules/rimraf glob@7.2.3 OK for: rimraf@3.0.2 want: ^7.1.3
3730 silly placeDep node_modules/send debug@2.6.9 OK for: send@0.19.1 want: 2.6.9
3731 silly placeDep ROOT depd@2.0.0 OK for: send@0.19.1 want: 2.0.0
3732 silly placeDep ROOT destroy@1.2.0 OK for: send@0.19.1 want: 1.2.0
3733 silly placeDep node_modules/send encodeurl@2.0.0 OK for: send@0.19.1 want: ~2.0.0
3734 silly placeDep ROOT etag@1.8.1 OK for: send@0.19.1 want: ~1.8.1
3735 silly placeDep ROOT fresh@0.5.2 OK for: send@0.19.1 want: 0.5.2
3736 silly placeDep ROOT http-errors@2.0.0 OK for: send@0.19.1 want: 2.0.0
3737 silly placeDep node_modules/send mime@1.6.0 OK for: send@0.19.1 want: 1.6.0
3738 silly placeDep node_modules/send on-finished@2.4.1 OK for: send@0.19.1 want: 2.4.1
3739 silly placeDep ROOT range-parser@1.2.1 OK for: send@0.19.1 want: ~1.2.1
3740 silly placeDep node_modules/send statuses@2.0.1 OK for: send@0.19.1 want: 2.0.1
3741 silly fetch manifest setprototypeof@1.2.0
3742 silly packumentCache full:https://registry.npmjs.org/setprototypeof cache-miss
3743 silly fetch manifest toidentifier@1.0.1
3744 silly packumentCache full:https://registry.npmjs.org/toidentifier cache-miss
3745 http fetch GET 200 https://registry.npmjs.org/toidentifier 62ms (cache updated)
3746 silly packumentCache full:https://registry.npmjs.org/toidentifier set size:undefined disposed:false
3747 http fetch GET 200 https://registry.npmjs.org/setprototypeof 65ms (cache updated)
3748 silly packumentCache full:https://registry.npmjs.org/setprototypeof set size:undefined disposed:false
3749 silly placeDep ROOT setprototypeof@1.2.0 OK for: http-errors@2.0.0 want: 1.2.0
3750 silly placeDep node_modules/http-errors statuses@2.0.1 OK for: http-errors@2.0.0 want: 2.0.1
3751 silly placeDep ROOT toidentifier@1.0.1 OK for: http-errors@2.0.0 want: 1.0.1
3752 silly placeDep node_modules/serve-static encodeurl@2.0.0 OK for: serve-static@1.16.2 want: ~2.0.0
3753 silly placeDep node_modules/serve-static send@0.19.0 OK for: serve-static@1.16.2 want: 0.19.0
3754 silly placeDep ROOT shebang-regex@3.0.0 OK for: shebang-command@2.0.0 want: ^3.0.0
3755 silly placeDep node_modules/slice-ansi ansi-styles@3.2.1 OK for: slice-ansi@2.1.0 want: ^3.2.0
3756 silly placeDep ROOT astral-regex@1.0.0 OK for: slice-ansi@2.1.0 want: ^1.0.0
3757 silly placeDep ROOT is-fullwidth-code-point@2.0.0 OK for: slice-ansi@2.1.0 want: ^2.0.0
3758 silly fetch manifest color-convert@^1.9.0
3759 silly packumentCache full:https://registry.npmjs.org/color-convert cache-miss
3760 http cache https://registry.npmjs.org/color-convert 9ms (cache hit)
3761 silly packumentCache full:https://registry.npmjs.org/color-convert set size:66477 disposed:false
3762 silly placeDep ROOT buffer-from@1.1.2 OK for: source-map-support@0.5.21 want: ^1.0.0
3763 silly placeDep node_modules/source-map-support source-map@0.6.1 OK for: source-map-support@0.5.21 want: ^0.6.0
3764 silly placeDep node_modules/stack-utils escape-string-regexp@2.0.0 OK for: stack-utils@2.0.6 want: ^2.0.0
3765 silly placeDep ROOT type-fest@0.7.1 OK for: stacktrace-parser@0.1.11 want: ^0.7.1
3766 silly placeDep ROOT eastasianwidth@0.2.0 OK for: string-width@5.1.2 want: ^0.2.0
3767 silly placeDep ROOT emoji-regex@9.2.2 OK for: string-width@5.1.2 want: ^9.2.2
3768 silly placeDep node_modules/string-width-cjs emoji-regex@8.0.0 OK for: string-width@4.2.3 want: ^8.0.0
3769 silly placeDep node_modules/string-width-cjs is-fullwidth-code-point@3.0.0 OK for: string-width@4.2.3 want: ^3.0.0
3770 silly placeDep node_modules/string-width-cjs strip-ansi@6.0.1 OK for: string-width@4.2.3 want: ^6.0.1
3771 silly placeDep node_modules/strip-ansi ansi-regex@6.1.0 OK for: strip-ansi@7.1.0 want: ^6.0.1
3772 silly placeDep node_modules/sucrase commander@4.1.1 OK for: sucrase@3.35.0 want: ^4.0.0
3773 silly placeDep ROOT lines-and-columns@1.2.4 OK for: sucrase@3.35.0 want: ^1.1.6
3774 silly placeDep ROOT mz@2.7.0 OK for: sucrase@3.35.0 want: ^2.7.0
3775 silly placeDep ROOT pirates@4.0.7 OK for: sucrase@3.35.0 want: ^4.0.1
3776 silly placeDep ROOT ts-interface-checker@0.1.13 OK for: sucrase@3.35.0 want: ^0.1.9
3777 silly fetch manifest any-promise@^1.0.0
3778 silly packumentCache full:https://registry.npmjs.org/any-promise cache-miss
3779 silly fetch manifest thenify-all@^1.0.0
3780 silly packumentCache full:https://registry.npmjs.org/thenify-all cache-miss
3781 http fetch GET 200 https://registry.npmjs.org/any-promise 60ms (cache updated)
3782 silly packumentCache full:https://registry.npmjs.org/any-promise set size:undefined disposed:false
3783 http fetch GET 200 https://registry.npmjs.org/thenify-all 63ms (cache updated)
3784 silly packumentCache full:https://registry.npmjs.org/thenify-all set size:undefined disposed:false
3785 silly placeDep ROOT any-promise@1.3.0 OK for: mz@2.7.0 want: ^1.0.0
3786 silly placeDep ROOT thenify-all@1.6.0 OK for: mz@2.7.0 want: ^1.0.0
3787 silly fetch manifest thenify@>= 3.1.0 < 4
3788 silly packumentCache full:https://registry.npmjs.org/thenify cache-miss
3789 http fetch GET 200 https://registry.npmjs.org/thenify 55ms (cache updated)
3790 silly packumentCache full:https://registry.npmjs.org/thenify set size:undefined disposed:false
3791 silly placeDep ROOT has-flag@4.0.0 OK for: supports-color@7.2.0 want: ^4.0.0
3792 silly placeDep ROOT @isaacs/fs-minipass@4.0.1 OK for: tar@7.4.3 want: ^4.0.0
3793 silly placeDep ROOT chownr@3.0.0 OK for: tar@7.4.3 want: ^3.0.0
3794 silly placeDep ROOT minizlib@3.0.2 OK for: tar@7.4.3 want: ^3.0.1
3795 silly placeDep node_modules/tar mkdirp@3.0.1 OK for: tar@7.4.3 want: ^3.0.1
3796 silly placeDep node_modules/tar yallist@5.0.0 OK for: tar@7.4.3 want: ^5.0.0
3797 silly placeDep ROOT ansi-escapes@4.3.2 OK for: terminal-link@2.1.1 want: ^4.2.1
3798 silly placeDep ROOT supports-hyperlinks@2.3.0 OK for: terminal-link@2.1.1 want: ^2.0.0
3799 silly fetch manifest type-fest@^0.21.3
3800 silly packumentCache full:https://registry.npmjs.org/type-fest cache-miss
3801 http cache https://registry.npmjs.org/type-fest 13ms (cache hit)
3802 silly packumentCache full:https://registry.npmjs.org/type-fest set size:524071 disposed:false
3803 silly placeDep node_modules/ansi-escapes type-fest@0.21.3 OK for: ansi-escapes@4.3.2 want: ^0.21.3
3804 silly placeDep ROOT @jridgewell/source-map@0.3.6 OK for: terser@5.39.0 want: ^0.3.3
3805 silly placeDep ROOT acorn@8.14.1 OK for: terser@5.39.0 want: ^8.8.2
3806 silly placeDep node_modules/terser commander@2.20.3 OK for: terser@5.39.0 want: ^2.20.0
3807 silly placeDep ROOT thenify@3.3.1 OK for: thenify-all@1.6.0 want: >= 3.1.0 < 4
3808 silly placeDep ROOT readable-stream@2.3.8 OK for: through2@2.0.5 want: ~2.3.6
3809 silly placeDep ROOT xtend@4.0.2 OK for: through2@2.0.5 want: ~4.0.1
3810 silly fetch manifest isarray@~1.0.0
3811 silly packumentCache full:https://registry.npmjs.org/isarray cache-miss
3812 silly fetch manifest safe-buffer@~5.1.1
3813 silly packumentCache full:https://registry.npmjs.org/safe-buffer cache-miss
3814 silly fetch manifest core-util-is@~1.0.0
3815 silly packumentCache full:https://registry.npmjs.org/core-util-is cache-miss
3816 silly fetch manifest string_decoder@~1.1.1
3817 silly packumentCache full:https://registry.npmjs.org/string_decoder cache-miss
3818 silly fetch manifest util-deprecate@~1.0.1
3819 silly packumentCache full:https://registry.npmjs.org/util-deprecate cache-miss
3820 silly fetch manifest process-nextick-args@~2.0.0
3821 silly packumentCache full:https://registry.npmjs.org/process-nextick-args cache-miss
3822 http cache https://registry.npmjs.org/safe-buffer 30ms (cache hit)
3823 silly packumentCache full:https://registry.npmjs.org/safe-buffer set size:41183 disposed:false
3824 http fetch GET 200 https://registry.npmjs.org/util-deprecate 69ms (cache updated)
3825 silly packumentCache full:https://registry.npmjs.org/util-deprecate set size:undefined disposed:false
3826 http fetch GET 200 https://registry.npmjs.org/isarray 73ms (cache updated)
3827 silly packumentCache full:https://registry.npmjs.org/isarray set size:undefined disposed:false
3828 http fetch GET 200 https://registry.npmjs.org/core-util-is 74ms (cache updated)
3829 silly packumentCache full:https://registry.npmjs.org/core-util-is set size:undefined disposed:false
3830 http fetch GET 200 https://registry.npmjs.org/process-nextick-args 75ms (cache updated)
3831 silly packumentCache full:https://registry.npmjs.org/process-nextick-args set size:undefined disposed:false
3832 http fetch GET 200 https://registry.npmjs.org/string_decoder 78ms (cache updated)
3833 silly packumentCache full:https://registry.npmjs.org/string_decoder set size:undefined disposed:false
3834 silly placeDep ROOT core-util-is@1.0.3 OK for: readable-stream@2.3.8 want: ~1.0.0
3835 silly placeDep ROOT isarray@1.0.0 OK for: readable-stream@2.3.8 want: ~1.0.0
3836 silly placeDep ROOT process-nextick-args@2.0.1 OK for: readable-stream@2.3.8 want: ~2.0.0
3837 silly placeDep node_modules/readable-stream safe-buffer@5.1.2 OK for: readable-stream@2.3.8 want: ~5.1.1
3838 silly placeDep ROOT string_decoder@1.1.1 OK for: readable-stream@2.3.8 want: ~1.1.1
3839 silly placeDep ROOT util-deprecate@1.0.2 OK for: readable-stream@2.3.8 want: ~1.0.1
3840 silly fetch manifest safe-buffer@~5.1.0
3841 silly packumentCache full:https://registry.npmjs.org/safe-buffer cache-hit
3842 silly placeDep node_modules/string_decoder safe-buffer@5.1.2 OK for: string_decoder@1.1.1 want: ~5.1.0
3843 silly placeDep ROOT is-number@7.0.0 OK for: to-regex-range@5.0.1 want: ^7.0.0
3844 silly placeDep ROOT unicode-canonical-property-names-ecmascript@2.0.1 OK for: unicode-match-property-ecmascript@2.0.0 want: ^2.0.0
3845 silly placeDep ROOT unicode-property-aliases-ecmascript@2.1.0 OK for: unicode-match-property-ecmascript@2.0.0 want: ^2.0.0
3846 silly placeDep ROOT crypto-random-string@2.0.0 OK for: unique-string@2.0.0 want: ^2.0.0
3847 silly placeDep ROOT escalade@3.2.0 OK for: update-browserslist-db@1.1.3 want: ^3.2.0
3848 silly placeDep ROOT makeerror@1.0.12 OK for: walker@1.0.8 want: 1.0.12
3849 silly fetch manifest tmpl@1.0.5
3850 silly packumentCache full:https://registry.npmjs.org/tmpl cache-miss
3851 http fetch GET 200 https://registry.npmjs.org/tmpl 60ms (cache updated)
3852 silly packumentCache full:https://registry.npmjs.org/tmpl set size:undefined disposed:false
3853 silly placeDep ROOT tmpl@1.0.5 OK for: makeerror@1.0.12 want: 1.0.5
3854 silly placeDep ROOT defaults@1.0.4 OK for: wcwidth@1.0.1 want: ^1.0.3
3855 silly fetch manifest clone@^1.0.2
3856 silly packumentCache full:https://registry.npmjs.org/clone cache-miss
3857 http fetch GET 200 https://registry.npmjs.org/clone 64ms (cache updated)
3858 silly packumentCache full:https://registry.npmjs.org/clone set size:undefined disposed:false
3859 silly placeDep ROOT clone@1.0.4 OK for: defaults@1.0.4 want: ^1.0.2
3860 silly placeDep ROOT tr46@0.0.3 OK for: whatwg-url@5.0.0 want: ~0.0.3
3861 silly placeDep ROOT webidl-conversions@3.0.1 OK for: whatwg-url@5.0.0 want: ^3.0.0
3862 silly placeDep ROOT buffer@5.7.1 OK for: whatwg-url-without-unicode@8.0.0-3 want: ^5.4.3
3863 silly placeDep ROOT punycode@2.3.1 OK for: whatwg-url-without-unicode@8.0.0-3 want: ^2.1.1
3864 silly placeDep node_modules/whatwg-url-without-unicode webidl-conversions@5.0.0 OK for: whatwg-url-without-unicode@8.0.0-3 want: ^5.0.0
3865 silly fetch manifest ieee754@^1.1.13
3866 silly packumentCache full:https://registry.npmjs.org/ieee754 cache-miss
3867 http fetch GET 200 https://registry.npmjs.org/ieee754 43ms (cache updated)
3868 silly packumentCache full:https://registry.npmjs.org/ieee754 set size:undefined disposed:false
3869 silly placeDep ROOT ieee754@1.2.1 OK for: buffer@5.7.1 want: ^1.1.13
3870 silly placeDep ROOT isexe@2.0.0 OK for: which@2.0.2 want: ^2.0.0
3871 silly placeDep node_modules/wrap-ansi string-width@4.2.3 OK for: wrap-ansi@7.0.0 want: ^4.1.0
3872 silly placeDep node_modules/wrap-ansi strip-ansi@6.0.1 OK for: wrap-ansi@7.0.0 want: ^6.0.0
3873 silly placeDep node_modules/wrap-ansi-cjs string-width@4.2.3 OK for: wrap-ansi@7.0.0 want: ^4.1.0
3874 silly placeDep node_modules/wrap-ansi-cjs strip-ansi@6.0.1 OK for: wrap-ansi@7.0.0 want: ^6.0.0
3875 silly placeDep ROOT simple-plist@1.3.1 OK for: xcode@3.0.1 want: ^1.1.0
3876 silly placeDep ROOT uuid@7.0.3 OK for: xcode@3.0.1 want: ^7.0.3
3877 silly fetch manifest bplist-parser@0.3.1
3878 silly packumentCache full:https://registry.npmjs.org/bplist-parser cache-miss
3879 silly fetch manifest plist@^3.0.5
3880 silly packumentCache full:https://registry.npmjs.org/plist cache-miss
3881 http cache https://registry.npmjs.org/bplist-parser 9ms (cache hit)
3882 silly packumentCache full:https://registry.npmjs.org/bplist-parser set size:21877 disposed:false
3883 http fetch GET 200 https://registry.npmjs.org/plist 52ms (cache updated)
3884 silly packumentCache full:https://registry.npmjs.org/plist set size:undefined disposed:false
3885 silly placeDep node_modules/simple-plist bplist-parser@0.3.1 OK for: simple-plist@1.3.1 want: 0.3.1
3886 silly placeDep ROOT plist@3.1.0 OK for: simple-plist@1.3.1 want: ^3.0.5
3887 silly placeDep ROOT sax@1.4.1 OK for: xml2js@0.6.0 want: >=0.6.0
3888 silly placeDep node_modules/xml2js xmlbuilder@11.0.1 OK for: xml2js@0.6.0 want: ~11.0.0
3889 silly placeDep ROOT cliui@8.0.1 OK for: yargs@17.7.2 want: ^8.0.1
3890 silly placeDep ROOT get-caller-file@2.0.5 OK for: yargs@17.7.2 want: ^2.0.5
3891 silly placeDep ROOT require-directory@2.1.1 OK for: yargs@17.7.2 want: ^2.1.1
3892 silly placeDep node_modules/yargs string-width@4.2.3 OK for: yargs@17.7.2 want: ^4.2.3
3893 silly placeDep ROOT y18n@5.0.8 OK for: yargs@17.7.2 want: ^5.0.5
3894 silly placeDep ROOT yargs-parser@21.1.1 OK for: yargs@17.7.2 want: ^21.1.1
3895 silly placeDep node_modules/cliui string-width@4.2.3 OK for: cliui@8.0.1 want: ^4.2.0
3896 silly placeDep node_modules/cliui strip-ansi@6.0.1 OK for: cliui@8.0.1 want: ^6.0.1
3897 silly placeDep node_modules/@babel/highlight ansi-styles@3.2.1 OK for: chalk@2.4.2 want: ^3.2.1
3898 silly placeDep node_modules/@babel/highlight escape-string-regexp@1.0.5 OK for: chalk@2.4.2 want: ^1.0.5
3899 silly placeDep node_modules/@babel/highlight supports-color@5.5.0 OK for: chalk@2.4.2 want: ^5.3.0
3900 silly fetch manifest has-flag@^3.0.0
3901 silly packumentCache full:https://registry.npmjs.org/has-flag cache-miss
3902 http cache https://registry.npmjs.org/has-flag 8ms (cache hit)
3903 silly packumentCache full:https://registry.npmjs.org/has-flag set size:15180 disposed:false
3904 silly placeDep node_modules/@babel/highlight color-convert@1.9.3 OK for: ansi-styles@3.2.1 want: ^1.9.0
3905 silly fetch manifest color-name@1.1.3
3906 silly packumentCache full:https://registry.npmjs.org/color-name cache-miss
3907 http cache https://registry.npmjs.org/color-name 4ms (cache hit)
3908 silly packumentCache full:https://registry.npmjs.org/color-name set size:16325 disposed:false
3909 silly placeDep node_modules/@babel/highlight color-name@1.1.3 OK for: color-convert@1.9.3 want: 1.1.3
3910 silly placeDep node_modules/@babel/highlight has-flag@3.0.0 OK for: supports-color@5.5.0 want: ^3.0.0
3911 silly placeDep node_modules/@isaacs/cliui ansi-styles@6.2.1 OK for: wrap-ansi@8.1.0 want: ^6.1.0
3912 silly placeDep ROOT fs.realpath@1.0.0 OK for: glob@7.2.3 want: ^1.0.0
3913 silly placeDep ROOT inflight@1.0.6 OK for: glob@7.2.3 want: ^1.0.4
3914 silly placeDep node_modules/@react-native-community/cli-config minimatch@3.1.2 OK for: glob@7.2.3 want: ^3.1.1
3915 silly placeDep ROOT once@1.4.0 OK for: glob@7.2.3 want: ^1.3.0
3916 silly placeDep ROOT path-is-absolute@1.0.1 OK for: glob@7.2.3 want: ^1.0.0
3917 silly fetch manifest wrappy@1
3918 silly packumentCache full:https://registry.npmjs.org/wrappy cache-miss
3919 silly fetch manifest brace-expansion@^1.1.7
3920 silly packumentCache full:https://registry.npmjs.org/brace-expansion cache-miss
3921 silly fetch manifest wrappy@1
3922 silly packumentCache full:https://registry.npmjs.org/wrappy cache-miss
3923 http cache https://registry.npmjs.org/brace-expansion 3ms (cache hit)
3924 silly packumentCache full:https://registry.npmjs.org/brace-expansion set size:42345 disposed:false
3925 http fetch GET 200 https://registry.npmjs.org/wrappy 46ms (cache updated)
3926 silly packumentCache full:https://registry.npmjs.org/wrappy set size:undefined disposed:false
3927 http fetch GET 200 https://registry.npmjs.org/wrappy 80ms (cache updated)
3928 silly packumentCache full:https://registry.npmjs.org/wrappy set size:undefined disposed:false
3929 silly placeDep ROOT wrappy@1.0.2 OK for: inflight@1.0.6 want: 1
3930 silly placeDep node_modules/@react-native-community/cli-config brace-expansion@1.1.11 OK for: minimatch@3.1.2 want: ^1.1.7
3931 silly fetch manifest concat-map@0.0.1
3932 silly packumentCache full:https://registry.npmjs.org/concat-map cache-miss
3933 http fetch GET 200 https://registry.npmjs.org/concat-map 58ms (cache updated)
3934 silly packumentCache full:https://registry.npmjs.org/concat-map set size:undefined disposed:false
3935 silly placeDep ROOT concat-map@0.0.1 OK for: brace-expansion@1.1.11 want: 0.0.1
3936 silly placeDep ROOT bl@4.1.0 OK for: ora@5.4.1 want: ^4.1.0
3937 silly placeDep node_modules/@react-native-community/cli-doctor cli-cursor@3.1.0 OK for: ora@5.4.1 want: ^3.1.0
3938 silly placeDep ROOT is-interactive@1.0.0 OK for: ora@5.4.1 want: ^1.0.0
3939 silly placeDep ROOT is-unicode-supported@0.1.0 OK for: ora@5.4.1 want: ^0.1.0
3940 silly placeDep node_modules/@react-native-community/cli-doctor log-symbols@4.1.0 OK for: ora@5.4.1 want: ^4.1.0
3941 silly placeDep node_modules/@react-native-community/cli-doctor/node_modules/ora strip-ansi@6.0.1 OK for: ora@5.4.1 want: ^6.0.0
3942 silly fetch manifest readable-stream@^3.4.0
3943 silly packumentCache full:https://registry.npmjs.org/readable-stream cache-miss
3944 silly fetch manifest restore-cursor@^3.1.0
3945 silly packumentCache full:https://registry.npmjs.org/restore-cursor cache-miss
3946 http cache https://registry.npmjs.org/restore-cursor 8ms (cache hit)
3947 silly packumentCache full:https://registry.npmjs.org/restore-cursor set size:17895 disposed:false
3948 http cache https://registry.npmjs.org/readable-stream 10ms (cache hit)
3949 silly packumentCache full:https://registry.npmjs.org/readable-stream set size:261096 disposed:false
3950 silly placeDep node_modules/bl readable-stream@3.6.2 OK for: bl@4.1.0 want: ^3.4.0
3951 silly placeDep node_modules/@react-native-community/cli-doctor restore-cursor@3.1.0 OK for: cli-cursor@3.1.0 want: ^3.1.0
3952 silly placeDep node_modules/@react-native-community/cli-doctor signal-exit@3.0.7 OK for: restore-cursor@3.1.0 want: ^3.0.2
3953 silly placeDep node_modules/@react-native-community/cli-doctor/node_modules/strip-ansi ansi-regex@4.1.1 OK for: strip-ansi@5.2.0 want: ^4.1.0
3954 silly placeDep node_modules/@react-native-community/cli-platform-android minimatch@3.1.2 OK for: glob@7.2.3 want: ^3.1.1
3955 silly placeDep node_modules/@react-native-community/cli-platform-android brace-expansion@1.1.11 OK for: minimatch@3.1.2 want: ^1.1.7
3956 silly placeDep node_modules/@react-native-community/cli-platform-ios minimatch@3.1.2 OK for: glob@7.2.3 want: ^3.1.1
3957 silly placeDep node_modules/@react-native-community/cli-platform-ios brace-expansion@1.1.11 OK for: minimatch@3.1.2 want: ^1.1.7
3958 silly placeDep node_modules/@react-native-community/cli-platform-ios cli-cursor@3.1.0 OK for: ora@5.4.1 want: ^3.1.0
3959 silly placeDep node_modules/@react-native-community/cli-platform-ios log-symbols@4.1.0 OK for: ora@5.4.1 want: ^4.1.0
3960 silly placeDep node_modules/@react-native-community/cli-platform-ios strip-ansi@6.0.1 OK for: ora@5.4.1 want: ^6.0.0
3961 silly placeDep node_modules/@react-native-community/cli-platform-ios restore-cursor@3.1.0 OK for: cli-cursor@3.1.0 want: ^3.1.0
3962 silly placeDep node_modules/@react-native-community/cli-platform-ios signal-exit@3.0.7 OK for: restore-cursor@3.1.0 want: ^3.0.2
3963 silly placeDep node_modules/@react-native-community/cli-server-api @jest/types@26.6.2 OK for: pretty-format@26.6.2 want: ^26.6.2
3964 silly placeDep node_modules/@react-native-community/cli-server-api react-is@17.0.2 OK for: pretty-format@26.6.2 want: ^17.0.1
3965 silly fetch manifest @types/yargs@^15.0.0
3966 silly packumentCache full:https://registry.npmjs.org/@types%2fyargs cache-miss
3967 http cache https://registry.npmjs.org/@types%2fyargs 12ms (cache hit)
3968 silly packumentCache full:https://registry.npmjs.org/@types%2fyargs set size:379176 disposed:false
3969 silly placeDep node_modules/@react-native-community/cli-server-api @types/yargs@15.0.19 OK for: @jest/types@26.6.2 want: ^15.0.0
3970 silly placeDep node_modules/@react-native-community/cli-tools is-wsl@1.1.0 OK for: open@6.4.0 want: ^1.1.0
3971 silly placeDep node_modules/@react-native-community/cli-tools cli-cursor@3.1.0 OK for: ora@5.4.1 want: ^3.1.0
3972 silly placeDep node_modules/@react-native-community/cli-tools log-symbols@4.1.0 OK for: ora@5.4.1 want: ^4.1.0
3973 silly placeDep node_modules/@react-native-community/cli-tools strip-ansi@6.0.1 OK for: ora@5.4.1 want: ^6.0.0
3974 silly placeDep node_modules/@react-native-community/cli-tools restore-cursor@3.1.0 OK for: cli-cursor@3.1.0 want: ^3.1.0
3975 silly placeDep node_modules/@react-native-community/cli-tools signal-exit@3.0.7 OK for: restore-cursor@3.1.0 want: ^3.0.2
3976 silly placeDep node_modules/@react-native-community/cli locate-path@5.0.0 OK for: find-up@4.1.0 want: ^5.0.0
3977 silly fetch manifest p-locate@^4.1.0
3978 silly packumentCache full:https://registry.npmjs.org/p-locate cache-miss
3979 http cache https://registry.npmjs.org/p-locate 4ms (cache hit)
3980 silly packumentCache full:https://registry.npmjs.org/p-locate set size:20789 disposed:false
3981 silly placeDep node_modules/@react-native-community/cli p-locate@4.1.0 OK for: locate-path@5.0.0 want: ^4.1.0
3982 silly fetch manifest p-limit@^2.2.0
3983 silly packumentCache full:https://registry.npmjs.org/p-limit cache-miss
3984 http cache https://registry.npmjs.org/p-limit 3ms (cache hit)
3985 silly packumentCache full:https://registry.npmjs.org/p-limit set size:50060 disposed:false
3986 silly placeDep node_modules/@react-native-community/cli p-limit@2.3.0 OK for: p-locate@4.1.0 want: ^2.2.0
3987 silly fetch manifest p-try@^2.0.0
3988 silly packumentCache full:https://registry.npmjs.org/p-try cache-miss
3989 http fetch GET 200 https://registry.npmjs.org/p-try 76ms (cache updated)
3990 silly packumentCache full:https://registry.npmjs.org/p-try set size:undefined disposed:false
3991 silly placeDep ROOT p-try@2.2.0 OK for: p-limit@2.3.0 want: ^2.0.0
3992 silly placeDep node_modules/@react-native/codegen minimatch@3.1.2 OK for: glob@7.2.3 want: ^3.1.1
3993 silly placeDep node_modules/@react-native/codegen brace-expansion@1.1.11 OK for: minimatch@3.1.2 want: ^1.1.7
3994 silly placeDep node_modules/@react-native/community-cli-plugin @react-native-community/cli-debugger-ui@12.3.7 OK for: @react-native-community/cli-server-api@12.3.7 want: 12.3.7
3995 silly placeDep node_modules/@react-native/community-cli-plugin pretty-format@26.6.2 OK for: @react-native-community/cli-server-api@12.3.7 want: ^26.6.2
3996 silly placeDep node_modules/@react-native/community-cli-plugin ws@7.5.10 OK for: @react-native-community/cli-server-api@12.3.7 want: ^7.5.1
3997 silly placeDep node_modules/@react-native/community-cli-plugin/node_modules/@react-native-community/cli-tools open@6.4.0 OK for: @react-native-community/cli-tools@12.3.7 want: ^6.2.0
3998 silly placeDep node_modules/@react-native/community-cli-plugin ora@5.4.1 OK for: @react-native-community/cli-tools@12.3.7 want: ^5.4.1
3999 silly placeDep node_modules/@react-native/community-cli-plugin @react-native/debugger-frontend@0.73.3 OK for: @react-native/dev-middleware@0.73.8 want: 0.73.3
4000 silly placeDep node_modules/@react-native/community-cli-plugin chromium-edge-launcher@1.0.0 OK for: @react-native/dev-middleware@0.73.8 want: ^1.0.0
4001 silly placeDep node_modules/@react-native/community-cli-plugin debug@2.6.9 OK for: @react-native/dev-middleware@0.73.8 want: ^2.2.0
4002 silly placeDep node_modules/@react-native/community-cli-plugin/node_modules/@react-native/dev-middleware ws@6.2.3 OK for: @react-native/dev-middleware@0.73.8 want: ^6.2.2
4003 silly placeDep node_modules/@react-native/community-cli-plugin ms@2.0.0 OK for: debug@2.6.9 want: 2.0.0
4004 silly placeDep node_modules/@react-native/community-cli-plugin cli-cursor@3.1.0 OK for: ora@5.4.1 want: ^3.1.0
4005 silly placeDep node_modules/@react-native/community-cli-plugin log-symbols@4.1.0 OK for: ora@5.4.1 want: ^4.1.0
4006 silly placeDep node_modules/@react-native/community-cli-plugin strip-ansi@6.0.1 OK for: ora@5.4.1 want: ^6.0.0
4007 silly placeDep node_modules/@react-native/community-cli-plugin restore-cursor@3.1.0 OK for: cli-cursor@3.1.0 want: ^3.1.0
4008 silly placeDep node_modules/@react-native/community-cli-plugin @jest/types@26.6.2 OK for: pretty-format@26.6.2 want: ^26.6.2
4009 silly placeDep node_modules/@react-native/community-cli-plugin react-is@17.0.2 OK for: pretty-format@26.6.2 want: ^17.0.1
4010 silly placeDep node_modules/@react-native/community-cli-plugin @types/yargs@15.0.19 OK for: @jest/types@26.6.2 want: ^15.0.0
4011 silly placeDep node_modules/@react-native/community-cli-plugin signal-exit@3.0.7 OK for: restore-cursor@3.1.0 want: ^3.0.2
4012 silly placeDep node_modules/@react-native/dev-middleware ms@2.0.0 OK for: debug@2.6.9 want: 2.0.0
4013 silly placeDep ROOT async-limiter@1.0.1 OK for: ws@6.2.3 want: ~1.0.0
4014 silly placeDep ROOT @babel/plugin-proposal-async-generator-functions@7.20.7 OK for: @react-native/babel-preset@0.73.21 want: ^7.0.0
4015 silly placeDep ROOT @babel/plugin-proposal-class-properties@7.18.6 OK for: @react-native/babel-preset@0.73.21 want: ^7.18.0
4016 silly placeDep ROOT @babel/plugin-proposal-nullish-coalescing-operator@7.18.6 OK for: @react-native/babel-preset@0.73.21 want: ^7.18.0
4017 silly placeDep ROOT @babel/plugin-proposal-numeric-separator@7.18.6 OK for: @react-native/babel-preset@0.73.21 want: ^7.0.0
4018 silly placeDep ROOT @babel/plugin-proposal-object-rest-spread@7.20.7 OK for: @react-native/babel-preset@0.73.21 want: ^7.20.0
4019 silly placeDep ROOT @babel/plugin-proposal-optional-catch-binding@7.18.6 OK for: @react-native/babel-preset@0.73.21 want: ^7.0.0
4020 silly placeDep ROOT @babel/plugin-proposal-optional-chaining@7.21.0 OK for: @react-native/babel-preset@0.73.21 want: ^7.20.0
4021 silly placeDep node_modules/@react-native/metro-babel-transformer @react-native/babel-plugin-codegen@0.73.4 OK for: @react-native/babel-preset@0.73.21 want: 0.73.4
4022 silly fetch manifest @babel/helper-environment-visitor@^7.18.9
4023 silly packumentCache full:https://registry.npmjs.org/@babel%2fhelper-environment-visitor cache-miss
4024 silly fetch manifest @babel/plugin-syntax-async-generators@^7.8.4
4025 silly packumentCache full:https://registry.npmjs.org/@babel%2fplugin-syntax-async-generators cache-miss
4026 silly fetch manifest @babel/plugin-syntax-numeric-separator@^7.10.4
4027 silly packumentCache full:https://registry.npmjs.org/@babel%2fplugin-syntax-numeric-separator cache-miss
4028 silly fetch manifest @babel/plugin-syntax-object-rest-spread@^7.8.3
4029 silly packumentCache full:https://registry.npmjs.org/@babel%2fplugin-syntax-object-rest-spread cache-miss
4030 silly fetch manifest @babel/plugin-syntax-optional-catch-binding@^7.8.3
4031 silly packumentCache full:https://registry.npmjs.org/@babel%2fplugin-syntax-optional-catch-binding cache-miss
4032 silly fetch manifest @react-native/codegen@0.73.3
4033 silly packumentCache full:https://registry.npmjs.org/@react-native%2fcodegen cache-miss
4034 http cache https://registry.npmjs.org/@react-native%2fcodegen 19ms (cache hit)
4035 silly packumentCache full:https://registry.npmjs.org/@react-native%2fcodegen set size:1809278 disposed:false
4036 http fetch GET 200 https://registry.npmjs.org/@babel%2fplugin-syntax-object-rest-spread 57ms (cache updated)
4037 silly packumentCache full:https://registry.npmjs.org/@babel%2fplugin-syntax-object-rest-spread set size:undefined disposed:false
4038 http fetch GET 200 https://registry.npmjs.org/@babel%2fplugin-syntax-optional-catch-binding 70ms (cache updated)
4039 silly packumentCache full:https://registry.npmjs.org/@babel%2fplugin-syntax-optional-catch-binding set size:undefined disposed:false
4040 http fetch GET 200 https://registry.npmjs.org/@babel%2fplugin-syntax-numeric-separator 92ms (cache updated)
4041 silly packumentCache full:https://registry.npmjs.org/@babel%2fplugin-syntax-numeric-separator set size:undefined disposed:false
4042 http fetch GET 200 https://registry.npmjs.org/@babel%2fplugin-syntax-async-generators 657ms (cache updated)
4043 silly packumentCache full:https://registry.npmjs.org/@babel%2fplugin-syntax-async-generators set size:undefined disposed:false
4044 http fetch GET 200 https://registry.npmjs.org/@babel%2fhelper-environment-visitor 663ms (cache updated)
4045 silly packumentCache full:https://registry.npmjs.org/@babel%2fhelper-environment-visitor set size:undefined disposed:false
4046 silly placeDep ROOT @babel/helper-environment-visitor@7.24.7 OK for: @babel/plugin-proposal-async-generator-functions@7.20.7 want: ^7.18.9
4047 silly placeDep ROOT @babel/plugin-syntax-async-generators@7.8.4 OK for: @babel/plugin-proposal-async-generator-functions@7.20.7 want: ^7.8.4
4048 silly placeDep ROOT @babel/plugin-syntax-numeric-separator@7.10.4 OK for: @babel/plugin-proposal-numeric-separator@7.18.6 want: ^7.10.4
4049 silly placeDep ROOT @babel/plugin-syntax-object-rest-spread@7.8.3 OK for: @babel/plugin-proposal-object-rest-spread@7.20.7 want: ^7.8.3
4050 silly placeDep ROOT @babel/plugin-syntax-optional-catch-binding@7.8.3 OK for: @babel/plugin-proposal-optional-catch-binding@7.18.6 want: ^7.8.3
4051 silly placeDep node_modules/@react-native/metro-babel-transformer @react-native/codegen@0.73.3 OK for: @react-native/babel-plugin-codegen@0.73.4 want: 0.73.3
4052 silly placeDep ROOT flow-parser@0.206.0 OK for: @react-native/codegen@0.73.3 want: ^0.206.0
4053 silly placeDep node_modules/@react-native/metro-babel-transformer glob@7.2.3 OK for: @react-native/codegen@0.73.3 want: ^7.1.1
4054 silly placeDep ROOT jscodeshift@0.14.0 OK for: @react-native/codegen@0.73.3 want: ^0.14.0
4055 silly placeDep node_modules/@react-native/metro-babel-transformer mkdirp@0.5.6 OK for: @react-native/codegen@0.73.3 want: ^0.5.1
4056 silly fetch manifest temp@^0.8.4
4057 silly packumentCache full:https://registry.npmjs.org/temp cache-miss
4058 silly fetch manifest recast@^0.21.0
4059 silly packumentCache full:https://registry.npmjs.org/recast cache-miss
4060 silly fetch manifest node-dir@^0.1.17
4061 silly packumentCache full:https://registry.npmjs.org/node-dir cache-miss
4062 silly fetch manifest neo-async@^2.5.0
4063 silly packumentCache full:https://registry.npmjs.org/neo-async cache-miss
4064 silly fetch manifest babel-core@^7.0.0-bridge.0
4065 silly packumentCache full:https://registry.npmjs.org/babel-core cache-miss
4066 silly fetch manifest @babel/register@^7.13.16
4067 silly packumentCache full:https://registry.npmjs.org/@babel%2fregister cache-miss
4068 silly fetch manifest write-file-atomic@^2.3.0
4069 silly packumentCache full:https://registry.npmjs.org/write-file-atomic cache-miss
4070 http fetch GET 200 https://registry.npmjs.org/write-file-atomic 98ms (cache updated)
4071 silly packumentCache full:https://registry.npmjs.org/write-file-atomic set size:undefined disposed:false
4072 silly fetch manifest @babel/preset-flow@^7.13.13
4073 silly packumentCache full:https://registry.npmjs.org/@babel%2fpreset-flow cache-miss
4074 http fetch GET 200 https://registry.npmjs.org/neo-async 118ms (cache updated)
4075 silly packumentCache full:https://registry.npmjs.org/neo-async set size:undefined disposed:false
4076 http fetch GET 200 https://registry.npmjs.org/node-dir 125ms (cache updated)
4077 silly packumentCache full:https://registry.npmjs.org/node-dir set size:undefined disposed:false
4078 http fetch GET 200 https://registry.npmjs.org/temp 129ms (cache updated)
4079 silly packumentCache full:https://registry.npmjs.org/temp set size:undefined disposed:false
4080 http fetch GET 200 https://registry.npmjs.org/babel-core 134ms (cache updated)
4081 silly packumentCache full:https://registry.npmjs.org/babel-core set size:undefined disposed:false
4082 http fetch GET 200 https://registry.npmjs.org/@babel%2fpreset-flow 79ms (cache updated)
4083 silly packumentCache full:https://registry.npmjs.org/@babel%2fpreset-flow set size:undefined disposed:false
4084 http fetch GET 200 https://registry.npmjs.org/recast 242ms (cache updated)
4085 silly packumentCache full:https://registry.npmjs.org/recast set size:undefined disposed:false
4086 http fetch GET 200 https://registry.npmjs.org/@babel%2fregister 1134ms (cache updated)
4087 silly packumentCache full:https://registry.npmjs.org/@babel%2fregister set size:undefined disposed:false
4088 silly fetch manifest @babel/core@^7.13.16
4089 silly packumentCache full:https://registry.npmjs.org/@babel%2fcore cache-hit
4090 silly placeDep ROOT @babel/preset-flow@7.27.1 OK for: jscodeshift@0.14.0 want: ^7.13.13
4091 silly placeDep ROOT @babel/register@7.27.1 OK for: jscodeshift@0.14.0 want: ^7.13.16
4092 silly placeDep ROOT babel-core@7.0.0-bridge.0 OK for: jscodeshift@0.14.0 want: ^7.0.0-bridge.0
4093 silly placeDep ROOT neo-async@2.6.2 OK for: jscodeshift@0.14.0 want: ^2.5.0
4094 silly placeDep ROOT node-dir@0.1.17 OK for: jscodeshift@0.14.0 want: ^0.1.17
4095 silly placeDep ROOT recast@0.21.5 OK for: jscodeshift@0.14.0 want: ^0.21.0
4096 silly placeDep ROOT temp@0.8.4 OK for: jscodeshift@0.14.0 want: ^0.8.4
4097 silly placeDep ROOT write-file-atomic@2.4.3 OK for: jscodeshift@0.14.0 want: ^2.3.0
4098 silly fetch manifest clone-deep@^4.0.1
4099 silly packumentCache full:https://registry.npmjs.org/clone-deep cache-miss
4100 silly fetch manifest find-cache-dir@^2.0.0
4101 silly packumentCache full:https://registry.npmjs.org/find-cache-dir cache-miss
4102 silly fetch manifest make-dir@^2.1.0
4103 silly packumentCache full:https://registry.npmjs.org/make-dir cache-miss
4104 silly fetch manifest minimatch@^3.0.2
4105 silly packumentCache full:https://registry.npmjs.org/minimatch cache-hit
4106 silly fetch manifest tslib@^2.0.1
4107 silly packumentCache full:https://registry.npmjs.org/tslib cache-miss
4108 silly fetch manifest esprima@~4.0.0
4109 silly packumentCache full:https://registry.npmjs.org/esprima cache-miss
4110 silly fetch manifest ast-types@0.15.2
4111 silly packumentCache full:https://registry.npmjs.org/ast-types cache-miss
4112 silly fetch manifest source-map@~0.6.1
4113 silly packumentCache full:https://registry.npmjs.org/source-map cache-hit
4114 silly fetch manifest rimraf@~2.6.2
4115 silly packumentCache full:https://registry.npmjs.org/rimraf cache-miss
4116 http cache https://registry.npmjs.org/esprima 29ms (cache hit)
4117 silly packumentCache full:https://registry.npmjs.org/esprima set size:118410 disposed:false
4118 silly fetch manifest imurmurhash@^0.1.4
4119 silly packumentCache full:https://registry.npmjs.org/imurmurhash cache-miss
4120 http cache https://registry.npmjs.org/rimraf 30ms (cache hit)
4121 silly packumentCache full:https://registry.npmjs.org/rimraf set size:191579 disposed:false
4122 http fetch GET 200 https://registry.npmjs.org/make-dir 78ms (cache updated)
4123 silly packumentCache full:https://registry.npmjs.org/make-dir set size:undefined disposed:false
4124 http fetch GET 200 https://registry.npmjs.org/clone-deep 98ms (cache updated)
4125 silly packumentCache full:https://registry.npmjs.org/clone-deep set size:undefined disposed:false
4126 http fetch GET 200 https://registry.npmjs.org/tslib 97ms (cache updated)
4127 silly packumentCache full:https://registry.npmjs.org/tslib set size:undefined disposed:false
4128 http fetch GET 200 https://registry.npmjs.org/find-cache-dir 105ms (cache updated)
4129 silly packumentCache full:https://registry.npmjs.org/find-cache-dir set size:undefined disposed:false
4130 http fetch GET 200 https://registry.npmjs.org/ast-types 117ms (cache updated)
4131 silly packumentCache full:https://registry.npmjs.org/ast-types set size:undefined disposed:false
4132 http fetch GET 200 https://registry.npmjs.org/imurmurhash 98ms (cache updated)
4133 silly packumentCache full:https://registry.npmjs.org/imurmurhash set size:undefined disposed:false
4134 silly placeDep ROOT clone-deep@4.0.1 OK for: @babel/register@7.27.1 want: ^4.0.1
4135 silly placeDep ROOT find-cache-dir@2.1.0 OK for: @babel/register@7.27.1 want: ^2.0.0
4136 silly placeDep ROOT make-dir@2.1.0 OK for: @babel/register@7.27.1 want: ^2.1.0
4137 silly fetch manifest is-plain-object@^2.0.4
4138 silly packumentCache full:https://registry.npmjs.org/is-plain-object cache-miss
4139 silly fetch manifest kind-of@^6.0.2
4140 silly packumentCache full:https://registry.npmjs.org/kind-of cache-miss
4141 silly fetch manifest shallow-clone@^3.0.0
4142 silly packumentCache full:https://registry.npmjs.org/shallow-clone cache-miss
4143 silly fetch manifest pkg-dir@^3.0.0
4144 silly packumentCache full:https://registry.npmjs.org/pkg-dir cache-miss
4145 silly fetch manifest make-dir@^2.0.0
4146 silly packumentCache full:https://registry.npmjs.org/make-dir cache-miss
4147 silly fetch manifest commondir@^1.0.1
4148 silly packumentCache full:https://registry.npmjs.org/commondir cache-miss
4149 silly fetch manifest pify@^4.0.1
4150 silly packumentCache full:https://registry.npmjs.org/pify cache-miss
4151 http cache https://registry.npmjs.org/make-dir 21ms (cache hit)
4152 silly packumentCache full:https://registry.npmjs.org/make-dir set size:33031 disposed:false
4153 silly fetch manifest semver@^5.6.0
4154 silly packumentCache full:https://registry.npmjs.org/semver cache-hit
4155 http fetch GET 200 https://registry.npmjs.org/kind-of 54ms (cache updated)
4156 silly packumentCache full:https://registry.npmjs.org/kind-of set size:undefined disposed:false
4157 http fetch GET 200 https://registry.npmjs.org/is-plain-object 69ms (cache updated)
4158 silly packumentCache full:https://registry.npmjs.org/is-plain-object set size:undefined disposed:false
4159 http fetch GET 200 https://registry.npmjs.org/shallow-clone 70ms (cache updated)
4160 silly packumentCache full:https://registry.npmjs.org/shallow-clone set size:undefined disposed:false
4161 http fetch GET 200 https://registry.npmjs.org/commondir 70ms (cache updated)
4162 silly packumentCache full:https://registry.npmjs.org/commondir set size:undefined disposed:false
4163 http fetch GET 200 https://registry.npmjs.org/pify 80ms (cache updated)
4164 silly packumentCache full:https://registry.npmjs.org/pify set size:undefined disposed:false
4165 http fetch GET 200 https://registry.npmjs.org/pkg-dir 586ms (cache updated)
4166 silly packumentCache full:https://registry.npmjs.org/pkg-dir set size:undefined disposed:false
4167 silly placeDep ROOT is-plain-object@2.0.4 OK for: clone-deep@4.0.1 want: ^2.0.4
4168 silly placeDep ROOT kind-of@6.0.3 OK for: clone-deep@4.0.1 want: ^6.0.2
4169 silly placeDep ROOT shallow-clone@3.0.1 OK for: clone-deep@4.0.1 want: ^3.0.0
4170 silly fetch manifest isobject@^3.0.1
4171 silly packumentCache full:https://registry.npmjs.org/isobject cache-miss
4172 http fetch GET 200 https://registry.npmjs.org/isobject 214ms (cache updated)
4173 silly packumentCache full:https://registry.npmjs.org/isobject set size:undefined disposed:false
4174 silly placeDep ROOT commondir@1.0.1 OK for: find-cache-dir@2.1.0 want: ^1.0.1
4175 silly placeDep ROOT pkg-dir@3.0.0 OK for: find-cache-dir@2.1.0 want: ^3.0.0
4176 silly fetch manifest find-up@^3.0.0
4177 silly packumentCache full:https://registry.npmjs.org/find-up cache-hit
4178 silly placeDep ROOT isobject@3.0.1 OK for: is-plain-object@2.0.4 want: ^3.0.1
4179 silly placeDep ROOT pify@4.0.1 OK for: make-dir@2.1.0 want: ^4.0.1
4180 silly placeDep node_modules/make-dir semver@5.7.2 OK for: make-dir@2.1.0 want: ^5.6.0
4181 silly placeDep node_modules/node-dir minimatch@3.1.2 OK for: node-dir@0.1.17 want: ^3.0.2
4182 silly placeDep node_modules/pkg-dir find-up@3.0.0 OK for: pkg-dir@3.0.0 want: ^3.0.0
4183 silly fetch manifest locate-path@^3.0.0
4184 silly packumentCache full:https://registry.npmjs.org/locate-path cache-hit
4185 silly placeDep ROOT ast-types@0.15.2 OK for: recast@0.21.5 want: 0.15.2
4186 silly placeDep ROOT esprima@4.0.1 OK for: recast@0.21.5 want: ~4.0.0
4187 silly placeDep node_modules/recast source-map@0.6.1 OK for: recast@0.21.5 want: ~0.6.1
4188 silly placeDep ROOT tslib@2.8.1 OK for: recast@0.21.5 want: ^2.0.1
4189 silly placeDep node_modules/temp rimraf@2.6.3 OK for: temp@0.8.4 want: ~2.6.2
4190 silly placeDep ROOT imurmurhash@0.1.4 OK for: write-file-atomic@2.4.3 want: ^0.1.4
4191 silly placeDep node_modules/write-file-atomic signal-exit@3.0.7 OK for: write-file-atomic@2.4.3 want: ^3.0.2
4192 silly placeDep node_modules/@react-native/metro-babel-transformer minimatch@3.1.2 OK for: glob@7.2.3 want: ^3.1.1
4193 silly placeDep node_modules/@react-native/metro-babel-transformer hermes-estree@0.15.0 OK for: hermes-parser@0.15.0 want: 0.15.0
4194 silly placeDep node_modules/@react-native/metro-babel-transformer brace-expansion@1.1.11 OK for: minimatch@3.1.2 want: ^1.1.7
4195 silly placeDep node_modules/ansi-fragments ansi-regex@4.1.1 OK for: strip-ansi@5.2.0 want: ^4.1.0
4196 silly placeDep ROOT define-lazy-prop@2.0.0 OK for: open@8.4.2 want: ^2.0.0
4197 silly placeDep node_modules/cliui emoji-regex@8.0.0 OK for: string-width@4.2.3 want: ^8.0.0
4198 silly placeDep node_modules/cliui is-fullwidth-code-point@3.0.0 OK for: string-width@4.2.3 want: ^3.0.0
4199 silly placeDep node_modules/compression ms@2.0.0 OK for: debug@2.6.9 want: 2.0.0
4200 silly placeDep node_modules/connect ms@2.0.0 OK for: debug@2.6.9 want: 2.0.0
4201 silly placeDep node_modules/cosmiconfig argparse@1.0.10 OK for: js-yaml@3.14.1 want: ^1.0.7
4202 silly fetch manifest sprintf-js@~1.0.2
4203 silly packumentCache full:https://registry.npmjs.org/sprintf-js cache-miss
4204 http fetch GET 200 https://registry.npmjs.org/sprintf-js 62ms (cache updated)
4205 silly packumentCache full:https://registry.npmjs.org/sprintf-js set size:undefined disposed:false
4206 silly placeDep ROOT sprintf-js@1.0.3 OK for: argparse@1.0.10 want: ~1.0.2
4207 silly placeDep node_modules/finalhandler ms@2.0.0 OK for: debug@2.6.9 want: 2.0.0
4208 silly placeDep node_modules/lighthouse-logger ms@2.0.0 OK for: debug@2.6.9 want: 2.0.0
4209 silly placeDep node_modules/log-symbols ansi-styles@3.2.1 OK for: chalk@2.4.2 want: ^3.2.1
4210 silly placeDep node_modules/log-symbols escape-string-regexp@1.0.5 OK for: chalk@2.4.2 want: ^1.0.5
4211 silly placeDep node_modules/log-symbols supports-color@5.5.0 OK for: chalk@2.4.2 want: ^5.3.0
4212 silly placeDep node_modules/log-symbols color-convert@1.9.3 OK for: ansi-styles@3.2.1 want: ^1.9.0
4213 silly placeDep node_modules/log-symbols color-name@1.1.3 OK for: color-convert@1.9.3 want: 1.1.3
4214 silly placeDep node_modules/log-symbols has-flag@3.0.0 OK for: supports-color@5.5.0 want: ^3.0.0
4215 silly placeDep node_modules/logkitty cliui@6.0.0 OK for: yargs@15.4.1 want: ^6.0.0
4216 silly placeDep ROOT decamelize@1.2.0 OK for: yargs@15.4.1 want: ^1.2.0
4217 silly placeDep node_modules/logkitty find-up@4.1.0 OK for: yargs@15.4.1 want: ^4.1.0
4218 silly placeDep ROOT require-main-filename@2.0.0 OK for: yargs@15.4.1 want: ^2.0.0
4219 silly placeDep ROOT set-blocking@2.0.0 OK for: yargs@15.4.1 want: ^2.0.0
4220 silly placeDep node_modules/logkitty string-width@4.2.3 OK for: yargs@15.4.1 want: ^4.2.0
4221 silly placeDep ROOT which-module@2.0.1 OK for: yargs@15.4.1 want: ^2.0.0
4222 silly placeDep node_modules/logkitty y18n@4.0.3 OK for: yargs@15.4.1 want: ^4.0.0
4223 silly placeDep node_modules/logkitty yargs-parser@18.1.3 OK for: yargs@15.4.1 want: ^18.1.2
4224 silly fetch manifest wrap-ansi@^6.2.0
4225 silly packumentCache full:https://registry.npmjs.org/wrap-ansi cache-hit
4226 silly fetch manifest camelcase@^5.0.0
4227 silly packumentCache full:https://registry.npmjs.org/camelcase cache-miss
4228 http cache https://registry.npmjs.org/camelcase 10ms (cache hit)
4229 silly packumentCache full:https://registry.npmjs.org/camelcase set size:57059 disposed:false
4230 silly placeDep node_modules/logkitty strip-ansi@6.0.1 OK for: cliui@6.0.0 want: ^6.0.0
4231 silly placeDep node_modules/logkitty wrap-ansi@6.2.0 OK for: cliui@6.0.0 want: ^6.2.0
4232 silly placeDep node_modules/logkitty locate-path@5.0.0 OK for: find-up@4.1.0 want: ^5.0.0
4233 silly placeDep node_modules/logkitty p-locate@4.1.0 OK for: locate-path@5.0.0 want: ^4.1.0
4234 silly placeDep node_modules/logkitty p-limit@2.3.0 OK for: p-locate@4.1.0 want: ^2.2.0
4235 silly placeDep node_modules/logkitty emoji-regex@8.0.0 OK for: string-width@4.2.3 want: ^8.0.0
4236 silly placeDep node_modules/logkitty is-fullwidth-code-point@3.0.0 OK for: string-width@4.2.3 want: ^3.0.0
4237 silly placeDep node_modules/logkitty camelcase@5.3.1 OK for: yargs-parser@18.1.3 want: ^5.0.0
4238 silly placeDep node_modules/metro-babel-transformer hermes-estree@0.23.1 OK for: hermes-parser@0.23.1 want: 0.23.1
4239 silly placeDep node_modules/metro-file-map ms@2.0.0 OK for: debug@2.6.9 want: 2.0.0
4240 silly placeDep node_modules/metro ms@2.0.0 OK for: debug@2.6.9 want: 2.0.0
4241 silly placeDep node_modules/metro hermes-estree@0.23.1 OK for: hermes-parser@0.23.1 want: 0.23.1
4242 silly placeDep node_modules/node-dir brace-expansion@1.1.11 OK for: minimatch@3.1.2 want: ^1.1.7
4243 silly placeDep node_modules/ora ansi-styles@3.2.1 OK for: chalk@2.4.2 want: ^3.2.1
4244 silly placeDep node_modules/ora escape-string-regexp@1.0.5 OK for: chalk@2.4.2 want: ^1.0.5
4245 silly placeDep node_modules/ora supports-color@5.5.0 OK for: chalk@2.4.2 want: ^5.3.0
4246 silly placeDep node_modules/ora color-convert@1.9.3 OK for: ansi-styles@3.2.1 want: ^1.9.0
4247 silly placeDep node_modules/ora color-name@1.1.3 OK for: color-convert@1.9.3 want: 1.1.3
4248 silly placeDep node_modules/ora ansi-regex@4.1.1 OK for: strip-ansi@5.2.0 want: ^4.1.0
4249 silly placeDep node_modules/ora has-flag@3.0.0 OK for: supports-color@5.5.0 want: ^3.0.0
4250 silly placeDep node_modules/pkg-dir locate-path@3.0.0 OK for: find-up@3.0.0 want: ^3.0.0
4251 silly fetch manifest p-locate@^3.0.0
4252 silly packumentCache full:https://registry.npmjs.org/p-locate cache-hit
4253 silly fetch manifest path-exists@^3.0.0
4254 silly packumentCache full:https://registry.npmjs.org/path-exists cache-miss
4255 http cache https://registry.npmjs.org/path-exists 5ms (cache hit)
4256 silly packumentCache full:https://registry.npmjs.org/path-exists set size:13704 disposed:false
4257 silly placeDep node_modules/pkg-dir p-locate@3.0.0 OK for: locate-path@3.0.0 want: ^3.0.0
4258 silly placeDep node_modules/pkg-dir path-exists@3.0.0 OK for: locate-path@3.0.0 want: ^3.0.0
4259 silly fetch manifest p-limit@^2.0.0
4260 silly packumentCache full:https://registry.npmjs.org/p-limit cache-hit
4261 silly placeDep node_modules/pkg-dir p-limit@2.3.0 OK for: p-locate@3.0.0 want: ^2.0.0
4262 silly placeDep node_modules/react-native glob@7.2.3 OK for: @react-native/codegen@0.73.3 want: ^7.1.1
4263 silly placeDep node_modules/react-native minimatch@3.1.2 OK for: glob@7.2.3 want: ^3.1.1
4264 silly placeDep node_modules/react-native brace-expansion@1.1.11 OK for: minimatch@3.1.2 want: ^1.1.7
4265 silly placeDep node_modules/react-native @jest/types@26.6.2 OK for: pretty-format@26.6.2 want: ^26.6.2
4266 silly placeDep node_modules/react-native react-is@17.0.2 OK for: pretty-format@26.6.2 want: ^17.0.1
4267 silly placeDep node_modules/react-native @types/yargs@15.0.19 OK for: @jest/types@26.6.2 want: ^15.0.0
4268 silly placeDep node_modules/restore-cursor mimic-fn@1.2.0 OK for: onetime@2.0.1 want: ^1.0.0
4269 silly placeDep node_modules/rimraf minimatch@3.1.2 OK for: glob@7.2.3 want: ^3.1.1
4270 silly placeDep node_modules/rimraf brace-expansion@1.1.11 OK for: minimatch@3.1.2 want: ^1.1.7
4271 silly placeDep node_modules/send/node_modules/debug ms@2.0.0 OK for: debug@2.6.9 want: 2.0.0
4272 silly placeDep node_modules/serve-static debug@2.6.9 OK for: send@0.19.0 want: 2.6.9
4273 silly placeDep node_modules/serve-static/node_modules/send encodeurl@1.0.2 OK for: send@0.19.0 want: ~1.0.2
4274 silly placeDep node_modules/serve-static mime@1.6.0 OK for: send@0.19.0 want: 1.6.0
4275 silly placeDep node_modules/serve-static on-finished@2.4.1 OK for: send@0.19.0 want: 2.4.1
4276 silly placeDep node_modules/serve-static statuses@2.0.1 OK for: send@0.19.0 want: 2.0.1
4277 silly placeDep node_modules/serve-static/node_modules/debug ms@2.0.0 OK for: debug@2.6.9 want: 2.0.0
4278 silly placeDep node_modules/slice-ansi color-convert@1.9.3 OK for: ansi-styles@3.2.1 want: ^1.9.0
4279 silly placeDep node_modules/slice-ansi color-name@1.1.3 OK for: color-convert@1.9.3 want: 1.1.3
4280 silly placeDep node_modules/temp glob@7.2.3 OK for: rimraf@2.6.3 want: ^7.1.3
4281 silly placeDep node_modules/temp minimatch@3.1.2 OK for: glob@7.2.3 want: ^3.1.1
4282 silly placeDep node_modules/temp brace-expansion@1.1.11 OK for: minimatch@3.1.2 want: ^1.1.7
4283 silly placeDep node_modules/wrap-ansi-cjs emoji-regex@8.0.0 OK for: string-width@4.2.3 want: ^8.0.0
4284 silly placeDep node_modules/wrap-ansi-cjs is-fullwidth-code-point@3.0.0 OK for: string-width@4.2.3 want: ^3.0.0
4285 silly placeDep node_modules/wrap-ansi emoji-regex@8.0.0 OK for: string-width@4.2.3 want: ^8.0.0
4286 silly placeDep node_modules/wrap-ansi is-fullwidth-code-point@3.0.0 OK for: string-width@4.2.3 want: ^3.0.0
4287 silly placeDep node_modules/yargs emoji-regex@8.0.0 OK for: string-width@4.2.3 want: ^8.0.0
4288 silly placeDep node_modules/yargs is-fullwidth-code-point@3.0.0 OK for: string-width@4.2.3 want: ^3.0.0
4289 silly placeDep node_modules/yargs strip-ansi@6.0.1 OK for: string-width@4.2.3 want: ^6.0.1
4290 silly placeDep node_modules/@react-native/community-cli-plugin/node_modules/@react-native-community/cli-tools is-wsl@1.1.0 OK for: open@6.4.0 want: ^1.1.0
4291 silly reify moves {}
4292 silly audit bulk request {
4292 silly audit   '@react-native-async-storage/async-storage': [ '1.24.0' ],
4292 silly audit   'react-native': [ '0.73.0' ],
4292 silly audit   react: [ '18.2.0' ],
4292 silly audit   '@react-native-community/datetimepicker': [ '7.0.0' ],
4292 silly audit   '@react-navigation/native': [ '6.1.18' ],
4292 silly audit   '@react-navigation/native-stack': [ '6.11.0' ],
4292 silly audit   'react-native-screens': [ '3.29.0' ],
4292 silly audit   'react-native-safe-area-context': [ '4.10.0' ],
4292 silly audit   expo: [ '53.0.6' ],
4292 silly audit   'expo-font': [ '11.0.1', '13.3.1' ],
4292 silly audit   'react-native-gesture-handler': [ '2.18.1' ],
4292 silly audit   'merge-options': [ '3.0.4' ],
4292 silly audit   invariant: [ '2.2.4' ],
4292 silly audit   '@react-navigation/core': [ '6.4.17' ],
4292 silly audit   'escape-string-regexp': [ '4.0.0', '2.0.0', '1.0.5' ],
4292 silly audit   'fast-deep-equal': [ '3.1.3' ],
4292 silly audit   nanoid: [ '3.3.11' ],
4292 silly audit   '@react-navigation/routers': [ '6.1.9' ],
4292 silly audit   'query-string': [ '7.1.3' ],
4292 silly audit   'react-is': [ '16.13.1', '18.3.1', '17.0.2' ],
4292 silly audit   'use-latest-callback': [ '0.2.3' ],
4292 silly audit   '@react-navigation/elements': [ '1.3.31' ],
4292 silly audit   'warn-once': [ '0.1.1' ],
4292 silly audit   '@babel/runtime': [ '7.27.1' ],
4292 silly audit   '@expo/cli': [ '0.24.10' ],
4292 silly audit   '@expo/config': [ '11.0.7' ],
4292 silly audit   '@expo/config-plugins': [ '10.0.2' ],
4292 silly audit   '@expo/fingerprint': [ '0.12.4' ],
4292 silly audit   '@expo/metro-config': [ '0.20.12' ],
4292 silly audit   '@expo/vector-icons': [ '14.1.0' ],
4292 silly audit   'babel-preset-expo': [ '13.1.11' ],
4292 silly audit   'expo-asset': [ '11.1.4' ],
4292 silly audit   'expo-constants': [ '17.1.5' ],
4292 silly audit   'expo-file-system': [ '18.1.8' ],
4292 silly audit   'expo-keep-awake': [ '14.1.4' ],
4292 silly audit   'expo-modules-autolinking': [ '2.1.9' ],
4292 silly audit   'expo-modules-core': [ '2.3.12' ],
4292 silly audit   'react-native-edge-to-edge': [ '1.6.0' ],
4292 silly audit   'whatwg-url-without-unicode': [ '8.0.0-3' ],
4292 silly audit   '@0no-co/graphql.web': [ '1.1.2' ],
4292 silly audit   '@expo/code-signing-certificates': [ '0.0.5' ],
4292 silly audit   '@expo/devcert': [ '1.2.0' ],
4292 silly audit   '@expo/env': [ '1.0.5' ],
4292 silly audit   '@expo/image-utils': [ '0.7.4' ],
4292 silly audit   '@expo/json-file': [ '9.1.4' ],
4292 silly audit   '@expo/osascript': [ '2.2.4' ],
4292 silly audit   '@expo/package-manager': [ '1.8.4' ],
4292 silly audit   '@expo/plist': [ '0.3.4' ],
4292 silly audit   '@expo/prebuild-config': [ '9.0.5' ],
4292 silly audit   '@expo/spawn-async': [ '1.7.2' ],
4292 silly audit   '@expo/ws-tunnel': [ '1.0.6' ],
4292 silly audit   '@expo/xcpretty': [ '4.3.2' ],
4292 silly audit   '@react-native/dev-middleware': [ '0.79.2', '0.73.8' ],
4292 silly audit   '@urql/core': [ '5.1.1' ],
4292 silly audit   '@urql/exchange-retry': [ '1.3.1' ],
4292 silly audit   accepts: [ '1.3.8' ],
4292 silly audit   arg: [ '5.0.2' ],
4292 silly audit   'better-opn': [ '3.0.2' ],
4292 silly audit   'bplist-creator': [ '0.1.0' ],
4292 silly audit   'bplist-parser': [ '0.3.2', '0.3.1' ],
4292 silly audit   chalk: [ '4.1.2', '2.4.2' ],
4292 silly audit   'ci-info': [ '3.9.0', '2.0.0' ],
4292 silly audit   compression: [ '1.8.0' ],
4292 silly audit   connect: [ '3.7.0' ],
4292 silly audit   debug: [ '4.4.0', '3.2.7', '2.6.9' ],
4292 silly audit   'env-editor': [ '0.4.2' ],
4292 silly audit   'freeport-async': [ '2.0.0' ],
4292 silly audit   getenv: [ '1.0.0' ],
4292 silly audit   glob: [ '10.4.5', '7.2.3' ],
4292 silly audit   'lan-network': [ '0.1.5' ],
4292 silly audit   minimatch: [ '9.0.5', '3.1.2' ],
4292 silly audit   'node-forge': [ '1.3.1' ],
4292 silly audit   'npm-package-arg': [ '11.0.3' ],
4292 silly audit   ora: [ '3.4.0', '5.4.1' ],
4292 silly audit   picomatch: [ '3.0.1', '2.3.1' ],
4292 silly audit   'pretty-bytes': [ '5.6.0' ],
4292 silly audit   'pretty-format': [ '29.7.0', '26.6.2' ],
4292 silly audit   progress: [ '2.0.3' ],
4292 silly audit   prompts: [ '2.4.2' ],
4292 silly audit   'qrcode-terminal': [ '0.11.0' ],
4292 silly audit   'require-from-string': [ '2.0.2' ],
4292 silly audit   requireg: [ '0.2.2' ],
4292 silly audit   resolve: [ '1.22.10', '1.7.1' ],
4292 silly audit   'resolve-from': [ '5.0.0', '3.0.0' ],
4292 silly audit   'resolve.exports': [ '2.0.3' ],
4292 silly audit   semver: [ '7.7.1', '6.3.1', '5.7.2' ],
4292 silly audit   send: [ '0.19.1', '0.19.0' ],
4292 silly audit   slugify: [ '1.6.6' ],
4292 silly audit   'source-map-support': [ '0.5.21' ],
4292 silly audit   'stacktrace-parser': [ '0.1.11' ],
4292 silly audit   'structured-headers': [ '0.4.1' ],
4292 silly audit   tar: [ '7.4.3' ],
4292 silly audit   'terminal-link': [ '2.1.1' ],
4292 silly audit   undici: [ '6.21.2' ],
4292 silly audit   'wrap-ansi': [ '7.0.0', '8.1.0', '6.2.0' ],
4292 silly audit   ws: [ '8.18.2', '6.2.3', '7.5.10' ],
4292 silly audit   nullthrows: [ '1.1.1' ],
4292 silly audit   '@babel/code-frame': [ '7.10.4', '7.27.1' ],
4292 silly audit   '@expo/config-types': [ '53.0.3' ],
4292 silly audit   deepmerge: [ '4.3.1' ],
4292 silly audit   'resolve-workspace-root': [ '2.0.0' ],
4292 silly audit   sucrase: [ '3.35.0' ],
4292 silly audit   '@babel/highlight': [ '7.25.9' ],
4292 silly audit   '@babel/helper-validator-identifier': [ '7.27.1' ],
4292 silly audit   'js-tokens': [ '4.0.0' ],
4292 silly audit   picocolors: [ '1.1.1' ],
4292 silly audit   '@expo/sdk-runtime-versions': [ '1.0.0' ],
4292 silly audit   slash: [ '3.0.0' ],
4292 silly audit   xcode: [ '3.0.1' ],
4292 silly audit   xml2js: [ '0.6.0' ],
4292 silly audit   '@expo/sudo-prompt': [ '9.3.2' ],
4292 silly audit   dotenv: [ '16.4.7' ],
4292 silly audit   'dotenv-expand': [ '11.0.7' ],
4292 silly audit   'find-up': [ '5.0.0', '4.1.0', '3.0.0' ],
4292 silly audit   'p-limit': [ '3.1.0', '2.3.0' ],
4292 silly audit   'jimp-compact': [ '0.16.1' ],
4292 silly audit   'parse-png': [ '2.1.0' ],
4292 silly audit   'temp-dir': [ '2.0.0' ],
4292 silly audit   'unique-string': [ '2.0.0' ],
4292 silly audit   json5: [ '2.2.3' ],
4292 silly audit   '@babel/core': [ '7.27.1' ],
4292 silly audit   '@babel/generator': [ '7.27.1' ],
4292 silly audit   '@babel/parser': [ '7.27.1' ],
4292 silly audit   '@babel/types': [ '7.27.1' ],
4292 silly audit   'jsc-safe-url': [ '0.2.4' ],
4292 silly audit   lightningcss: [ '1.27.0' ],
4292 silly audit   postcss: [ '8.4.49' ],
4292 silly audit   '@ampproject/remapping': [ '2.3.0' ],
4292 silly audit   '@babel/helper-compilation-targets': [ '7.27.1' ],
4292 silly audit   '@babel/helper-module-transforms': [ '7.27.1' ],
4292 silly audit   '@babel/helpers': [ '7.27.1' ],
4292 silly audit   '@babel/template': [ '7.27.1' ],
4292 silly audit   '@babel/traverse': [ '7.27.1' ],
4292 silly audit   'convert-source-map': [ '2.0.0' ],
4292 silly audit   gensync: [ '1.0.0-beta.2' ],
4292 silly audit   '@jridgewell/gen-mapping': [ '0.3.8' ],
4292 silly audit   '@jridgewell/trace-mapping': [ '0.3.25' ],
4292 silly audit   jsesc: [ '3.1.0', '3.0.2' ],
4292 silly audit   '@babel/compat-data': [ '7.27.1' ],
4292 silly audit   '@babel/helper-validator-option': [ '7.27.1' ],
4292 silly audit   browserslist: [ '4.24.5' ],
4292 silly audit   'lru-cache': [ '5.1.1', '10.4.3' ],
4292 silly audit   '@babel/helper-module-imports': [ '7.27.1' ],
4292 silly audit   globals: [ '11.12.0' ],
4292 silly audit   '@babel/helper-string-parser': [ '7.27.1' ],
4292 silly audit   'exec-async': [ '2.2.0' ],
4292 silly audit   '@xmldom/xmldom': [ '0.8.10' ],
4292 silly audit   'base64-js': [ '1.5.1' ],
4292 silly audit   xmlbuilder: [ '15.1.1', '11.0.1' ],
4292 silly audit   '@react-native/normalize-colors': [ '0.79.2', '0.73.2' ],
4292 silly audit   'cross-spawn': [ '7.0.6' ],
4292 silly audit   'js-yaml': [ '4.1.0', '3.14.1' ],
4292 silly audit   '@jridgewell/set-array': [ '1.2.1' ],
4292 silly audit   '@jridgewell/sourcemap-codec': [ '1.5.0' ],
4292 silly audit   '@jridgewell/resolve-uri': [ '3.1.2' ],
4292 silly audit   '@isaacs/ttlcache': [ '1.4.1' ],
4292 silly audit   '@react-native/debugger-frontend': [ '0.79.2', '0.73.3' ],
4292 silly audit   'chrome-launcher': [ '0.15.2' ],
4292 silly audit   'chromium-edge-launcher': [ '0.2.0', '1.0.0' ],
4292 silly audit   open: [ '7.4.2', '8.4.2', '6.4.0' ],
4292 silly audit   'serve-static': [ '1.16.2' ],
4292 silly audit   wonka: [ '6.3.5' ],
4292 silly audit   'mime-types': [ '2.1.35' ],
4292 silly audit   negotiator: [ '0.6.3', '0.6.4' ],
4292 silly audit   '@babel/plugin-proposal-decorators': [ '7.27.1' ],
4292 silly audit   '@babel/plugin-proposal-export-default-from': [ '7.27.1' ],
4292 silly audit   '@babel/plugin-syntax-export-default-from': [ '7.27.1' ],
4292 silly audit   '@babel/plugin-transform-export-namespace-from': [ '7.27.1' ],
4292 silly audit   '@babel/plugin-transform-flow-strip-types': [ '7.27.1' ],
4292 silly audit   '@babel/plugin-transform-modules-commonjs': [ '7.27.1' ],
4292 silly audit   '@babel/plugin-transform-object-rest-spread': [ '7.27.1' ],
4292 silly audit   '@babel/plugin-transform-parameters': [ '7.27.1' ],
4292 silly audit   '@babel/plugin-transform-private-methods': [ '7.27.1' ],
4292 silly audit   '@babel/plugin-transform-private-property-in-object': [ '7.27.1' ],
4292 silly audit   '@babel/plugin-transform-runtime': [ '7.27.1' ],
4292 silly audit   '@babel/preset-react': [ '7.27.1' ],
4292 silly audit   '@babel/preset-typescript': [ '7.27.1' ],
4292 silly audit   '@react-native/babel-preset': [ '0.79.2', '0.73.21' ],
4292 silly audit   'babel-plugin-react-native-web': [ '0.19.13' ],
4292 silly audit   'babel-plugin-syntax-hermes-parser': [ '0.25.1' ],
4292 silly audit   'babel-plugin-transform-flow-enums': [ '0.0.2' ],
4292 silly audit   'react-refresh': [ '0.14.2' ],
4292 silly audit   '@babel/helper-create-class-features-plugin': [ '7.27.1' ],
4292 silly audit   '@babel/helper-plugin-utils': [ '7.27.1' ],
4292 silly audit   '@babel/plugin-syntax-decorators': [ '7.27.1' ],
4292 silly audit   '@babel/helper-annotate-as-pure': [ '7.27.1' ],
4292 silly audit   '@babel/helper-member-expression-to-functions': [ '7.27.1' ],
4292 silly audit   '@babel/helper-optimise-call-expression': [ '7.27.1' ],
4292 silly audit   '@babel/helper-replace-supers': [ '7.27.1' ],
4292 silly audit   '@babel/helper-skip-transparent-expression-wrappers': [ '7.27.1' ],
4292 silly audit   '@babel/plugin-syntax-flow': [ '7.27.1' ],
4292 silly audit   'babel-plugin-polyfill-corejs2': [ '0.4.13' ],
4292 silly audit   'babel-plugin-polyfill-corejs3': [ '0.11.1' ],
4292 silly audit   'babel-plugin-polyfill-regenerator': [ '0.6.4' ],
4292 silly audit   '@babel/plugin-transform-react-display-name': [ '7.27.1' ],
4292 silly audit   '@babel/plugin-transform-react-jsx': [ '7.27.1' ],
4292 silly audit   '@babel/plugin-transform-react-jsx-development': [ '7.27.1' ],
4292 silly audit   '@babel/plugin-transform-react-pure-annotations': [ '7.27.1' ],
4292 silly audit   '@babel/plugin-syntax-jsx': [ '7.27.1' ],
4292 silly audit   '@babel/plugin-transform-typescript': [ '7.27.1' ],
4292 silly audit   '@babel/plugin-syntax-typescript': [ '7.27.1' ],
4292 silly audit   '@babel/plugin-syntax-dynamic-import': [ '7.8.3' ],
4292 silly audit   '@babel/plugin-syntax-nullish-coalescing-operator': [ '7.8.3' ],
4292 silly audit   '@babel/plugin-syntax-optional-chaining': [ '7.8.3' ],
4292 silly audit   '@babel/plugin-transform-arrow-functions': [ '7.27.1' ],
4292 silly audit   '@babel/plugin-transform-async-generator-functions': [ '7.27.1' ],
4292 silly audit   '@babel/plugin-transform-async-to-generator': [ '7.27.1' ],
4292 silly audit   '@babel/plugin-transform-block-scoping': [ '7.27.1' ],
4292 silly audit   '@babel/plugin-transform-class-properties': [ '7.27.1' ],
4292 silly audit   '@babel/plugin-transform-classes': [ '7.27.1' ],
4292 silly audit   '@babel/plugin-transform-computed-properties': [ '7.27.1' ],
4292 silly audit   '@babel/plugin-transform-destructuring': [ '7.27.1' ],
4292 silly audit   '@babel/plugin-transform-for-of': [ '7.27.1' ],
4292 silly audit   '@babel/plugin-transform-function-name': [ '7.27.1' ],
4292 silly audit   '@babel/plugin-transform-literals': [ '7.27.1' ],
4292 silly audit   '@babel/plugin-transform-logical-assignment-operators': [ '7.27.1' ],
4292 silly audit   '@babel/plugin-transform-named-capturing-groups-regex': [ '7.27.1' ],
4292 silly audit   '@babel/plugin-transform-nullish-coalescing-operator': [ '7.27.1' ],
4292 silly audit   '@babel/plugin-transform-numeric-separator': [ '7.27.1' ],
4292 silly audit   '@babel/plugin-transform-optional-catch-binding': [ '7.27.1' ],
4292 silly audit   '@babel/plugin-transform-optional-chaining': [ '7.27.1' ],
4292 silly audit   '@babel/plugin-transform-react-jsx-self': [ '7.27.1' ],
4292 silly audit   '@babel/plugin-transform-react-jsx-source': [ '7.27.1' ],
4292 silly audit   '@babel/plugin-transform-regenerator': [ '7.27.1' ],
4292 silly audit   '@babel/plugin-transform-shorthand-properties': [ '7.27.1' ],
4292 silly audit   '@babel/plugin-transform-spread': [ '7.27.1' ],
4292 silly audit   '@babel/plugin-transform-sticky-regex': [ '7.27.1' ],
4292 silly audit   '@babel/plugin-transform-unicode-regex': [ '7.27.1' ],
4292 silly audit   '@react-native/babel-plugin-codegen': [ '0.79.2', '0.73.4' ],
4292 silly audit   '@babel/helper-remap-async-to-generator': [ '7.27.1' ],
4292 silly audit   '@babel/helper-wrap-function': [ '7.27.1' ],
4292 silly audit   '@babel/helper-create-regexp-features-plugin': [ '7.27.1' ],
4292 silly audit   'regexpu-core': [ '6.2.0' ],
4292 silly audit   '@react-native/codegen': [ '0.79.2', '0.73.3' ],
4292 silly audit   'hermes-parser': [ '0.25.1', '0.15.0', '0.23.1' ],
4292 silly audit   yargs: [ '17.7.2', '15.4.1' ],
4292 silly audit   '@babel/helper-define-polyfill-provider': [ '0.6.4' ],
4292 silly audit   'lodash.debounce': [ '4.0.8' ],
4292 silly audit   'core-js-compat': [ '3.42.0' ],
4292 silly audit   'stream-buffers': [ '2.2.0' ],
4292 silly audit   'big-integer': [ '1.6.52' ],
4292 silly audit   'caniuse-lite': [ '1.0.30001716' ],
4292 silly audit   'electron-to-chromium': [ '1.5.149' ],
4292 silly audit   'node-releases': [ '2.0.19' ],
4292 silly audit   'update-browserslist-db': [ '1.1.3' ],
4292 silly audit   'ansi-styles': [ '4.3.0', '5.2.0', '3.2.1', '6.2.1' ],
4292 silly audit   'supports-color': [ '7.2.0', '8.1.1', '5.5.0' ],
4292 silly audit   'color-convert': [ '2.0.1', '1.9.3' ],
4292 silly audit   '@types/node': [ '22.15.3' ],
4292 silly audit   'is-wsl': [ '2.2.0', '1.1.0' ],
4292 silly audit   'lighthouse-logger': [ '1.4.2' ],
4292 silly audit   'undici-types': [ '6.21.0' ],
4292 silly audit   mkdirp: [ '1.0.4', '0.5.6', '3.0.1' ],
4292 silly audit   rimraf: [ '3.0.2', '2.6.3' ],
4292 silly audit   'color-name': [ '1.1.4', '1.1.3' ],
4292 silly audit   bytes: [ '3.1.2' ],
4292 silly audit   compressible: [ '2.0.18' ],
4292 silly audit   'on-headers': [ '1.0.2' ],
4292 silly audit   'safe-buffer': [ '5.2.1', '5.1.2' ],
4292 silly audit   vary: [ '1.1.2' ],
4292 silly audit   'mime-db': [ '1.54.0', '1.52.0' ],
4292 silly audit   finalhandler: [ '1.1.2' ],
4292 silly audit   parseurl: [ '1.3.3' ],
4292 silly audit   'utils-merge': [ '1.0.1' ],
4292 silly audit   'path-key': [ '3.1.1' ],
4292 silly audit   'shebang-command': [ '2.0.0' ],
4292 silly audit   which: [ '2.0.2' ],
4292 silly audit   ms: [ '2.1.3', '2.0.0' ],
4292 silly audit   fontfaceobserver: [ '2.3.0' ],
4292 silly audit   commander: [ '7.2.0', '9.5.0', '4.1.1', '2.20.3' ],
4292 silly audit   encodeurl: [ '1.0.2', '2.0.0' ],
4292 silly audit   'escape-html': [ '1.0.3' ],
4292 silly audit   'on-finished': [ '2.3.0', '2.4.1' ],
4292 silly audit   statuses: [ '1.5.0', '2.0.1' ],
4292 silly audit   unpipe: [ '1.0.0' ],
4292 silly audit   'locate-path': [ '6.0.0', '5.0.0', '3.0.0' ],
4292 silly audit   'path-exists': [ '4.0.0', '3.0.0' ],
4292 silly audit   'foreground-child': [ '3.3.1' ],
4292 silly audit   jackspeak: [ '3.4.3' ],
4292 silly audit   minipass: [ '7.1.2' ],
4292 silly audit   'package-json-from-dist': [ '1.0.1' ],
4292 silly audit   'path-scurry': [ '1.11.1' ],
4292 silly audit   'signal-exit': [ '4.1.0', '3.0.7' ],
4292 silly audit   'hermes-estree': [ '0.25.1', '0.15.0', '0.23.1' ],
4292 silly audit   'loose-envify': [ '1.4.0' ],
4292 silly audit   'is-docker': [ '2.2.1' ],
4292 silly audit   '@isaacs/cliui': [ '8.0.2' ],
4292 silly audit   '@pkgjs/parseargs': [ '0.11.0' ],
4292 silly audit   'string-width': [ '5.1.2', '4.2.3' ],
4292 silly audit   'strip-ansi': [ '7.1.0', '6.0.1', '5.2.0' ],
4292 silly audit   argparse: [ '2.0.1', '1.0.10' ],
4292 silly audit   marky: [ '1.3.0' ],
4292 silly audit   'detect-libc': [ '1.0.3' ],
4292 silly audit   'lightningcss-darwin-arm64': [ '1.27.0' ],
4292 silly audit   'lightningcss-darwin-x64': [ '1.27.0' ],
4292 silly audit   'lightningcss-freebsd-x64': [ '1.27.0' ],
4292 silly audit   'lightningcss-linux-arm-gnueabihf': [ '1.27.0' ],
4292 silly audit   'lightningcss-linux-arm64-gnu': [ '1.27.0' ],
4292 silly audit   'lightningcss-linux-arm64-musl': [ '1.27.0' ],
4292 silly audit   'lightningcss-linux-x64-gnu': [ '1.27.0' ],
4292 silly audit   'lightningcss-linux-x64-musl': [ '1.27.0' ],
4292 silly audit   'lightningcss-win32-arm64-msvc': [ '1.27.0' ],
4292 silly audit   'lightningcss-win32-x64-msvc': [ '1.27.0' ],
4292 silly audit   'p-locate': [ '5.0.0', '4.1.0', '3.0.0' ],
4292 silly audit   yallist: [ '3.1.1', '5.0.0' ],
4292 silly audit   'is-plain-obj': [ '2.1.0' ],
4292 silly audit   'brace-expansion': [ '2.0.1', '1.1.11' ],
4292 silly audit   'balanced-match': [ '1.0.2' ],
4292 silly audit   'hosted-git-info': [ '7.0.2' ],
4292 silly audit   'proc-log': [ '4.2.0' ],
4292 silly audit   'validate-npm-package-name': [ '5.0.1' ],
4292 silly audit   'ee-first': [ '1.1.1' ],
4292 silly audit   'cli-cursor': [ '2.1.0', '3.1.0' ],
4292 silly audit   'cli-spinners': [ '2.9.2' ],
4292 silly audit   'log-symbols': [ '2.2.0', '4.1.0' ],
4292 silly audit   wcwidth: [ '1.0.1' ],
4292 silly audit   'restore-cursor': [ '2.0.0', '3.1.0' ],
4292 silly audit   'yocto-queue': [ '0.1.0' ],
4292 silly audit   pngjs: [ '3.4.0' ],
4292 silly audit   'source-map-js': [ '1.2.1' ],
4292 silly audit   '@jest/schemas': [ '29.6.3' ],
4292 silly audit   '@sinclair/typebox': [ '0.27.8' ],
4292 silly audit   kleur: [ '3.0.3' ],
4292 silly audit   sisteransi: [ '1.0.5' ],
4292 silly audit   'decode-uri-component': [ '0.2.2' ],
4292 silly audit   'filter-obj': [ '1.1.0' ],
4292 silly audit   'split-on-first': [ '1.1.0' ],
4292 silly audit   'strict-uri-encode': [ '2.0.0' ],
4292 silly audit   '@jest/create-cache-key-function': [ '29.7.0' ],
4292 silly audit   '@react-native-community/cli': [ '12.1.1' ],
4292 silly audit   '@react-native-community/cli-platform-android': [ '12.1.1' ],
4292 silly audit   '@react-native-community/cli-platform-ios': [ '12.1.1' ],
4292 silly audit   '@react-native/assets-registry': [ '0.73.1' ],
4292 silly audit   '@babel/preset-env': [ '7.27.1' ],
4292 silly audit   '@react-native/community-cli-plugin': [ '0.73.18' ],
4292 silly audit   '@react-native/gradle-plugin': [ '0.73.5' ],
4292 silly audit   '@react-native/js-polyfills': [ '0.73.1' ],
4292 silly audit   '@react-native/virtualized-lists': [ '0.73.4' ],
4292 silly audit   'abort-controller': [ '3.0.0' ],
4292 silly audit   anser: [ '1.4.10' ],
4292 silly audit   'ansi-regex': [ '5.0.1', '6.1.0', '4.1.1' ],
4292 silly audit   'deprecated-react-native-prop-types': [ '5.0.0' ],
4292 silly audit   'event-target-shim': [ '5.0.1' ],
4292 silly audit   'flow-enums-runtime': [ '0.0.6' ],
4292 silly audit   'jest-environment-node': [ '29.7.0' ],
4292 silly audit   'jsc-android': [ '250231.0.0' ],
4292 silly audit   'memoize-one': [ '5.2.1' ],
4292 silly audit   'metro-runtime': [ '0.80.12' ],
4292 silly audit   'metro-source-map': [ '0.80.12' ],
4292 silly audit   promise: [ '8.3.0' ],
4292 silly audit   'react-devtools-core': [ '4.28.5' ],
4292 silly audit   'react-shallow-renderer': [ '16.15.0' ],
4292 silly audit   'regenerator-runtime': [ '0.13.11' ],
4292 silly audit   scheduler: [ '0.24.0-canary-efb381bbf-20230505' ],
4292 silly audit   'whatwg-fetch': [ '3.6.20' ],
4292 silly audit   '@babel/plugin-bugfix-firefox-class-in-computed-class-key': [ '7.27.1' ],
4292 silly audit   '@babel/plugin-bugfix-safari-class-field-initializer-scope': [ '7.27.1' ],
4292 silly audit   '@babel/plugin-bugfix-safari-id-destructuring-collision-in-function-expression': [ '7.27.1' ],
4292 silly audit   '@babel/plugin-bugfix-v8-spread-parameters-in-optional-chaining': [ '7.27.1' ],
4292 silly audit   '@babel/plugin-bugfix-v8-static-class-fields-redefine-readonly': [ '7.27.1' ],
4292 silly audit   '@babel/plugin-proposal-private-property-in-object': [ '7.21.0-placeholder-for-preset-env.2' ],
4292 silly audit   '@babel/plugin-syntax-import-assertions': [ '7.27.1' ],
4292 silly audit   '@babel/plugin-syntax-import-attributes': [ '7.27.1' ],
4292 silly audit   '@babel/plugin-syntax-unicode-sets-regex': [ '7.18.6' ],
4292 silly audit   '@babel/plugin-transform-block-scoped-functions': [ '7.27.1' ],
4292 silly audit   '@babel/plugin-transform-class-static-block': [ '7.27.1' ],
4292 silly audit   '@babel/plugin-transform-dotall-regex': [ '7.27.1' ],
4292 silly audit   '@babel/plugin-transform-duplicate-keys': [ '7.27.1' ],
4292 silly audit   '@babel/plugin-transform-duplicate-named-capturing-groups-regex': [ '7.27.1' ],
4292 silly audit   '@babel/plugin-transform-dynamic-import': [ '7.27.1' ],
4292 silly audit   '@babel/plugin-transform-exponentiation-operator': [ '7.27.1' ],
4292 silly audit   '@babel/plugin-transform-json-strings': [ '7.27.1' ],
4292 silly audit   '@babel/plugin-transform-member-expression-literals': [ '7.27.1' ],
4292 silly audit   '@babel/plugin-transform-modules-amd': [ '7.27.1' ],
4292 silly audit   '@babel/plugin-transform-modules-systemjs': [ '7.27.1' ],
4292 silly audit   '@babel/plugin-transform-modules-umd': [ '7.27.1' ],
4292 silly audit   '@babel/plugin-transform-new-target': [ '7.27.1' ],
4292 silly audit   '@babel/plugin-transform-object-super': [ '7.27.1' ],
4292 silly audit   '@babel/plugin-transform-property-literals': [ '7.27.1' ],
4292 silly audit   '@babel/plugin-transform-regexp-modifiers': [ '7.27.1' ],
4292 silly audit   '@babel/plugin-transform-reserved-words': [ '7.27.1' ],
4292 silly audit   '@babel/plugin-transform-template-literals': [ '7.27.1' ],
4292 silly audit   '@babel/plugin-transform-typeof-symbol': [ '7.27.1' ],
4292 silly audit   '@babel/plugin-transform-unicode-escapes': [ '7.27.1' ],
4292 silly audit   '@babel/plugin-transform-unicode-property-regex': [ '7.27.1' ],
4292 silly audit   '@babel/plugin-transform-unicode-sets-regex': [ '7.27.1' ],
4292 silly audit   '@babel/preset-modules': [ '0.1.6-no-external-plugins' ],
4292 silly audit   esutils: [ '2.0.3' ],
4292 silly audit   '@jest/types': [ '29.6.3', '26.6.2' ],
4292 silly audit   '@types/istanbul-lib-coverage': [ '2.0.6' ],
4292 silly audit   '@types/istanbul-reports': [ '3.0.4' ],
4292 silly audit   '@types/yargs': [ '17.0.33', '15.0.19' ],
4292 silly audit   '@react-native-community/cli-clean': [ '12.1.1' ],
4292 silly audit   '@react-native-community/cli-config': [ '12.1.1' ],
4292 silly audit   '@react-native-community/cli-debugger-ui': [ '12.1.1', '12.3.7' ],
4292 silly audit   '@react-native-community/cli-doctor': [ '12.1.1' ],
4292 silly audit   '@react-native-community/cli-hermes': [ '12.1.1' ],
4292 silly audit   '@react-native-community/cli-plugin-metro': [ '12.1.1' ],
4292 silly audit   '@react-native-community/cli-server-api': [ '12.1.1', '12.3.7' ],
4292 silly audit   '@react-native-community/cli-tools': [ '12.1.1', '12.3.7' ],
4292 silly audit   '@react-native-community/cli-types': [ '12.1.1' ],
4292 silly audit   execa: [ '5.1.1' ],
4292 silly audit   'fs-extra': [ '8.1.0' ],
4292 silly audit   'graceful-fs': [ '4.2.11' ],
4292 silly audit   cosmiconfig: [ '5.2.1' ],
4292 silly audit   joi: [ '17.13.3' ],
4292 silly audit   'command-exists': [ '1.2.9' ],
4292 silly audit   envinfo: [ '7.14.0' ],
4292 silly audit   'hermes-profile-transformer': [ '0.0.6' ],
4292 silly audit   ip: [ '1.1.9' ],
4292 silly audit   'node-stream-zip': [ '1.15.0' ],
4292 silly audit   yaml: [ '2.7.1' ],
4292 silly audit   'fast-xml-parser': [ '4.5.3' ],
4292 silly audit   logkitty: [ '0.7.1' ],
4292 silly audit   errorhandler: [ '1.5.1' ],
4292 silly audit   nocache: [ '3.0.4' ],
4292 silly audit   appdirsjs: [ '1.2.7' ],
4292 silly audit   mime: [ '2.6.0', '1.6.0' ],
4292 silly audit   'node-fetch': [ '2.7.0' ],
4292 silly audit   'shell-quote': [ '1.8.2' ],
4292 silly audit   'sudo-prompt': [ '9.2.1' ],
4292 silly audit   '@react-native/metro-babel-transformer': [ '0.73.15' ],
4292 silly audit   metro: [ '0.80.12' ],
4292 silly audit   'metro-config': [ '0.80.12' ],
4292 silly audit   'metro-core': [ '0.80.12' ],
4292 silly audit   readline: [ '1.3.0' ],
4292 silly audit   '@types/istanbul-lib-report': [ '3.0.3' ],
4292 silly audit   '@types/yargs-parser': [ '21.0.3' ],
4292 silly audit   'import-fresh': [ '2.0.0' ],
4292 silly audit   'is-directory': [ '0.3.1' ],
4292 silly audit   'parse-json': [ '4.0.0' ],
4292 silly audit   'prop-types': [ '15.8.1' ],
4292 silly audit   'get-stream': [ '6.0.1' ],
4292 silly audit   'human-signals': [ '2.1.0' ],
4292 silly audit   'is-stream': [ '2.0.1' ],
4292 silly audit   'merge-stream': [ '2.0.0' ],
4292 silly audit   'npm-run-path': [ '4.0.1' ],
4292 silly audit   onetime: [ '5.1.2', '2.0.1' ],
4292 silly audit   'strip-final-newline': [ '2.0.0' ],
4292 silly audit   strnum: [ '1.1.2' ],
4292 silly audit   jsonfile: [ '4.0.0' ],
4292 silly audit   universalify: [ '0.1.2' ],
4292 silly audit   'source-map': [ '0.7.4', '0.5.7', '0.6.1' ],
4292 silly audit   'caller-path': [ '2.0.0' ],
4292 silly audit   'caller-callsite': [ '2.0.0' ],
4292 silly audit   callsites: [ '2.0.0' ],
4292 silly audit   '@jest/environment': [ '29.7.0' ],
4292 silly audit   '@jest/fake-timers': [ '29.7.0' ],
4292 silly audit   'jest-mock': [ '29.7.0' ],
4292 silly audit   'jest-util': [ '29.7.0' ],
4292 silly audit   '@sinonjs/fake-timers': [ '10.3.0' ],
4292 silly audit   'jest-message-util': [ '29.7.0' ],
4292 silly audit   '@sinonjs/commons': [ '3.0.1' ],
4292 silly audit   'type-detect': [ '4.0.8' ],
4292 silly audit   '@types/stack-utils': [ '2.0.3' ],
4292 silly audit   micromatch: [ '4.0.8' ],
4292 silly audit   'stack-utils': [ '2.0.6' ],
4292 silly audit   '@hapi/hoek': [ '9.3.0' ],
4292 silly audit   '@hapi/topo': [ '5.1.0' ],
4292 silly audit   '@sideway/address': [ '4.1.5' ],
4292 silly audit   '@sideway/formula': [ '3.0.1' ],
4292 silly audit   '@sideway/pinpoint': [ '2.0.0' ],
4292 silly audit   'ansi-fragments': [ '0.2.1' ],
4292 silly audit   dayjs: [ '1.11.13' ],
4292 silly audit   colorette: [ '1.4.0' ],
4292 silly audit   'slice-ansi': [ '2.1.0' ],
4292 silly audit   denodeify: [ '1.2.1' ],
4292 silly audit   'error-stack-parser': [ '2.1.4' ],
4292 silly audit   'image-size': [ '1.2.1' ],
4292 silly audit   'jest-worker': [ '29.7.0' ],
4292 silly audit   'lodash.throttle': [ '4.1.1' ],
4292 silly audit   'metro-babel-transformer': [ '0.80.12' ],
4292 silly audit   'metro-cache': [ '0.80.12' ],
4292 silly audit   'metro-cache-key': [ '0.80.12' ],
4292 silly audit   'metro-file-map': [ '0.80.12' ],
4292 silly audit   'metro-resolver': [ '0.80.12' ],
4292 silly audit   'metro-symbolicate': [ '0.80.12' ],
4292 silly audit   'metro-transform-plugins': [ '0.80.12' ],
4292 silly audit   'metro-transform-worker': [ '0.80.12' ],
4292 silly audit   'serialize-error': [ '2.1.0' ],
4292 silly audit   throat: [ '5.0.0' ],
4292 silly audit   stackframe: [ '1.3.4' ],
4292 silly audit   queue: [ '6.0.2' ],
4292 silly audit   'exponential-backoff': [ '3.1.2' ],
4292 silly audit   'jest-validate': [ '29.7.0' ],
4292 silly audit   camelcase: [ '6.3.0', '5.3.1' ],
4292 silly audit   'jest-get-type': [ '29.6.3' ],
4292 silly audit   leven: [ '3.1.0' ],
4292 silly audit   anymatch: [ '3.1.3' ],
4292 silly audit   'fb-watchman': [ '2.0.2' ],
4292 silly audit   fsevents: [ '2.3.3' ],
4292 silly audit   'node-abort-controller': [ '3.1.1' ],
4292 silly audit   walker: [ '1.0.8' ],
4292 silly audit   'normalize-path': [ '3.0.0' ],
4292 silly audit   bser: [ '2.1.1' ],
4292 silly audit   'node-int64': [ '0.4.0' ],
4292 silly audit   ob1: [ '0.80.12' ],
4292 silly audit   vlq: [ '1.0.1' ],
4292 silly audit   through2: [ '2.0.5' ],
4292 silly audit   'metro-minify-terser': [ '0.80.12' ],
4292 silly audit   terser: [ '5.39.0' ],
4292 silly audit   braces: [ '3.0.3' ],
4292 silly audit   'fill-range': [ '7.1.1' ],
4292 silly audit   'to-regex-range': [ '5.0.1' ],
4292 silly audit   'whatwg-url': [ '5.0.0' ],
4292 silly audit   'mimic-fn': [ '2.1.0', '1.2.0' ],
4292 silly audit   'error-ex': [ '1.3.2' ],
4292 silly audit   'json-parse-better-errors': [ '1.0.2' ],
4292 silly audit   'is-arrayish': [ '0.2.1' ],
4292 silly audit   asap: [ '2.0.6' ],
4292 silly audit   'object-assign': [ '4.1.1' ],
4292 silly audit   inherits: [ '2.0.4' ],
4292 silly audit   '@egjs/hammerjs': [ '2.0.17' ],
4292 silly audit   'hoist-non-react-statics': [ '3.3.2' ],
4292 silly audit   '@types/hammerjs': [ '2.0.46' ],
4292 silly audit   'react-freeze': [ '1.0.4' ],
4292 silly audit   regenerate: [ '1.4.2' ],
4292 silly audit   'regenerate-unicode-properties': [ '10.2.0' ],
4292 silly audit   regjsgen: [ '0.8.0' ],
4292 silly audit   regjsparser: [ '0.12.0' ],
4292 silly audit   'unicode-match-property-ecmascript': [ '2.0.0' ],
4292 silly audit   'unicode-match-property-value-ecmascript': [ '2.2.0' ],
4292 silly audit   'nested-error-stacks': [ '2.0.1' ],
4292 silly audit   rc: [ '1.2.8' ],
4292 silly audit   'deep-extend': [ '0.6.0' ],
4292 silly audit   ini: [ '1.3.8' ],
4292 silly audit   minimist: [ '1.2.8' ],
4292 silly audit   'strip-json-comments': [ '2.0.1' ],
4292 silly audit   'is-core-module': [ '2.16.1' ],
4292 silly audit   'path-parse': [ '1.0.7' ],
4292 silly audit   'supports-preserve-symlinks-flag': [ '1.0.0' ],
4292 silly audit   hasown: [ '2.0.2' ],
4292 silly audit   'function-bind': [ '1.1.2' ],
4292 silly audit   depd: [ '2.0.0' ],
4292 silly audit   destroy: [ '1.2.0' ],
4292 silly audit   etag: [ '1.8.1' ],
4292 silly audit   fresh: [ '0.5.2' ],
4292 silly audit   'http-errors': [ '2.0.0' ],
4292 silly audit   'range-parser': [ '1.2.1' ],
4292 silly audit   setprototypeof: [ '1.2.0' ],
4292 silly audit   toidentifier: [ '1.0.1' ],
4292 silly audit   'shebang-regex': [ '3.0.0' ],
4292 silly audit   'astral-regex': [ '1.0.0' ],
4292 silly audit   'is-fullwidth-code-point': [ '2.0.0', '3.0.0' ],
4292 silly audit   'buffer-from': [ '1.1.2' ],
4292 silly audit   'type-fest': [ '0.7.1', '0.21.3' ],
4292 silly audit   eastasianwidth: [ '0.2.0' ],
4292 silly audit   'emoji-regex': [ '9.2.2', '8.0.0' ],
4292 silly audit   'lines-and-columns': [ '1.2.4' ],
4292 silly audit   mz: [ '2.7.0' ],
4292 silly audit   pirates: [ '4.0.7' ],
4292 silly audit   'ts-interface-checker': [ '0.1.13' ],
4292 silly audit   'any-promise': [ '1.3.0' ],
4292 silly audit   'thenify-all': [ '1.6.0' ],
4292 silly audit   'has-flag': [ '4.0.0', '3.0.0' ],
4292 silly audit   '@isaacs/fs-minipass': [ '4.0.1' ],
4292 silly audit   chownr: [ '3.0.0' ],
4292 silly audit   minizlib: [ '3.0.2' ],
4292 silly audit   'ansi-escapes': [ '4.3.2' ],
4292 silly audit   'supports-hyperlinks': [ '2.3.0' ],
4292 silly audit   '@jridgewell/source-map': [ '0.3.6' ],
4292 silly audit   acorn: [ '8.14.1' ],
4292 silly audit   thenify: [ '3.3.1' ],
4292 silly audit   'readable-stream': [ '2.3.8', '3.6.2' ],
4292 silly audit   xtend: [ '4.0.2' ],
4292 silly audit   'core-util-is': [ '1.0.3' ],
4292 silly audit   isarray: [ '1.0.0' ],
4292 silly audit   'process-nextick-args': [ '2.0.1' ],
4292 silly audit   string_decoder: [ '1.1.1' ],
4292 silly audit   'util-deprecate': [ '1.0.2' ],
4292 silly audit   'is-number': [ '7.0.0' ],
4292 silly audit   'unicode-canonical-property-names-ecmascript': [ '2.0.1' ],
4292 silly audit   'unicode-property-aliases-ecmascript': [ '2.1.0' ],
4292 silly audit   'crypto-random-string': [ '2.0.0' ],
4292 silly audit   escalade: [ '3.2.0' ],
4292 silly audit   makeerror: [ '1.0.12' ],
4292 silly audit   tmpl: [ '1.0.5' ],
4292 silly audit   defaults: [ '1.0.4' ],
4292 silly audit   clone: [ '1.0.4' ],
4292 silly audit   tr46: [ '0.0.3' ],
4292 silly audit   'webidl-conversions': [ '3.0.1', '5.0.0' ],
4292 silly audit   buffer: [ '5.7.1' ],
4292 silly audit   punycode: [ '2.3.1' ],
4292 silly audit   ieee754: [ '1.2.1' ],
4292 silly audit   isexe: [ '2.0.0' ],
4292 silly audit   'simple-plist': [ '1.3.1' ],
4292 silly audit   uuid: [ '7.0.3' ],
4292 silly audit   plist: [ '3.1.0' ],
4292 silly audit   sax: [ '1.4.1' ],
4292 silly audit   cliui: [ '8.0.1', '6.0.0' ],
4292 silly audit   'get-caller-file': [ '2.0.5' ],
4292 silly audit   'require-directory': [ '2.1.1' ],
4292 silly audit   y18n: [ '5.0.8', '4.0.3' ],
4292 silly audit   'yargs-parser': [ '21.1.1', '18.1.3' ],
4292 silly audit   'fs.realpath': [ '1.0.0' ],
4292 silly audit   inflight: [ '1.0.6' ],
4292 silly audit   once: [ '1.4.0' ],
4292 silly audit   'path-is-absolute': [ '1.0.1' ],
4292 silly audit   wrappy: [ '1.0.2' ],
4292 silly audit   'concat-map': [ '0.0.1' ],
4292 silly audit   bl: [ '4.1.0' ],
4292 silly audit   'is-interactive': [ '1.0.0' ],
4292 silly audit   'is-unicode-supported': [ '0.1.0' ],
4292 silly audit   'p-try': [ '2.2.0' ],
4292 silly audit   'async-limiter': [ '1.0.1' ],
4292 silly audit   '@babel/plugin-proposal-async-generator-functions': [ '7.20.7' ],
4292 silly audit   '@babel/plugin-proposal-class-properties': [ '7.18.6' ],
4292 silly audit   '@babel/plugin-proposal-nullish-coalescing-operator': [ '7.18.6' ],
4292 silly audit   '@babel/plugin-proposal-numeric-separator': [ '7.18.6' ],
4292 silly audit   '@babel/plugin-proposal-object-rest-spread': [ '7.20.7' ],
4292 silly audit   '@babel/plugin-proposal-optional-catch-binding': [ '7.18.6' ],
4292 silly audit   '@babel/plugin-proposal-optional-chaining': [ '7.21.0' ],
4292 silly audit   '@babel/helper-environment-visitor': [ '7.24.7' ],
4292 silly audit   '@babel/plugin-syntax-async-generators': [ '7.8.4' ],
4292 silly audit   '@babel/plugin-syntax-numeric-separator': [ '7.10.4' ],
4292 silly audit   '@babel/plugin-syntax-object-rest-spread': [ '7.8.3' ],
4292 silly audit   '@babel/plugin-syntax-optional-catch-binding': [ '7.8.3' ],
4292 silly audit   'flow-parser': [ '0.206.0' ],
4292 silly audit   jscodeshift: [ '0.14.0' ],
4292 silly audit   '@babel/preset-flow': [ '7.27.1' ],
4292 silly audit   '@babel/register': [ '7.27.1' ],
4292 silly audit   'babel-core': [ '7.0.0-bridge.0' ],
4292 silly audit   'neo-async': [ '2.6.2' ],
4292 silly audit   'node-dir': [ '0.1.17' ],
4292 silly audit   recast: [ '0.21.5' ],
4292 silly audit   temp: [ '0.8.4' ],
4292 silly audit   'write-file-atomic': [ '2.4.3' ],
4292 silly audit   'clone-deep': [ '4.0.1' ],
4292 silly audit   'find-cache-dir': [ '2.1.0' ],
4292 silly audit   'make-dir': [ '2.1.0' ],
4292 silly audit   'is-plain-object': [ '2.0.4' ],
4292 silly audit   'kind-of': [ '6.0.3' ],
4292 silly audit   'shallow-clone': [ '3.0.1' ],
4292 silly audit   commondir: [ '1.0.1' ],
4292 silly audit   'pkg-dir': [ '3.0.0' ],
4292 silly audit   isobject: [ '3.0.1' ],
4292 silly audit   pify: [ '4.0.1' ],
4292 silly audit   'ast-types': [ '0.15.2' ],
4292 silly audit   esprima: [ '4.0.1' ],
4292 silly audit   tslib: [ '2.8.1' ],
4292 silly audit   imurmurhash: [ '0.1.4' ],
4292 silly audit   'define-lazy-prop': [ '2.0.0' ],
4292 silly audit   'sprintf-js': [ '1.0.3' ],
4292 silly audit   decamelize: [ '1.2.0' ],
4292 silly audit   'require-main-filename': [ '2.0.0' ],
4292 silly audit   'set-blocking': [ '2.0.0' ],
4292 silly audit   'which-module': [ '2.0.1' ]
4292 silly audit }
4293 verbose reify failed optional dependency /data/data/com.termux/files/home/node_modules/fsevents
4294 silly reify mark deleted [ '/data/data/com.termux/files/home/node_modules/fsevents' ]
4295 verbose reify failed optional dependency /data/data/com.termux/files/home/node_modules/lightningcss-win32-x64-msvc
4296 silly reify mark deleted [
4296 silly reify   '/data/data/com.termux/files/home/node_modules/lightningcss-win32-x64-msvc'
4296 silly reify ]
4297 verbose reify failed optional dependency /data/data/com.termux/files/home/node_modules/lightningcss-win32-arm64-msvc
4298 silly reify mark deleted [
4298 silly reify   '/data/data/com.termux/files/home/node_modules/lightningcss-win32-arm64-msvc'
4298 silly reify ]
4299 verbose reify failed optional dependency /data/data/com.termux/files/home/node_modules/lightningcss-linux-x64-musl
4300 silly reify mark deleted [
4300 silly reify   '/data/data/com.termux/files/home/node_modules/lightningcss-linux-x64-musl'
4300 silly reify ]
4301 verbose reify failed optional dependency /data/data/com.termux/files/home/node_modules/lightningcss-linux-x64-gnu
4302 silly reify mark deleted [
4302 silly reify   '/data/data/com.termux/files/home/node_modules/lightningcss-linux-x64-gnu'
4302 silly reify ]
4303 verbose reify failed optional dependency /data/data/com.termux/files/home/node_modules/lightningcss-linux-arm64-musl
4304 silly reify mark deleted [
4304 silly reify   '/data/data/com.termux/files/home/node_modules/lightningcss-linux-arm64-musl'
4304 silly reify ]
4305 verbose reify failed optional dependency /data/data/com.termux/files/home/node_modules/lightningcss-linux-arm64-gnu
4306 silly reify mark deleted [
4306 silly reify   '/data/data/com.termux/files/home/node_modules/lightningcss-linux-arm64-gnu'
4306 silly reify ]
4307 verbose reify failed optional dependency /data/data/com.termux/files/home/node_modules/lightningcss-linux-arm-gnueabihf
4308 silly reify mark deleted [
4308 silly reify   '/data/data/com.termux/files/home/node_modules/lightningcss-linux-arm-gnueabihf'
4308 silly reify ]
4309 verbose reify failed optional dependency /data/data/com.termux/files/home/node_modules/lightningcss-freebsd-x64
4310 silly reify mark deleted [
4310 silly reify   '/data/data/com.termux/files/home/node_modules/lightningcss-freebsd-x64'
4310 silly reify ]
4311 verbose reify failed optional dependency /data/data/com.termux/files/home/node_modules/lightningcss-darwin-x64
4312 silly reify mark deleted [
4312 silly reify   '/data/data/com.termux/files/home/node_modules/lightningcss-darwin-x64'
4312 silly reify ]
4313 verbose reify failed optional dependency /data/data/com.termux/files/home/node_modules/lightningcss-darwin-arm64
4314 silly reify mark deleted [
4314 silly reify   '/data/data/com.termux/files/home/node_modules/lightningcss-darwin-arm64'
4314 silly reify ]
4315 http cache which-module@https://registry.npmjs.org/which-module/-/which-module-2.0.1.tgz 0ms (cache hit)
4316 http cache set-blocking@https://registry.npmjs.org/set-blocking/-/set-blocking-2.0.0.tgz 0ms (cache hit)
4317 http cache sprintf-js@https://registry.npmjs.org/sprintf-js/-/sprintf-js-1.0.3.tgz 0ms (cache hit)
4318 http cache require-main-filename@https://registry.npmjs.org/require-main-filename/-/require-main-filename-2.0.0.tgz 0ms (cache hit)
4319 http cache decamelize@https://registry.npmjs.org/decamelize/-/decamelize-1.2.0.tgz 0ms (cache hit)
4320 http cache imurmurhash@https://registry.npmjs.org/imurmurhash/-/imurmurhash-0.1.4.tgz 0ms (cache hit)
4321 http cache define-lazy-prop@https://registry.npmjs.org/define-lazy-prop/-/define-lazy-prop-2.0.0.tgz 0ms (cache hit)
4322 http cache ast-types@https://registry.npmjs.org/ast-types/-/ast-types-0.15.2.tgz 0ms (cache hit)
4323 http cache esprima@https://registry.npmjs.org/esprima/-/esprima-4.0.1.tgz 0ms (cache hit)
4324 http cache tslib@https://registry.npmjs.org/tslib/-/tslib-2.8.1.tgz 0ms (cache hit)
4325 http cache isobject@https://registry.npmjs.org/isobject/-/isobject-3.0.1.tgz 0ms (cache hit)
4326 http cache pify@https://registry.npmjs.org/pify/-/pify-4.0.1.tgz 0ms (cache hit)
4327 http cache pkg-dir@https://registry.npmjs.org/pkg-dir/-/pkg-dir-3.0.0.tgz 0ms (cache hit)
4328 http cache shallow-clone@https://registry.npmjs.org/shallow-clone/-/shallow-clone-3.0.1.tgz 0ms (cache hit)
4329 http cache commondir@https://registry.npmjs.org/commondir/-/commondir-1.0.1.tgz 0ms (cache hit)
4330 http cache is-plain-object@https://registry.npmjs.org/is-plain-object/-/is-plain-object-2.0.4.tgz 0ms (cache hit)
4331 http cache make-dir@https://registry.npmjs.org/make-dir/-/make-dir-2.1.0.tgz 0ms (cache hit)
4332 http cache kind-of@https://registry.npmjs.org/kind-of/-/kind-of-6.0.3.tgz 0ms (cache hit)
4333 http cache write-file-atomic@https://registry.npmjs.org/write-file-atomic/-/write-file-atomic-2.4.3.tgz 0ms (cache hit)
4334 http cache clone-deep@https://registry.npmjs.org/clone-deep/-/clone-deep-4.0.1.tgz 0ms (cache hit)
4335 http cache find-cache-dir@https://registry.npmjs.org/find-cache-dir/-/find-cache-dir-2.1.0.tgz 0ms (cache hit)
4336 http cache temp@https://registry.npmjs.org/temp/-/temp-0.8.4.tgz 0ms (cache hit)
4337 http cache recast@https://registry.npmjs.org/recast/-/recast-0.21.5.tgz 0ms (cache hit)
4338 http cache node-dir@https://registry.npmjs.org/node-dir/-/node-dir-0.1.17.tgz 0ms (cache hit)
4339 http cache @babel/register@https://registry.npmjs.org/@babel/register/-/register-7.27.1.tgz 0ms (cache hit)
4340 http cache @babel/preset-flow@https://registry.npmjs.org/@babel/preset-flow/-/preset-flow-7.27.1.tgz 0ms (cache hit)
4341 http cache neo-async@https://registry.npmjs.org/neo-async/-/neo-async-2.6.2.tgz 0ms (cache hit)
4342 http cache babel-core@https://registry.npmjs.org/babel-core/-/babel-core-7.0.0-bridge.0.tgz 0ms (cache hit)
4343 http cache jscodeshift@https://registry.npmjs.org/jscodeshift/-/jscodeshift-0.14.0.tgz 0ms (cache hit)
4344 http cache flow-parser@https://registry.npmjs.org/flow-parser/-/flow-parser-0.206.0.tgz 0ms (cache hit)
4345 http cache @babel/plugin-syntax-numeric-separator@https://registry.npmjs.org/@babel/plugin-syntax-numeric-separator/-/plugin-syntax-numeric-separator-7.10.4.tgz 0ms (cache hit)
4346 http cache @babel/plugin-syntax-async-generators@https://registry.npmjs.org/@babel/plugin-syntax-async-generators/-/plugin-syntax-async-generators-7.8.4.tgz 0ms (cache hit)
4347 http cache @babel/plugin-syntax-optional-catch-binding@https://registry.npmjs.org/@babel/plugin-syntax-optional-catch-binding/-/plugin-syntax-optional-catch-binding-7.8.3.tgz 0ms (cache hit)
4348 http cache @babel/plugin-syntax-object-rest-spread@https://registry.npmjs.org/@babel/plugin-syntax-object-rest-spread/-/plugin-syntax-object-rest-spread-7.8.3.tgz 0ms (cache hit)
4349 http cache @babel/helper-environment-visitor@https://registry.npmjs.org/@babel/helper-environment-visitor/-/helper-environment-visitor-7.24.7.tgz 0ms (cache hit)
4350 http cache @babel/plugin-proposal-optional-chaining@https://registry.npmjs.org/@babel/plugin-proposal-optional-chaining/-/plugin-proposal-optional-chaining-7.21.0.tgz 0ms (cache hit)
4351 http cache @babel/plugin-proposal-numeric-separator@https://registry.npmjs.org/@babel/plugin-proposal-numeric-separator/-/plugin-proposal-numeric-separator-7.18.6.tgz 0ms (cache hit)
4352 http cache @babel/plugin-proposal-optional-catch-binding@https://registry.npmjs.org/@babel/plugin-proposal-optional-catch-binding/-/plugin-proposal-optional-catch-binding-7.18.6.tgz 0ms (cache hit)
4353 http cache @babel/plugin-proposal-object-rest-spread@https://registry.npmjs.org/@babel/plugin-proposal-object-rest-spread/-/plugin-proposal-object-rest-spread-7.20.7.tgz 0ms (cache hit)
4354 http cache @babel/plugin-proposal-nullish-coalescing-operator@https://registry.npmjs.org/@babel/plugin-proposal-nullish-coalescing-operator/-/plugin-proposal-nullish-coalescing-operator-7.18.6.tgz 0ms (cache hit)
4355 http cache @babel/plugin-proposal-class-properties@https://registry.npmjs.org/@babel/plugin-proposal-class-properties/-/plugin-proposal-class-properties-7.18.6.tgz 0ms (cache hit)
4356 http cache p-try@https://registry.npmjs.org/p-try/-/p-try-2.2.0.tgz 0ms (cache hit)
4357 http cache async-limiter@https://registry.npmjs.org/async-limiter/-/async-limiter-1.0.1.tgz 0ms (cache hit)
4358 http cache is-unicode-supported@https://registry.npmjs.org/is-unicode-supported/-/is-unicode-supported-0.1.0.tgz 0ms (cache hit)
4359 http cache is-interactive@https://registry.npmjs.org/is-interactive/-/is-interactive-1.0.0.tgz 0ms (cache hit)
4360 http cache concat-map@https://registry.npmjs.org/concat-map/-/concat-map-0.0.1.tgz 0ms (cache hit)
4361 http cache wrappy@https://registry.npmjs.org/wrappy/-/wrappy-1.0.2.tgz 0ms (cache hit)
4362 http cache bl@https://registry.npmjs.org/bl/-/bl-4.1.0.tgz 0ms (cache hit)
4363 http cache path-is-absolute@https://registry.npmjs.org/path-is-absolute/-/path-is-absolute-1.0.1.tgz 0ms (cache hit)
4364 http cache once@https://registry.npmjs.org/once/-/once-1.4.0.tgz 0ms (cache hit)
4365 http cache fs.realpath@https://registry.npmjs.org/fs.realpath/-/fs.realpath-1.0.0.tgz 0ms (cache hit)
4366 http cache inflight@https://registry.npmjs.org/inflight/-/inflight-1.0.6.tgz 0ms (cache hit)
4367 http cache yargs-parser@https://registry.npmjs.org/yargs-parser/-/yargs-parser-21.1.1.tgz 0ms (cache hit)
4368 http cache y18n@https://registry.npmjs.org/y18n/-/y18n-5.0.8.tgz 0ms (cache hit)
4369 http cache get-caller-file@https://registry.npmjs.org/get-caller-file/-/get-caller-file-2.0.5.tgz 0ms (cache hit)
4370 http cache cliui@https://registry.npmjs.org/cliui/-/cliui-8.0.1.tgz 0ms (cache hit)
4371 http cache require-directory@https://registry.npmjs.org/require-directory/-/require-directory-2.1.1.tgz 0ms (cache hit)
4372 http cache sax@https://registry.npmjs.org/sax/-/sax-1.4.1.tgz 0ms (cache hit)
4373 http cache plist@https://registry.npmjs.org/plist/-/plist-3.1.0.tgz 0ms (cache hit)
4374 http cache @babel/plugin-proposal-async-generator-functions@https://registry.npmjs.org/@babel/plugin-proposal-async-generator-functions/-/plugin-proposal-async-generator-functions-7.20.7.tgz 0ms (cache hit)
4375 http cache simple-plist@https://registry.npmjs.org/simple-plist/-/simple-plist-1.3.1.tgz 0ms (cache hit)
4376 http cache isexe@https://registry.npmjs.org/isexe/-/isexe-2.0.0.tgz 0ms (cache hit)
4377 http cache uuid@https://registry.npmjs.org/uuid/-/uuid-7.0.3.tgz 0ms (cache hit)
4378 http cache punycode@https://registry.npmjs.org/punycode/-/punycode-2.3.1.tgz 0ms (cache hit)
4379 http cache buffer@https://registry.npmjs.org/buffer/-/buffer-5.7.1.tgz 0ms (cache hit)
4380 http cache ieee754@https://registry.npmjs.org/ieee754/-/ieee754-1.2.1.tgz 0ms (cache hit)
4381 http cache clone@https://registry.npmjs.org/clone/-/clone-1.0.4.tgz 0ms (cache hit)
4382 http cache webidl-conversions@https://registry.npmjs.org/webidl-conversions/-/webidl-conversions-3.0.1.tgz 0ms (cache hit)
4383 http cache tr46@https://registry.npmjs.org/tr46/-/tr46-0.0.3.tgz 0ms (cache hit)
4384 http cache makeerror@https://registry.npmjs.org/makeerror/-/makeerror-1.0.12.tgz 0ms (cache hit)
4385 http cache tmpl@https://registry.npmjs.org/tmpl/-/tmpl-1.0.5.tgz 0ms (cache hit)
4386 http cache defaults@https://registry.npmjs.org/defaults/-/defaults-1.0.4.tgz 0ms (cache hit)
4387 http cache escalade@https://registry.npmjs.org/escalade/-/escalade-3.2.0.tgz 0ms (cache hit)
4388 http cache crypto-random-string@https://registry.npmjs.org/crypto-random-string/-/crypto-random-string-2.0.0.tgz 0ms (cache hit)
4389 http cache unicode-property-aliases-ecmascript@https://registry.npmjs.org/unicode-property-aliases-ecmascript/-/unicode-property-aliases-ecmascript-2.1.0.tgz 0ms (cache hit)
4390 http cache unicode-canonical-property-names-ecmascript@https://registry.npmjs.org/unicode-canonical-property-names-ecmascript/-/unicode-canonical-property-names-ecmascript-2.0.1.tgz 0ms (cache hit)
4391 http cache util-deprecate@https://registry.npmjs.org/util-deprecate/-/util-deprecate-1.0.2.tgz 0ms (cache hit)
4392 http cache string_decoder@https://registry.npmjs.org/string_decoder/-/string_decoder-1.1.1.tgz 0ms (cache hit)
4393 http cache is-number@https://registry.npmjs.org/is-number/-/is-number-7.0.0.tgz 0ms (cache hit)
4394 http cache core-util-is@https://registry.npmjs.org/core-util-is/-/core-util-is-1.0.3.tgz 0ms (cache hit)
4395 http cache isarray@https://registry.npmjs.org/isarray/-/isarray-1.0.0.tgz 0ms (cache hit)
4396 http cache process-nextick-args@https://registry.npmjs.org/process-nextick-args/-/process-nextick-args-2.0.1.tgz 0ms (cache hit)
4397 http cache readable-stream@https://registry.npmjs.org/readable-stream/-/readable-stream-2.3.8.tgz 0ms (cache hit)
4398 http cache xtend@https://registry.npmjs.org/xtend/-/xtend-4.0.2.tgz 0ms (cache hit)
4399 http cache thenify@https://registry.npmjs.org/thenify/-/thenify-3.3.1.tgz 0ms (cache hit)
4400 http cache ansi-escapes@https://registry.npmjs.org/ansi-escapes/-/ansi-escapes-4.3.2.tgz 0ms (cache hit)
4401 http cache @jridgewell/source-map@https://registry.npmjs.org/@jridgewell/source-map/-/source-map-0.3.6.tgz 0ms (cache hit)
4402 http cache acorn@https://registry.npmjs.org/acorn/-/acorn-8.14.1.tgz 0ms (cache hit)
4403 http cache supports-hyperlinks@https://registry.npmjs.org/supports-hyperlinks/-/supports-hyperlinks-2.3.0.tgz 0ms (cache hit)
4404 http cache minizlib@https://registry.npmjs.org/minizlib/-/minizlib-3.0.2.tgz 0ms (cache hit)
4405 http cache chownr@https://registry.npmjs.org/chownr/-/chownr-3.0.0.tgz 0ms (cache hit)
4406 http cache thenify-all@https://registry.npmjs.org/thenify-all/-/thenify-all-1.6.0.tgz 0ms (cache hit)
4407 http cache any-promise@https://registry.npmjs.org/any-promise/-/any-promise-1.3.0.tgz 0ms (cache hit)
4408 http cache @isaacs/fs-minipass@https://registry.npmjs.org/@isaacs/fs-minipass/-/fs-minipass-4.0.1.tgz 0ms (cache hit)
4409 http cache has-flag@https://registry.npmjs.org/has-flag/-/has-flag-4.0.0.tgz 0ms (cache hit)
4410 http cache ts-interface-checker@https://registry.npmjs.org/ts-interface-checker/-/ts-interface-checker-0.1.13.tgz 0ms (cache hit)
4411 http cache pirates@https://registry.npmjs.org/pirates/-/pirates-4.0.7.tgz 0ms (cache hit)
4412 http cache emoji-regex@https://registry.npmjs.org/emoji-regex/-/emoji-regex-9.2.2.tgz 0ms (cache hit)
4413 http cache eastasianwidth@https://registry.npmjs.org/eastasianwidth/-/eastasianwidth-0.2.0.tgz 0ms (cache hit)
4414 http cache mz@https://registry.npmjs.org/mz/-/mz-2.7.0.tgz 0ms (cache hit)
4415 http cache lines-and-columns@https://registry.npmjs.org/lines-and-columns/-/lines-and-columns-1.2.4.tgz 0ms (cache hit)
4416 http cache buffer-from@https://registry.npmjs.org/buffer-from/-/buffer-from-1.1.2.tgz 0ms (cache hit)
4417 http cache type-fest@https://registry.npmjs.org/type-fest/-/type-fest-0.7.1.tgz 0ms (cache hit)
4418 http cache shebang-regex@https://registry.npmjs.org/shebang-regex/-/shebang-regex-3.0.0.tgz 0ms (cache hit)
4419 http cache is-fullwidth-code-point@https://registry.npmjs.org/is-fullwidth-code-point/-/is-fullwidth-code-point-2.0.0.tgz 0ms (cache hit)
4420 http cache astral-regex@https://registry.npmjs.org/astral-regex/-/astral-regex-1.0.0.tgz 0ms (cache hit)
4421 http cache toidentifier@https://registry.npmjs.org/toidentifier/-/toidentifier-1.0.1.tgz 0ms (cache hit)
4422 http cache setprototypeof@https://registry.npmjs.org/setprototypeof/-/setprototypeof-1.2.0.tgz 0ms (cache hit)
4423 http cache fresh@https://registry.npmjs.org/fresh/-/fresh-0.5.2.tgz 0ms (cache hit)
4424 http cache etag@https://registry.npmjs.org/etag/-/etag-1.8.1.tgz 0ms (cache hit)
4425 http cache http-errors@https://registry.npmjs.org/http-errors/-/http-errors-2.0.0.tgz 0ms (cache hit)
4426 http cache range-parser@https://registry.npmjs.org/range-parser/-/range-parser-1.2.1.tgz 0ms (cache hit)
4427 http cache destroy@https://registry.npmjs.org/destroy/-/destroy-1.2.0.tgz 0ms (cache hit)
4428 http cache depd@https://registry.npmjs.org/depd/-/depd-2.0.0.tgz 0ms (cache hit)
4429 http cache supports-preserve-symlinks-flag@https://registry.npmjs.org/supports-preserve-symlinks-flag/-/supports-preserve-symlinks-flag-1.0.0.tgz 0ms (cache hit)
4430 http cache path-parse@https://registry.npmjs.org/path-parse/-/path-parse-1.0.7.tgz 0ms (cache hit)
4431 http cache function-bind@https://registry.npmjs.org/function-bind/-/function-bind-1.1.2.tgz 0ms (cache hit)
4432 http cache hasown@https://registry.npmjs.org/hasown/-/hasown-2.0.2.tgz 0ms (cache hit)
4433 http cache is-core-module@https://registry.npmjs.org/is-core-module/-/is-core-module-2.16.1.tgz 0ms (cache hit)
4434 http cache strip-json-comments@https://registry.npmjs.org/strip-json-comments/-/strip-json-comments-2.0.1.tgz 0ms (cache hit)
4435 http cache deep-extend@https://registry.npmjs.org/deep-extend/-/deep-extend-0.6.0.tgz 0ms (cache hit)
4436 http cache minimist@https://registry.npmjs.org/minimist/-/minimist-1.2.8.tgz 0ms (cache hit)
4437 http cache rc@https://registry.npmjs.org/rc/-/rc-1.2.8.tgz 0ms (cache hit)
4438 http cache ini@https://registry.npmjs.org/ini/-/ini-1.3.8.tgz 0ms (cache hit)
4439 http cache nested-error-stacks@https://registry.npmjs.org/nested-error-stacks/-/nested-error-stacks-2.0.1.tgz 0ms (cache hit)
4440 http cache unicode-match-property-ecmascript@https://registry.npmjs.org/unicode-match-property-ecmascript/-/unicode-match-property-ecmascript-2.0.0.tgz 0ms (cache hit)
4441 http cache regjsgen@https://registry.npmjs.org/regjsgen/-/regjsgen-0.8.0.tgz 0ms (cache hit)
4442 http cache regjsparser@https://registry.npmjs.org/regjsparser/-/regjsparser-0.12.0.tgz 0ms (cache hit)
4443 http cache unicode-match-property-value-ecmascript@https://registry.npmjs.org/unicode-match-property-value-ecmascript/-/unicode-match-property-value-ecmascript-2.2.0.tgz 0ms (cache hit)
4444 http cache regenerate-unicode-properties@https://registry.npmjs.org/regenerate-unicode-properties/-/regenerate-unicode-properties-10.2.0.tgz 0ms (cache hit)
4445 http cache regenerate@https://registry.npmjs.org/regenerate/-/regenerate-1.4.2.tgz 0ms (cache hit)
4446 http cache hoist-non-react-statics@https://registry.npmjs.org/hoist-non-react-statics/-/hoist-non-react-statics-3.3.2.tgz 0ms (cache hit)
4447 http cache @egjs/hammerjs@https://registry.npmjs.org/@egjs/hammerjs/-/hammerjs-2.0.17.tgz 0ms (cache hit)
4448 http cache @types/hammerjs@https://registry.npmjs.org/@types/hammerjs/-/hammerjs-2.0.46.tgz 0ms (cache hit)
4449 http cache object-assign@https://registry.npmjs.org/object-assign/-/object-assign-4.1.1.tgz 0ms (cache hit)
4450 http cache inherits@https://registry.npmjs.org/inherits/-/inherits-2.0.4.tgz 0ms (cache hit)
4451 http cache is-arrayish@https://registry.npmjs.org/is-arrayish/-/is-arrayish-0.2.1.tgz 0ms (cache hit)
4452 http cache json-parse-better-errors@https://registry.npmjs.org/json-parse-better-errors/-/json-parse-better-errors-1.0.2.tgz 0ms (cache hit)
4453 http cache react-freeze@https://registry.npmjs.org/react-freeze/-/react-freeze-1.0.4.tgz 0ms (cache hit)
4454 http cache asap@https://registry.npmjs.org/asap/-/asap-2.0.6.tgz 0ms (cache hit)
4455 http cache error-ex@https://registry.npmjs.org/error-ex/-/error-ex-1.3.2.tgz 0ms (cache hit)
4456 http cache mimic-fn@https://registry.npmjs.org/mimic-fn/-/mimic-fn-2.1.0.tgz 0ms (cache hit)
4457 http cache fill-range@https://registry.npmjs.org/fill-range/-/fill-range-7.1.1.tgz 0ms (cache hit)
4458 http cache whatwg-url@https://registry.npmjs.org/whatwg-url/-/whatwg-url-5.0.0.tgz 0ms (cache hit)
4459 http cache braces@https://registry.npmjs.org/braces/-/braces-3.0.3.tgz 0ms (cache hit)
4460 http cache to-regex-range@https://registry.npmjs.org/to-regex-range/-/to-regex-range-5.0.1.tgz 0ms (cache hit)
4461 http cache terser@https://registry.npmjs.org/terser/-/terser-5.39.0.tgz 0ms (cache hit)
4462 http cache vlq@https://registry.npmjs.org/vlq/-/vlq-1.0.1.tgz 0ms (cache hit)
4463 http cache metro-minify-terser@https://registry.npmjs.org/metro-minify-terser/-/metro-minify-terser-0.80.12.tgz 0ms (cache hit)
4464 http cache ob1@https://registry.npmjs.org/ob1/-/ob1-0.80.12.tgz 0ms (cache hit)
4465 http cache through2@https://registry.npmjs.org/through2/-/through2-2.0.5.tgz 0ms (cache hit)
4466 http cache node-int64@https://registry.npmjs.org/node-int64/-/node-int64-0.4.0.tgz 0ms (cache hit)
4467 http cache normalize-path@https://registry.npmjs.org/normalize-path/-/normalize-path-3.0.0.tgz 0ms (cache hit)
4468 http cache node-abort-controller@https://registry.npmjs.org/node-abort-controller/-/node-abort-controller-3.1.1.tgz 0ms (cache hit)
4469 http cache bser@https://registry.npmjs.org/bser/-/bser-2.1.1.tgz 0ms (cache hit)
4470 http cache walker@https://registry.npmjs.org/walker/-/walker-1.0.8.tgz 0ms (cache hit)
4471 http cache fb-watchman@https://registry.npmjs.org/fb-watchman/-/fb-watchman-2.0.2.tgz 0ms (cache hit)
4472 http cache anymatch@https://registry.npmjs.org/anymatch/-/anymatch-3.1.3.tgz 0ms (cache hit)
4473 http cache camelcase@https://registry.npmjs.org/camelcase/-/camelcase-6.3.0.tgz 0ms (cache hit)
4474 http cache jest-validate@https://registry.npmjs.org/jest-validate/-/jest-validate-29.7.0.tgz 0ms (cache hit)
4475 http cache jest-get-type@https://registry.npmjs.org/jest-get-type/-/jest-get-type-29.6.3.tgz 0ms (cache hit)
4476 http cache leven@https://registry.npmjs.org/leven/-/leven-3.1.0.tgz 0ms (cache hit)
4477 http cache exponential-backoff@https://registry.npmjs.org/exponential-backoff/-/exponential-backoff-3.1.2.tgz 0ms (cache hit)
4478 http cache queue@https://registry.npmjs.org/queue/-/queue-6.0.2.tgz 0ms (cache hit)
4479 http cache serialize-error@https://registry.npmjs.org/serialize-error/-/serialize-error-2.1.0.tgz 0ms (cache hit)
4480 http cache stackframe@https://registry.npmjs.org/stackframe/-/stackframe-1.3.4.tgz 0ms (cache hit)
4481 http cache metro-transform-worker@https://registry.npmjs.org/metro-transform-worker/-/metro-transform-worker-0.80.12.tgz 0ms (cache hit)
4482 http cache throat@https://registry.npmjs.org/throat/-/throat-5.0.0.tgz 0ms (cache hit)
4483 http cache metro-transform-plugins@https://registry.npmjs.org/metro-transform-plugins/-/metro-transform-plugins-0.80.12.tgz 0ms (cache hit)
4484 http cache metro-resolver@https://registry.npmjs.org/metro-resolver/-/metro-resolver-0.80.12.tgz 0ms (cache hit)
4485 http cache metro-cache-key@https://registry.npmjs.org/metro-cache-key/-/metro-cache-key-0.80.12.tgz 0ms (cache hit)
4486 http cache metro-symbolicate@https://registry.npmjs.org/metro-symbolicate/-/metro-symbolicate-0.80.12.tgz 0ms (cache hit)
4487 http cache metro-file-map@https://registry.npmjs.org/metro-file-map/-/metro-file-map-0.80.12.tgz 0ms (cache hit)
4488 http cache metro-cache@https://registry.npmjs.org/metro-cache/-/metro-cache-0.80.12.tgz 0ms (cache hit)
4489 http cache metro-babel-transformer@https://registry.npmjs.org/metro-babel-transformer/-/metro-babel-transformer-0.80.12.tgz 0ms (cache hit)
4490 http cache image-size@https://registry.npmjs.org/image-size/-/image-size-1.2.1.tgz 0ms (cache hit)
4491 http cache error-stack-parser@https://registry.npmjs.org/error-stack-parser/-/error-stack-parser-2.1.4.tgz 0ms (cache hit)
4492 http cache jest-worker@https://registry.npmjs.org/jest-worker/-/jest-worker-29.7.0.tgz 0ms (cache hit)
4493 http cache lodash.throttle@https://registry.npmjs.org/lodash.throttle/-/lodash.throttle-4.1.1.tgz 0ms (cache hit)
4494 http cache denodeify@https://registry.npmjs.org/denodeify/-/denodeify-1.2.1.tgz 1ms (cache hit)
4495 http cache slice-ansi@https://registry.npmjs.org/slice-ansi/-/slice-ansi-2.1.0.tgz 0ms (cache hit)
4496 http cache ansi-fragments@https://registry.npmjs.org/ansi-fragments/-/ansi-fragments-0.2.1.tgz 0ms (cache hit)
4497 http cache colorette@https://registry.npmjs.org/colorette/-/colorette-1.4.0.tgz 0ms (cache hit)
4498 http cache @sideway/pinpoint@https://registry.npmjs.org/@sideway/pinpoint/-/pinpoint-2.0.0.tgz 0ms (cache hit)
4499 http cache dayjs@https://registry.npmjs.org/dayjs/-/dayjs-1.11.13.tgz 0ms (cache hit)
4500 http cache @sideway/formula@https://registry.npmjs.org/@sideway/formula/-/formula-3.0.1.tgz 0ms (cache hit)
4501 http cache @hapi/topo@https://registry.npmjs.org/@hapi/topo/-/topo-5.1.0.tgz 0ms (cache hit)
4502 http cache stack-utils@https://registry.npmjs.org/stack-utils/-/stack-utils-2.0.6.tgz 0ms (cache hit)
4503 http cache @sideway/address@https://registry.npmjs.org/@sideway/address/-/address-4.1.5.tgz 0ms (cache hit)
4504 http cache micromatch@https://registry.npmjs.org/micromatch/-/micromatch-4.0.8.tgz 0ms (cache hit)
4505 http cache @hapi/hoek@https://registry.npmjs.org/@hapi/hoek/-/hoek-9.3.0.tgz 0ms (cache hit)
4506 http cache @types/stack-utils@https://registry.npmjs.org/@types/stack-utils/-/stack-utils-2.0.3.tgz 0ms (cache hit)
4507 http cache @sinonjs/commons@https://registry.npmjs.org/@sinonjs/commons/-/commons-3.0.1.tgz 0ms (cache hit)
4508 http cache type-detect@https://registry.npmjs.org/type-detect/-/type-detect-4.0.8.tgz 0ms (cache hit)
4509 http cache @sinonjs/fake-timers@https://registry.npmjs.org/@sinonjs/fake-timers/-/fake-timers-10.3.0.tgz 0ms (cache hit)
4510 http cache jest-util@https://registry.npmjs.org/jest-util/-/jest-util-29.7.0.tgz 0ms (cache hit)
4511 http cache @jest/fake-timers@https://registry.npmjs.org/@jest/fake-timers/-/fake-timers-29.7.0.tgz 0ms (cache hit)
4512 http cache @jest/environment@https://registry.npmjs.org/@jest/environment/-/environment-29.7.0.tgz 0ms (cache hit)
4513 http cache jest-mock@https://registry.npmjs.org/jest-mock/-/jest-mock-29.7.0.tgz 0ms (cache hit)
4514 http cache callsites@https://registry.npmjs.org/callsites/-/callsites-2.0.0.tgz 0ms (cache hit)
4515 http cache caller-callsite@https://registry.npmjs.org/caller-callsite/-/caller-callsite-2.0.0.tgz 0ms (cache hit)
4516 http cache source-map@https://registry.npmjs.org/source-map/-/source-map-0.7.4.tgz 0ms (cache hit)
4517 http cache caller-path@https://registry.npmjs.org/caller-path/-/caller-path-2.0.0.tgz 0ms (cache hit)
4518 http cache jest-message-util@https://registry.npmjs.org/jest-message-util/-/jest-message-util-29.7.0.tgz 0ms (cache hit)
4519 http cache universalify@https://registry.npmjs.org/universalify/-/universalify-0.1.2.tgz 0ms (cache hit)
4520 http cache jsonfile@https://registry.npmjs.org/jsonfile/-/jsonfile-4.0.0.tgz 0ms (cache hit)
4521 http cache strip-final-newline@https://registry.npmjs.org/strip-final-newline/-/strip-final-newline-2.0.0.tgz 0ms (cache hit)
4522 http cache strnum@https://registry.npmjs.org/strnum/-/strnum-1.1.2.tgz 0ms (cache hit)
4523 http cache npm-run-path@https://registry.npmjs.org/npm-run-path/-/npm-run-path-4.0.1.tgz 0ms (cache hit)
4524 http cache merge-stream@https://registry.npmjs.org/merge-stream/-/merge-stream-2.0.0.tgz 0ms (cache hit)
4525 http cache onetime@https://registry.npmjs.org/onetime/-/onetime-5.1.2.tgz 0ms (cache hit)
4526 http cache human-signals@https://registry.npmjs.org/human-signals/-/human-signals-2.1.0.tgz 0ms (cache hit)
4527 http cache get-stream@https://registry.npmjs.org/get-stream/-/get-stream-6.0.1.tgz 0ms (cache hit)
4528 http cache is-stream@https://registry.npmjs.org/is-stream/-/is-stream-2.0.1.tgz 0ms (cache hit)
4529 http cache is-directory@https://registry.npmjs.org/is-directory/-/is-directory-0.3.1.tgz 0ms (cache hit)
4530 http cache parse-json@https://registry.npmjs.org/parse-json/-/parse-json-4.0.0.tgz 0ms (cache hit)
4531 http cache prop-types@https://registry.npmjs.org/prop-types/-/prop-types-15.8.1.tgz 0ms (cache hit)
4532 http cache @types/yargs-parser@https://registry.npmjs.org/@types/yargs-parser/-/yargs-parser-21.0.3.tgz 0ms (cache hit)
4533 http cache import-fresh@https://registry.npmjs.org/import-fresh/-/import-fresh-2.0.0.tgz 0ms (cache hit)
4534 http cache @types/istanbul-lib-report@https://registry.npmjs.org/@types/istanbul-lib-report/-/istanbul-lib-report-3.0.3.tgz 0ms (cache hit)
4535 http cache metro-core@https://registry.npmjs.org/metro-core/-/metro-core-0.80.12.tgz 0ms (cache hit)
4536 http cache readline@https://registry.npmjs.org/readline/-/readline-1.3.0.tgz 0ms (cache hit)
4537 http cache metro@https://registry.npmjs.org/metro/-/metro-0.80.12.tgz 0ms (cache hit)
4538 http cache @react-native/metro-babel-transformer@https://registry.npmjs.org/@react-native/metro-babel-transformer/-/metro-babel-transformer-0.73.15.tgz 0ms (cache hit)
4539 http cache metro-config@https://registry.npmjs.org/metro-config/-/metro-config-0.80.12.tgz 0ms (cache hit)
4540 http cache shell-quote@https://registry.npmjs.org/shell-quote/-/shell-quote-1.8.2.tgz 0ms (cache hit)
4541 http cache node-fetch@https://registry.npmjs.org/node-fetch/-/node-fetch-2.7.0.tgz 0ms (cache hit)
4542 http cache sudo-prompt@https://registry.npmjs.org/sudo-prompt/-/sudo-prompt-9.2.1.tgz 0ms (cache hit)
4543 http cache nocache@https://registry.npmjs.org/nocache/-/nocache-3.0.4.tgz 0ms (cache hit)
4544 http cache errorhandler@https://registry.npmjs.org/errorhandler/-/errorhandler-1.5.1.tgz 0ms (cache hit)
4545 http cache mime@https://registry.npmjs.org/mime/-/mime-2.6.0.tgz 0ms (cache hit)
4546 http cache logkitty@https://registry.npmjs.org/logkitty/-/logkitty-0.7.1.tgz 0ms (cache hit)
4547 http cache appdirsjs@https://registry.npmjs.org/appdirsjs/-/appdirsjs-1.2.7.tgz 0ms (cache hit)
4548 http cache fast-xml-parser@https://registry.npmjs.org/fast-xml-parser/-/fast-xml-parser-4.5.3.tgz 0ms (cache hit)
4549 http cache node-stream-zip@https://registry.npmjs.org/node-stream-zip/-/node-stream-zip-1.15.0.tgz 0ms (cache hit)
4550 http cache yaml@https://registry.npmjs.org/yaml/-/yaml-2.7.1.tgz 0ms (cache hit)
4551 http cache hermes-profile-transformer@https://registry.npmjs.org/hermes-profile-transformer/-/hermes-profile-transformer-0.0.6.tgz 0ms (cache hit)
4552 http cache envinfo@https://registry.npmjs.org/envinfo/-/envinfo-7.14.0.tgz 0ms (cache hit)
4553 http cache ip@https://registry.npmjs.org/ip/-/ip-1.1.9.tgz 0ms (cache hit)
4554 http cache joi@https://registry.npmjs.org/joi/-/joi-17.13.3.tgz 0ms (cache hit)
4555 http cache cosmiconfig@https://registry.npmjs.org/cosmiconfig/-/cosmiconfig-5.2.1.tgz 0ms (cache hit)
4556 http cache command-exists@https://registry.npmjs.org/command-exists/-/command-exists-1.2.9.tgz 0ms (cache hit)
4557 http cache fs-extra@https://registry.npmjs.org/fs-extra/-/fs-extra-8.1.0.tgz 0ms (cache hit)
4558 http cache execa@https://registry.npmjs.org/execa/-/execa-5.1.1.tgz 0ms (cache hit)
4559 http cache graceful-fs@https://registry.npmjs.org/graceful-fs/-/graceful-fs-4.2.11.tgz 0ms (cache hit)
4560 http cache @react-native-community/cli-tools@https://registry.npmjs.org/@react-native-community/cli-tools/-/cli-tools-12.1.1.tgz 0ms (cache hit)
4561 http cache @react-native-community/cli-server-api@https://registry.npmjs.org/@react-native-community/cli-server-api/-/cli-server-api-12.1.1.tgz 0ms (cache hit)
4562 http cache @react-native-community/cli-types@https://registry.npmjs.org/@react-native-community/cli-types/-/cli-types-12.1.1.tgz 0ms (cache hit)
4563 http cache @react-native-community/cli-hermes@https://registry.npmjs.org/@react-native-community/cli-hermes/-/cli-hermes-12.1.1.tgz 0ms (cache hit)
4564 http cache @react-native-community/cli-doctor@https://registry.npmjs.org/@react-native-community/cli-doctor/-/cli-doctor-12.1.1.tgz 0ms (cache hit)
4565 http cache @react-native-community/cli-plugin-metro@https://registry.npmjs.org/@react-native-community/cli-plugin-metro/-/cli-plugin-metro-12.1.1.tgz 0ms (cache hit)
4566 http cache @react-native-community/cli-config@https://registry.npmjs.org/@react-native-community/cli-config/-/cli-config-12.1.1.tgz 0ms (cache hit)
4567 http cache @react-native-community/cli-clean@https://registry.npmjs.org/@react-native-community/cli-clean/-/cli-clean-12.1.1.tgz 0ms (cache hit)
4568 http cache @react-native-community/cli-debugger-ui@https://registry.npmjs.org/@react-native-community/cli-debugger-ui/-/cli-debugger-ui-12.1.1.tgz 0ms (cache hit)
4569 http cache @types/istanbul-reports@https://registry.npmjs.org/@types/istanbul-reports/-/istanbul-reports-3.0.4.tgz 0ms (cache hit)
4570 http cache @types/istanbul-lib-coverage@https://registry.npmjs.org/@types/istanbul-lib-coverage/-/istanbul-lib-coverage-2.0.6.tgz 0ms (cache hit)
4571 http cache @types/yargs@https://registry.npmjs.org/@types/yargs/-/yargs-17.0.33.tgz 0ms (cache hit)
4572 http cache esutils@https://registry.npmjs.org/esutils/-/esutils-2.0.3.tgz 0ms (cache hit)
4573 http cache @babel/preset-modules@https://registry.npmjs.org/@babel/preset-modules/-/preset-modules-0.1.6-no-external-plugins.tgz 0ms (cache hit)
4574 http cache @jest/types@https://registry.npmjs.org/@jest/types/-/types-29.6.3.tgz 0ms (cache hit)
4575 http cache @babel/plugin-transform-unicode-property-regex@https://registry.npmjs.org/@babel/plugin-transform-unicode-property-regex/-/plugin-transform-unicode-property-regex-7.27.1.tgz 0ms (cache hit)
4576 http cache @babel/plugin-transform-unicode-sets-regex@https://registry.npmjs.org/@babel/plugin-transform-unicode-sets-regex/-/plugin-transform-unicode-sets-regex-7.27.1.tgz 0ms (cache hit)
4577 http cache @babel/plugin-transform-unicode-escapes@https://registry.npmjs.org/@babel/plugin-transform-unicode-escapes/-/plugin-transform-unicode-escapes-7.27.1.tgz 0ms (cache hit)
4578 http cache @babel/plugin-transform-template-literals@https://registry.npmjs.org/@babel/plugin-transform-template-literals/-/plugin-transform-template-literals-7.27.1.tgz 0ms (cache hit)
4579 http cache @babel/plugin-transform-typeof-symbol@https://registry.npmjs.org/@babel/plugin-transform-typeof-symbol/-/plugin-transform-typeof-symbol-7.27.1.tgz 0ms (cache hit)
4580 http cache @babel/plugin-transform-regexp-modifiers@https://registry.npmjs.org/@babel/plugin-transform-regexp-modifiers/-/plugin-transform-regexp-modifiers-7.27.1.tgz 0ms (cache hit)
4581 http cache @babel/plugin-transform-property-literals@https://registry.npmjs.org/@babel/plugin-transform-property-literals/-/plugin-transform-property-literals-7.27.1.tgz 0ms (cache hit)
4582 http cache @babel/plugin-transform-reserved-words@https://registry.npmjs.org/@babel/plugin-transform-reserved-words/-/plugin-transform-reserved-words-7.27.1.tgz 0ms (cache hit)
4583 http cache @babel/plugin-transform-new-target@https://registry.npmjs.org/@babel/plugin-transform-new-target/-/plugin-transform-new-target-7.27.1.tgz 0ms (cache hit)
4584 http cache @babel/plugin-transform-modules-umd@https://registry.npmjs.org/@babel/plugin-transform-modules-umd/-/plugin-transform-modules-umd-7.27.1.tgz 0ms (cache hit)
4585 http cache @babel/plugin-transform-object-super@https://registry.npmjs.org/@babel/plugin-transform-object-super/-/plugin-transform-object-super-7.27.1.tgz 0ms (cache hit)
4586 http cache @babel/plugin-transform-modules-amd@https://registry.npmjs.org/@babel/plugin-transform-modules-amd/-/plugin-transform-modules-amd-7.27.1.tgz 0ms (cache hit)
4587 http cache @babel/plugin-transform-modules-systemjs@https://registry.npmjs.org/@babel/plugin-transform-modules-systemjs/-/plugin-transform-modules-systemjs-7.27.1.tgz 0ms (cache hit)
4588 http cache @babel/plugin-transform-member-expression-literals@https://registry.npmjs.org/@babel/plugin-transform-member-expression-literals/-/plugin-transform-member-expression-literals-7.27.1.tgz 0ms (cache hit)
4589 http cache @babel/plugin-transform-exponentiation-operator@https://registry.npmjs.org/@babel/plugin-transform-exponentiation-operator/-/plugin-transform-exponentiation-operator-7.27.1.tgz 0ms (cache hit)
4590 http cache @babel/plugin-transform-json-strings@https://registry.npmjs.org/@babel/plugin-transform-json-strings/-/plugin-transform-json-strings-7.27.1.tgz 1ms (cache hit)
4591 http cache @babel/plugin-transform-duplicate-keys@https://registry.npmjs.org/@babel/plugin-transform-duplicate-keys/-/plugin-transform-duplicate-keys-7.27.1.tgz 0ms (cache hit)
4592 http cache @babel/plugin-transform-duplicate-named-capturing-groups-regex@https://registry.npmjs.org/@babel/plugin-transform-duplicate-named-capturing-groups-regex/-/plugin-transform-duplicate-named-capturing-groups-regex-7.27.1.tgz 0ms (cache hit)
4593 http cache @babel/plugin-transform-dynamic-import@https://registry.npmjs.org/@babel/plugin-transform-dynamic-import/-/plugin-transform-dynamic-import-7.27.1.tgz 0ms (cache hit)
4594 http cache @babel/plugin-syntax-unicode-sets-regex@https://registry.npmjs.org/@babel/plugin-syntax-unicode-sets-regex/-/plugin-syntax-unicode-sets-regex-7.18.6.tgz 0ms (cache hit)
4595 http cache @babel/plugin-transform-dotall-regex@https://registry.npmjs.org/@babel/plugin-transform-dotall-regex/-/plugin-transform-dotall-regex-7.27.1.tgz 0ms (cache hit)
4596 http cache @babel/plugin-syntax-import-attributes@https://registry.npmjs.org/@babel/plugin-syntax-import-attributes/-/plugin-syntax-import-attributes-7.27.1.tgz 0ms (cache hit)
4597 http cache @babel/plugin-transform-block-scoped-functions@https://registry.npmjs.org/@babel/plugin-transform-block-scoped-functions/-/plugin-transform-block-scoped-functions-7.27.1.tgz 0ms (cache hit)
4598 http cache @babel/plugin-proposal-private-property-in-object@https://registry.npmjs.org/@babel/plugin-proposal-private-property-in-object/-/plugin-proposal-private-property-in-object-7.21.0-placeholder-for-preset-env.2.tgz 0ms (cache hit)
4599 http cache @babel/plugin-syntax-import-assertions@https://registry.npmjs.org/@babel/plugin-syntax-import-assertions/-/plugin-syntax-import-assertions-7.27.1.tgz 0ms (cache hit)
4600 http cache @babel/plugin-bugfix-v8-spread-parameters-in-optional-chaining@https://registry.npmjs.org/@babel/plugin-bugfix-v8-spread-parameters-in-optional-chaining/-/plugin-bugfix-v8-spread-parameters-in-optional-chaining-7.27.1.tgz 0ms (cache hit)
4601 http cache @babel/plugin-bugfix-v8-static-class-fields-redefine-readonly@https://registry.npmjs.org/@babel/plugin-bugfix-v8-static-class-fields-redefine-readonly/-/plugin-bugfix-v8-static-class-fields-redefine-readonly-7.27.1.tgz 0ms (cache hit)
4602 http cache @babel/plugin-bugfix-safari-class-field-initializer-scope@https://registry.npmjs.org/@babel/plugin-bugfix-safari-class-field-initializer-scope/-/plugin-bugfix-safari-class-field-initializer-scope-7.27.1.tgz 0ms (cache hit)
4603 http cache @babel/plugin-bugfix-safari-id-destructuring-collision-in-function-expression@https://registry.npmjs.org/@babel/plugin-bugfix-safari-id-destructuring-collision-in-function-expression/-/plugin-bugfix-safari-id-destructuring-collision-in-function-expression-7.27.1.tgz 0ms (cache hit)
4604 http cache whatwg-fetch@https://registry.npmjs.org/whatwg-fetch/-/whatwg-fetch-3.6.20.tgz 0ms (cache hit)
4605 http cache @babel/plugin-bugfix-firefox-class-in-computed-class-key@https://registry.npmjs.org/@babel/plugin-bugfix-firefox-class-in-computed-class-key/-/plugin-bugfix-firefox-class-in-computed-class-key-7.27.1.tgz 0ms (cache hit)
4606 http cache scheduler@https://registry.npmjs.org/scheduler/-/scheduler-0.24.0-canary-efb381bbf-20230505.tgz 0ms (cache hit)
4607 http cache regenerator-runtime@https://registry.npmjs.org/regenerator-runtime/-/regenerator-runtime-0.13.11.tgz 0ms (cache hit)
4608 http cache promise@https://registry.npmjs.org/promise/-/promise-8.3.0.tgz 0ms (cache hit)
4609 http cache react-shallow-renderer@https://registry.npmjs.org/react-shallow-renderer/-/react-shallow-renderer-16.15.0.tgz 0ms (cache hit)
4610 http cache react-devtools-core@https://registry.npmjs.org/react-devtools-core/-/react-devtools-core-4.28.5.tgz 0ms (cache hit)
4611 http cache metro-source-map@https://registry.npmjs.org/metro-source-map/-/metro-source-map-0.80.12.tgz 0ms (cache hit)
4612 http cache jsc-android@https://registry.npmjs.org/jsc-android/-/jsc-android-250231.0.0.tgz 0ms (cache hit)
4613 http cache memoize-one@https://registry.npmjs.org/memoize-one/-/memoize-one-5.2.1.tgz 0ms (cache hit)
4614 http cache metro-runtime@https://registry.npmjs.org/metro-runtime/-/metro-runtime-0.80.12.tgz 0ms (cache hit)
4615 http cache jest-environment-node@https://registry.npmjs.org/jest-environment-node/-/jest-environment-node-29.7.0.tgz 0ms (cache hit)
4616 http cache event-target-shim@https://registry.npmjs.org/event-target-shim/-/event-target-shim-5.0.1.tgz 0ms (cache hit)
4617 http cache deprecated-react-native-prop-types@https://registry.npmjs.org/deprecated-react-native-prop-types/-/deprecated-react-native-prop-types-5.0.0.tgz 0ms (cache hit)
4618 http cache @babel/plugin-transform-class-static-block@https://registry.npmjs.org/@babel/plugin-transform-class-static-block/-/plugin-transform-class-static-block-7.27.1.tgz 0ms (cache hit)
4619 http cache ansi-regex@https://registry.npmjs.org/ansi-regex/-/ansi-regex-5.0.1.tgz 0ms (cache hit)
4620 http cache anser@https://registry.npmjs.org/anser/-/anser-1.4.10.tgz 0ms (cache hit)
4621 http cache abort-controller@https://registry.npmjs.org/abort-controller/-/abort-controller-3.0.0.tgz 1ms (cache hit)
4622 http cache @react-native/virtualized-lists@https://registry.npmjs.org/@react-native/virtualized-lists/-/virtualized-lists-0.73.4.tgz 0ms (cache hit)
4623 http cache @react-native/gradle-plugin@https://registry.npmjs.org/@react-native/gradle-plugin/-/gradle-plugin-0.73.5.tgz 0ms (cache hit)
4624 http cache @react-native/js-polyfills@https://registry.npmjs.org/@react-native/js-polyfills/-/js-polyfills-0.73.1.tgz 0ms (cache hit)
4625 http cache @react-native/community-cli-plugin@https://registry.npmjs.org/@react-native/community-cli-plugin/-/community-cli-plugin-0.73.18.tgz 0ms (cache hit)
4626 http cache @react-native-community/cli-platform-ios@https://registry.npmjs.org/@react-native-community/cli-platform-ios/-/cli-platform-ios-12.1.1.tgz 0ms (cache hit)
4627 http cache @react-native/assets-registry@https://registry.npmjs.org/@react-native/assets-registry/-/assets-registry-0.73.1.tgz 0ms (cache hit)
4628 http cache @react-native-community/cli-platform-android@https://registry.npmjs.org/@react-native-community/cli-platform-android/-/cli-platform-android-12.1.1.tgz 0ms (cache hit)
4629 http cache flow-enums-runtime@https://registry.npmjs.org/flow-enums-runtime/-/flow-enums-runtime-0.0.6.tgz 0ms (cache hit)
4630 http cache @jest/create-cache-key-function@https://registry.npmjs.org/@jest/create-cache-key-function/-/create-cache-key-function-29.7.0.tgz 0ms (cache hit)
4631 http cache @react-native-community/cli@https://registry.npmjs.org/@react-native-community/cli/-/cli-12.1.1.tgz 0ms (cache hit)
4632 http cache filter-obj@https://registry.npmjs.org/filter-obj/-/filter-obj-1.1.0.tgz 0ms (cache hit)
4633 http cache @babel/preset-env@https://registry.npmjs.org/@babel/preset-env/-/preset-env-7.27.1.tgz 0ms (cache hit)
4634 http cache split-on-first@https://registry.npmjs.org/split-on-first/-/split-on-first-1.1.0.tgz 0ms (cache hit)
4635 http cache decode-uri-component@https://registry.npmjs.org/decode-uri-component/-/decode-uri-component-0.2.2.tgz 0ms (cache hit)
4636 http cache strict-uri-encode@https://registry.npmjs.org/strict-uri-encode/-/strict-uri-encode-2.0.0.tgz 0ms (cache hit)
4637 http cache sisteransi@https://registry.npmjs.org/sisteransi/-/sisteransi-1.0.5.tgz 0ms (cache hit)
4638 http cache kleur@https://registry.npmjs.org/kleur/-/kleur-3.0.3.tgz 0ms (cache hit)
4639 http cache source-map-js@https://registry.npmjs.org/source-map-js/-/source-map-js-1.2.1.tgz 0ms (cache hit)
4640 http cache pngjs@https://registry.npmjs.org/pngjs/-/pngjs-3.4.0.tgz 0ms (cache hit)
4641 http cache @jest/schemas@https://registry.npmjs.org/@jest/schemas/-/schemas-29.6.3.tgz 0ms (cache hit)
4642 http cache @sinclair/typebox@https://registry.npmjs.org/@sinclair/typebox/-/typebox-0.27.8.tgz 0ms (cache hit)
4643 http cache yocto-queue@https://registry.npmjs.org/yocto-queue/-/yocto-queue-0.1.0.tgz 0ms (cache hit)
4644 http cache restore-cursor@https://registry.npmjs.org/restore-cursor/-/restore-cursor-2.0.0.tgz 0ms (cache hit)
4645 http cache log-symbols@https://registry.npmjs.org/log-symbols/-/log-symbols-2.2.0.tgz 0ms (cache hit)
4646 http cache cli-cursor@https://registry.npmjs.org/cli-cursor/-/cli-cursor-2.1.0.tgz 0ms (cache hit)
4647 http cache ee-first@https://registry.npmjs.org/ee-first/-/ee-first-1.1.1.tgz 0ms (cache hit)
4648 http cache validate-npm-package-name@https://registry.npmjs.org/validate-npm-package-name/-/validate-npm-package-name-5.0.1.tgz 0ms (cache hit)
4649 http cache proc-log@https://registry.npmjs.org/proc-log/-/proc-log-4.2.0.tgz 0ms (cache hit)
4650 http cache hosted-git-info@https://registry.npmjs.org/hosted-git-info/-/hosted-git-info-7.0.2.tgz 0ms (cache hit)
4651 http cache balanced-match@https://registry.npmjs.org/balanced-match/-/balanced-match-1.0.2.tgz 0ms (cache hit)
4652 http cache cli-spinners@https://registry.npmjs.org/cli-spinners/-/cli-spinners-2.9.2.tgz 0ms (cache hit)
4653 http cache brace-expansion@https://registry.npmjs.org/brace-expansion/-/brace-expansion-2.0.1.tgz 0ms (cache hit)
4654 http cache is-plain-obj@https://registry.npmjs.org/is-plain-obj/-/is-plain-obj-2.1.0.tgz 0ms (cache hit)
4655 http cache p-locate@https://registry.npmjs.org/p-locate/-/p-locate-5.0.0.tgz 0ms (cache hit)
4656 http cache detect-libc@https://registry.npmjs.org/detect-libc/-/detect-libc-1.0.3.tgz 0ms (cache hit)
4657 http cache yallist@https://registry.npmjs.org/yallist/-/yallist-3.1.1.tgz 0ms (cache hit)
4658 http cache marky@https://registry.npmjs.org/marky/-/marky-1.3.0.tgz 0ms (cache hit)
4659 http cache argparse@https://registry.npmjs.org/argparse/-/argparse-2.0.1.tgz 0ms (cache hit)
4660 http cache strip-ansi-cjs@https://registry.npmjs.org/strip-ansi/-/strip-ansi-6.0.1.tgz 0ms (cache hit)
4661 http cache wrap-ansi-cjs@https://registry.npmjs.org/wrap-ansi/-/wrap-ansi-7.0.0.tgz 0ms (cache hit)
4662 http cache strip-ansi@https://registry.npmjs.org/strip-ansi/-/strip-ansi-7.1.0.tgz 0ms (cache hit)
4663 http cache string-width-cjs@https://registry.npmjs.org/string-width/-/string-width-4.2.3.tgz 0ms (cache hit)
4664 http cache @pkgjs/parseargs@https://registry.npmjs.org/@pkgjs/parseargs/-/parseargs-0.11.0.tgz 0ms (cache hit)
4665 http cache @isaacs/cliui@https://registry.npmjs.org/@isaacs/cliui/-/cliui-8.0.2.tgz 0ms (cache hit)
4666 http cache string-width@https://registry.npmjs.org/string-width/-/string-width-5.1.2.tgz 0ms (cache hit)
4667 http cache is-docker@https://registry.npmjs.org/is-docker/-/is-docker-2.2.1.tgz 0ms (cache hit)
4668 http cache loose-envify@https://registry.npmjs.org/loose-envify/-/loose-envify-1.4.0.tgz 0ms (cache hit)
4669 http cache signal-exit@https://registry.npmjs.org/signal-exit/-/signal-exit-4.1.0.tgz 0ms (cache hit)
4670 http cache path-scurry@https://registry.npmjs.org/path-scurry/-/path-scurry-1.11.1.tgz 0ms (cache hit)
4671 http cache hermes-estree@https://registry.npmjs.org/hermes-estree/-/hermes-estree-0.25.1.tgz 0ms (cache hit)
4672 http cache package-json-from-dist@https://registry.npmjs.org/package-json-from-dist/-/package-json-from-dist-1.0.1.tgz 0ms (cache hit)
4673 http cache minipass@https://registry.npmjs.org/minipass/-/minipass-7.1.2.tgz 0ms (cache hit)
4674 http cache foreground-child@https://registry.npmjs.org/foreground-child/-/foreground-child-3.3.1.tgz 0ms (cache hit)
4675 http cache path-exists@https://registry.npmjs.org/path-exists/-/path-exists-4.0.0.tgz 0ms (cache hit)
4676 http cache jackspeak@https://registry.npmjs.org/jackspeak/-/jackspeak-3.4.3.tgz 0ms (cache hit)
4677 http cache locate-path@https://registry.npmjs.org/locate-path/-/locate-path-6.0.0.tgz 0ms (cache hit)
4678 http cache unpipe@https://registry.npmjs.org/unpipe/-/unpipe-1.0.0.tgz 0ms (cache hit)
4679 http cache on-finished@https://registry.npmjs.org/on-finished/-/on-finished-2.3.0.tgz 0ms (cache hit)
4680 http cache escape-html@https://registry.npmjs.org/escape-html/-/escape-html-1.0.3.tgz 0ms (cache hit)
4681 http cache statuses@https://registry.npmjs.org/statuses/-/statuses-1.5.0.tgz 0ms (cache hit)
4682 http cache encodeurl@https://registry.npmjs.org/encodeurl/-/encodeurl-1.0.2.tgz 0ms (cache hit)
4683 http cache wcwidth@https://registry.npmjs.org/wcwidth/-/wcwidth-1.0.1.tgz 0ms (cache hit)
4684 http cache commander@https://registry.npmjs.org/commander/-/commander-7.2.0.tgz 0ms (cache hit)
4685 http cache ms@https://registry.npmjs.org/ms/-/ms-2.1.3.tgz 0ms (cache hit)
4686 http cache fontfaceobserver@https://registry.npmjs.org/fontfaceobserver/-/fontfaceobserver-2.3.0.tgz 0ms (cache hit)
4687 http cache shebang-command@https://registry.npmjs.org/shebang-command/-/shebang-command-2.0.0.tgz 0ms (cache hit)
4688 http cache path-key@https://registry.npmjs.org/path-key/-/path-key-3.1.1.tgz 0ms (cache hit)
4689 http cache which@https://registry.npmjs.org/which/-/which-2.0.2.tgz 0ms (cache hit)
4690 http cache parseurl@https://registry.npmjs.org/parseurl/-/parseurl-1.3.3.tgz 0ms (cache hit)
4691 http cache finalhandler@https://registry.npmjs.org/finalhandler/-/finalhandler-1.1.2.tgz 0ms (cache hit)
4692 http cache utils-merge@https://registry.npmjs.org/utils-merge/-/utils-merge-1.0.1.tgz 0ms (cache hit)
4693 http cache vary@https://registry.npmjs.org/vary/-/vary-1.1.2.tgz 0ms (cache hit)
4694 http cache safe-buffer@https://registry.npmjs.org/safe-buffer/-/safe-buffer-5.2.1.tgz 0ms (cache hit)
4695 http cache mime-db@https://registry.npmjs.org/mime-db/-/mime-db-1.54.0.tgz 0ms (cache hit)
4696 http cache compressible@https://registry.npmjs.org/compressible/-/compressible-2.0.18.tgz 0ms (cache hit)
4697 http cache on-headers@https://registry.npmjs.org/on-headers/-/on-headers-1.0.2.tgz 0ms (cache hit)
4698 http cache bytes@https://registry.npmjs.org/bytes/-/bytes-3.1.2.tgz 0ms (cache hit)
4699 http cache rimraf@https://registry.npmjs.org/rimraf/-/rimraf-3.0.2.tgz 0ms (cache hit)
4700 http cache color-name@https://registry.npmjs.org/color-name/-/color-name-1.1.4.tgz 0ms (cache hit)
4701 http cache undici-types@https://registry.npmjs.org/undici-types/-/undici-types-6.21.0.tgz 0ms (cache hit)
4702 http cache lighthouse-logger@https://registry.npmjs.org/lighthouse-logger/-/lighthouse-logger-1.4.2.tgz 0ms (cache hit)
4703 http cache mkdirp@https://registry.npmjs.org/mkdirp/-/mkdirp-1.0.4.tgz 0ms (cache hit)
4704 http cache @types/node@https://registry.npmjs.org/@types/node/-/node-22.15.3.tgz 0ms (cache hit)
4705 http cache color-convert@https://registry.npmjs.org/color-convert/-/color-convert-2.0.1.tgz 0ms (cache hit)
4706 http cache is-wsl@https://registry.npmjs.org/is-wsl/-/is-wsl-2.2.0.tgz 0ms (cache hit)
4707 http cache ansi-styles@https://registry.npmjs.org/ansi-styles/-/ansi-styles-4.3.0.tgz 0ms (cache hit)
4708 http cache update-browserslist-db@https://registry.npmjs.org/update-browserslist-db/-/update-browserslist-db-1.1.3.tgz 0ms (cache hit)
4709 http cache supports-color@https://registry.npmjs.org/supports-color/-/supports-color-7.2.0.tgz 0ms (cache hit)
4710 http cache node-releases@https://registry.npmjs.org/node-releases/-/node-releases-2.0.19.tgz 0ms (cache hit)
4711 http cache caniuse-lite@https://registry.npmjs.org/caniuse-lite/-/caniuse-lite-1.0.30001716.tgz 0ms (cache hit)
4712 http cache electron-to-chromium@https://registry.npmjs.org/electron-to-chromium/-/electron-to-chromium-1.5.149.tgz 0ms (cache hit)
4713 http cache stream-buffers@https://registry.npmjs.org/stream-buffers/-/stream-buffers-2.2.0.tgz 0ms (cache hit)
4714 http cache big-integer@https://registry.npmjs.org/big-integer/-/big-integer-1.6.52.tgz 0ms (cache hit)
4715 http cache core-js-compat@https://registry.npmjs.org/core-js-compat/-/core-js-compat-3.42.0.tgz 0ms (cache hit)
4716 http cache @babel/helper-define-polyfill-provider@https://registry.npmjs.org/@babel/helper-define-polyfill-provider/-/helper-define-polyfill-provider-0.6.4.tgz 0ms (cache hit)
4717 http cache lodash.debounce@https://registry.npmjs.org/lodash.debounce/-/lodash.debounce-4.0.8.tgz 0ms (cache hit)
4718 http cache hermes-parser@https://registry.npmjs.org/hermes-parser/-/hermes-parser-0.25.1.tgz 0ms (cache hit)
4719 http cache yargs@https://registry.npmjs.org/yargs/-/yargs-17.7.2.tgz 0ms (cache hit)
4720 http cache @react-native/codegen@https://registry.npmjs.org/@react-native/codegen/-/codegen-0.79.2.tgz 0ms (cache hit)
4721 http cache @babel/helper-create-regexp-features-plugin@https://registry.npmjs.org/@babel/helper-create-regexp-features-plugin/-/helper-create-regexp-features-plugin-7.27.1.tgz 0ms (cache hit)
4722 http cache regexpu-core@https://registry.npmjs.org/regexpu-core/-/regexpu-core-6.2.0.tgz 0ms (cache hit)
4723 http cache @babel/helper-wrap-function@https://registry.npmjs.org/@babel/helper-wrap-function/-/helper-wrap-function-7.27.1.tgz 0ms (cache hit)
4724 http cache @react-native/babel-plugin-codegen@https://registry.npmjs.org/@react-native/babel-plugin-codegen/-/babel-plugin-codegen-0.79.2.tgz 0ms (cache hit)
4725 http cache @babel/helper-remap-async-to-generator@https://registry.npmjs.org/@babel/helper-remap-async-to-generator/-/helper-remap-async-to-generator-7.27.1.tgz 0ms (cache hit)
4726 http cache @babel/plugin-transform-sticky-regex@https://registry.npmjs.org/@babel/plugin-transform-sticky-regex/-/plugin-transform-sticky-regex-7.27.1.tgz 0ms (cache hit)
4727 http cache @babel/plugin-transform-spread@https://registry.npmjs.org/@babel/plugin-transform-spread/-/plugin-transform-spread-7.27.1.tgz 0ms (cache hit)
4728 http cache @babel/plugin-transform-unicode-regex@https://registry.npmjs.org/@babel/plugin-transform-unicode-regex/-/plugin-transform-unicode-regex-7.27.1.tgz 0ms (cache hit)
4729 http cache @babel/plugin-transform-regenerator@https://registry.npmjs.org/@babel/plugin-transform-regenerator/-/plugin-transform-regenerator-7.27.1.tgz 0ms (cache hit)
4730 http cache @babel/plugin-transform-react-jsx-source@https://registry.npmjs.org/@babel/plugin-transform-react-jsx-source/-/plugin-transform-react-jsx-source-7.27.1.tgz 0ms (cache hit)
4731 http cache @babel/plugin-transform-shorthand-properties@https://registry.npmjs.org/@babel/plugin-transform-shorthand-properties/-/plugin-transform-shorthand-properties-7.27.1.tgz 0ms (cache hit)
4732 http cache @babel/plugin-transform-optional-chaining@https://registry.npmjs.org/@babel/plugin-transform-optional-chaining/-/plugin-transform-optional-chaining-7.27.1.tgz 0ms (cache hit)
4733 http cache @babel/plugin-transform-optional-catch-binding@https://registry.npmjs.org/@babel/plugin-transform-optional-catch-binding/-/plugin-transform-optional-catch-binding-7.27.1.tgz 0ms (cache hit)
4734 http cache @babel/plugin-transform-react-jsx-self@https://registry.npmjs.org/@babel/plugin-transform-react-jsx-self/-/plugin-transform-react-jsx-self-7.27.1.tgz 0ms (cache hit)
4735 http cache @babel/plugin-transform-nullish-coalescing-operator@https://registry.npmjs.org/@babel/plugin-transform-nullish-coalescing-operator/-/plugin-transform-nullish-coalescing-operator-7.27.1.tgz 0ms (cache hit)
4736 http cache @babel/plugin-transform-named-capturing-groups-regex@https://registry.npmjs.org/@babel/plugin-transform-named-capturing-groups-regex/-/plugin-transform-named-capturing-groups-regex-7.27.1.tgz 0ms (cache hit)
4737 http cache @babel/plugin-transform-numeric-separator@https://registry.npmjs.org/@babel/plugin-transform-numeric-separator/-/plugin-transform-numeric-separator-7.27.1.tgz 0ms (cache hit)
4738 http cache @babel/plugin-transform-literals@https://registry.npmjs.org/@babel/plugin-transform-literals/-/plugin-transform-literals-7.27.1.tgz 0ms (cache hit)
4739 http cache @babel/plugin-transform-logical-assignment-operators@https://registry.npmjs.org/@babel/plugin-transform-logical-assignment-operators/-/plugin-transform-logical-assignment-operators-7.27.1.tgz 0ms (cache hit)
4740 http cache @babel/plugin-transform-function-name@https://registry.npmjs.org/@babel/plugin-transform-function-name/-/plugin-transform-function-name-7.27.1.tgz 0ms (cache hit)
4741 http cache @babel/plugin-transform-for-of@https://registry.npmjs.org/@babel/plugin-transform-for-of/-/plugin-transform-for-of-7.27.1.tgz 0ms (cache hit)
4742 http cache @babel/plugin-transform-destructuring@https://registry.npmjs.org/@babel/plugin-transform-destructuring/-/plugin-transform-destructuring-7.27.1.tgz 0ms (cache hit)
4743 http cache @babel/plugin-transform-classes@https://registry.npmjs.org/@babel/plugin-transform-classes/-/plugin-transform-classes-7.27.1.tgz 0ms (cache hit)
4744 http cache @babel/plugin-transform-computed-properties@https://registry.npmjs.org/@babel/plugin-transform-computed-properties/-/plugin-transform-computed-properties-7.27.1.tgz 0ms (cache hit)
4745 http cache @babel/plugin-transform-async-to-generator@https://registry.npmjs.org/@babel/plugin-transform-async-to-generator/-/plugin-transform-async-to-generator-7.27.1.tgz 0ms (cache hit)
4746 http cache @babel/plugin-transform-block-scoping@https://registry.npmjs.org/@babel/plugin-transform-block-scoping/-/plugin-transform-block-scoping-7.27.1.tgz 0ms (cache hit)
4747 http cache @babel/plugin-transform-class-properties@https://registry.npmjs.org/@babel/plugin-transform-class-properties/-/plugin-transform-class-properties-7.27.1.tgz 0ms (cache hit)
4748 http cache @babel/plugin-transform-arrow-functions@https://registry.npmjs.org/@babel/plugin-transform-arrow-functions/-/plugin-transform-arrow-functions-7.27.1.tgz 0ms (cache hit)
4749 http cache @babel/plugin-syntax-optional-chaining@https://registry.npmjs.org/@babel/plugin-syntax-optional-chaining/-/plugin-syntax-optional-chaining-7.8.3.tgz 0ms (cache hit)
4750 http cache @babel/plugin-transform-async-generator-functions@https://registry.npmjs.org/@babel/plugin-transform-async-generator-functions/-/plugin-transform-async-generator-functions-7.27.1.tgz 0ms (cache hit)
4751 http cache @babel/plugin-syntax-nullish-coalescing-operator@https://registry.npmjs.org/@babel/plugin-syntax-nullish-coalescing-operator/-/plugin-syntax-nullish-coalescing-operator-7.8.3.tgz 0ms (cache hit)
4752 http cache @babel/plugin-syntax-typescript@https://registry.npmjs.org/@babel/plugin-syntax-typescript/-/plugin-syntax-typescript-7.27.1.tgz 0ms (cache hit)
4753 http cache @babel/plugin-syntax-dynamic-import@https://registry.npmjs.org/@babel/plugin-syntax-dynamic-import/-/plugin-syntax-dynamic-import-7.8.3.tgz 0ms (cache hit)
4754 http cache @babel/plugin-transform-react-pure-annotations@https://registry.npmjs.org/@babel/plugin-transform-react-pure-annotations/-/plugin-transform-react-pure-annotations-7.27.1.tgz 0ms (cache hit)
4755 http cache @babel/plugin-syntax-jsx@https://registry.npmjs.org/@babel/plugin-syntax-jsx/-/plugin-syntax-jsx-7.27.1.tgz 0ms (cache hit)
4756 http cache @babel/plugin-transform-typescript@https://registry.npmjs.org/@babel/plugin-transform-typescript/-/plugin-transform-typescript-7.27.1.tgz 0ms (cache hit)
4757 http cache @babel/plugin-transform-react-jsx@https://registry.npmjs.org/@babel/plugin-transform-react-jsx/-/plugin-transform-react-jsx-7.27.1.tgz 0ms (cache hit)
4758 http cache @babel/plugin-transform-react-display-name@https://registry.npmjs.org/@babel/plugin-transform-react-display-name/-/plugin-transform-react-display-name-7.27.1.tgz 0ms (cache hit)
4759 http cache @babel/plugin-transform-react-jsx-development@https://registry.npmjs.org/@babel/plugin-transform-react-jsx-development/-/plugin-transform-react-jsx-development-7.27.1.tgz 0ms (cache hit)
4760 http cache babel-plugin-polyfill-corejs3@https://registry.npmjs.org/babel-plugin-polyfill-corejs3/-/babel-plugin-polyfill-corejs3-0.11.1.tgz 0ms (cache hit)
4761 http cache babel-plugin-polyfill-corejs2@https://registry.npmjs.org/babel-plugin-polyfill-corejs2/-/babel-plugin-polyfill-corejs2-0.4.13.tgz 0ms (cache hit)
4762 http cache babel-plugin-polyfill-regenerator@https://registry.npmjs.org/babel-plugin-polyfill-regenerator/-/babel-plugin-polyfill-regenerator-0.6.4.tgz 0ms (cache hit)
4763 http cache @babel/helper-replace-supers@https://registry.npmjs.org/@babel/helper-replace-supers/-/helper-replace-supers-7.27.1.tgz 6ms (cache hit)
4764 http cache @babel/helper-skip-transparent-expression-wrappers@https://registry.npmjs.org/@babel/helper-skip-transparent-expression-wrappers/-/helper-skip-transparent-expression-wrappers-7.27.1.tgz 0ms (cache hit)
4765 http cache @babel/plugin-syntax-flow@https://registry.npmjs.org/@babel/plugin-syntax-flow/-/plugin-syntax-flow-7.27.1.tgz 0ms (cache hit)
4766 http cache @babel/helper-optimise-call-expression@https://registry.npmjs.org/@babel/helper-optimise-call-expression/-/helper-optimise-call-expression-7.27.1.tgz 0ms (cache hit)
4767 http cache @babel/helper-member-expression-to-functions@https://registry.npmjs.org/@babel/helper-member-expression-to-functions/-/helper-member-expression-to-functions-7.27.1.tgz 0ms (cache hit)
4768 http cache @babel/helper-annotate-as-pure@https://registry.npmjs.org/@babel/helper-annotate-as-pure/-/helper-annotate-as-pure-7.27.1.tgz 1ms (cache hit)
4769 http cache @babel/helper-create-class-features-plugin@https://registry.npmjs.org/@babel/helper-create-class-features-plugin/-/helper-create-class-features-plugin-7.27.1.tgz 0ms (cache hit)
4770 http cache @babel/plugin-syntax-decorators@https://registry.npmjs.org/@babel/plugin-syntax-decorators/-/plugin-syntax-decorators-7.27.1.tgz 0ms (cache hit)
4771 http cache react-refresh@https://registry.npmjs.org/react-refresh/-/react-refresh-0.14.2.tgz 0ms (cache hit)
4772 http cache @babel/helper-plugin-utils@https://registry.npmjs.org/@babel/helper-plugin-utils/-/helper-plugin-utils-7.27.1.tgz 0ms (cache hit)
4773 http cache babel-plugin-transform-flow-enums@https://registry.npmjs.org/babel-plugin-transform-flow-enums/-/babel-plugin-transform-flow-enums-0.0.2.tgz 0ms (cache hit)
4774 http cache babel-plugin-react-native-web@https://registry.npmjs.org/babel-plugin-react-native-web/-/babel-plugin-react-native-web-0.19.13.tgz 0ms (cache hit)
4775 http cache babel-plugin-syntax-hermes-parser@https://registry.npmjs.org/babel-plugin-syntax-hermes-parser/-/babel-plugin-syntax-hermes-parser-0.25.1.tgz 0ms (cache hit)
4776 http cache @babel/preset-typescript@https://registry.npmjs.org/@babel/preset-typescript/-/preset-typescript-7.27.1.tgz 0ms (cache hit)
4777 http cache @babel/preset-react@https://registry.npmjs.org/@babel/preset-react/-/preset-react-7.27.1.tgz 0ms (cache hit)
4778 http cache @react-native/babel-preset@https://registry.npmjs.org/@react-native/babel-preset/-/babel-preset-0.79.2.tgz 0ms (cache hit)
4779 http cache @babel/plugin-transform-private-property-in-object@https://registry.npmjs.org/@babel/plugin-transform-private-property-in-object/-/plugin-transform-private-property-in-object-7.27.1.tgz 0ms (cache hit)
4780 http cache @babel/plugin-transform-private-methods@https://registry.npmjs.org/@babel/plugin-transform-private-methods/-/plugin-transform-private-methods-7.27.1.tgz 0ms (cache hit)
4781 http cache @babel/plugin-transform-runtime@https://registry.npmjs.org/@babel/plugin-transform-runtime/-/plugin-transform-runtime-7.27.1.tgz 0ms (cache hit)
4782 http cache @babel/plugin-transform-object-rest-spread@https://registry.npmjs.org/@babel/plugin-transform-object-rest-spread/-/plugin-transform-object-rest-spread-7.27.1.tgz 0ms (cache hit)
4783 http cache @babel/plugin-transform-modules-commonjs@https://registry.npmjs.org/@babel/plugin-transform-modules-commonjs/-/plugin-transform-modules-commonjs-7.27.1.tgz 0ms (cache hit)
4784 http cache @babel/plugin-transform-parameters@https://registry.npmjs.org/@babel/plugin-transform-parameters/-/plugin-transform-parameters-7.27.1.tgz 0ms (cache hit)
4785 http cache @babel/plugin-transform-export-namespace-from@https://registry.npmjs.org/@babel/plugin-transform-export-namespace-from/-/plugin-transform-export-namespace-from-7.27.1.tgz 0ms (cache hit)
4786 http cache @babel/plugin-syntax-export-default-from@https://registry.npmjs.org/@babel/plugin-syntax-export-default-from/-/plugin-syntax-export-default-from-7.27.1.tgz 0ms (cache hit)
4787 http cache @babel/plugin-transform-flow-strip-types@https://registry.npmjs.org/@babel/plugin-transform-flow-strip-types/-/plugin-transform-flow-strip-types-7.27.1.tgz 0ms (cache hit)
4788 http cache @babel/plugin-proposal-decorators@https://registry.npmjs.org/@babel/plugin-proposal-decorators/-/plugin-proposal-decorators-7.27.1.tgz 0ms (cache hit)
4789 http cache negotiator@https://registry.npmjs.org/negotiator/-/negotiator-0.6.3.tgz 0ms (cache hit)
4790 http cache @babel/plugin-proposal-export-default-from@https://registry.npmjs.org/@babel/plugin-proposal-export-default-from/-/plugin-proposal-export-default-from-7.27.1.tgz 0ms (cache hit)
4791 http cache serve-static@https://registry.npmjs.org/serve-static/-/serve-static-1.16.2.tgz 0ms (cache hit)
4792 http cache mime-types@https://registry.npmjs.org/mime-types/-/mime-types-2.1.35.tgz 0ms (cache hit)
4793 http cache wonka@https://registry.npmjs.org/wonka/-/wonka-6.3.5.tgz 0ms (cache hit)
4794 http cache chromium-edge-launcher@https://registry.npmjs.org/chromium-edge-launcher/-/chromium-edge-launcher-0.2.0.tgz 0ms (cache hit)
4795 http cache open@https://registry.npmjs.org/open/-/open-7.4.2.tgz 0ms (cache hit)
4796 http cache @react-native/debugger-frontend@https://registry.npmjs.org/@react-native/debugger-frontend/-/debugger-frontend-0.79.2.tgz 0ms (cache hit)
4797 http cache chrome-launcher@https://registry.npmjs.org/chrome-launcher/-/chrome-launcher-0.15.2.tgz 0ms (cache hit)
4798 http cache @isaacs/ttlcache@https://registry.npmjs.org/@isaacs/ttlcache/-/ttlcache-1.4.1.tgz 0ms (cache hit)
4799 http cache @jridgewell/sourcemap-codec@https://registry.npmjs.org/@jridgewell/sourcemap-codec/-/sourcemap-codec-1.5.0.tgz 0ms (cache hit)
4800 http cache js-yaml@https://registry.npmjs.org/js-yaml/-/js-yaml-4.1.0.tgz 0ms (cache hit)
4801 http cache cross-spawn@https://registry.npmjs.org/cross-spawn/-/cross-spawn-7.0.6.tgz 0ms (cache hit)
4802 http cache @jridgewell/resolve-uri@https://registry.npmjs.org/@jridgewell/resolve-uri/-/resolve-uri-3.1.2.tgz 0ms (cache hit)
4803 http cache @jridgewell/set-array@https://registry.npmjs.org/@jridgewell/set-array/-/set-array-1.2.1.tgz 0ms (cache hit)
4804 http cache @react-native/normalize-colors@https://registry.npmjs.org/@react-native/normalize-colors/-/normalize-colors-0.79.2.tgz 0ms (cache hit)
4805 http cache xmlbuilder@https://registry.npmjs.org/xmlbuilder/-/xmlbuilder-15.1.1.tgz 0ms (cache hit)
4806 http cache base64-js@https://registry.npmjs.org/base64-js/-/base64-js-1.5.1.tgz 0ms (cache hit)
4807 http cache @babel/helper-string-parser@https://registry.npmjs.org/@babel/helper-string-parser/-/helper-string-parser-7.27.1.tgz 0ms (cache hit)
4808 http cache @xmldom/xmldom@https://registry.npmjs.org/@xmldom/xmldom/-/xmldom-0.8.10.tgz 0ms (cache hit)
4809 http cache exec-async@https://registry.npmjs.org/exec-async/-/exec-async-2.2.0.tgz 0ms (cache hit)
4810 http cache @babel/helper-module-imports@https://registry.npmjs.org/@babel/helper-module-imports/-/helper-module-imports-7.27.1.tgz 0ms (cache hit)
4811 http cache browserslist@https://registry.npmjs.org/browserslist/-/browserslist-4.24.5.tgz 0ms (cache hit)
4812 http cache @babel/helper-validator-option@https://registry.npmjs.org/@babel/helper-validator-option/-/helper-validator-option-7.27.1.tgz 0ms (cache hit)
4813 http cache lru-cache@https://registry.npmjs.org/lru-cache/-/lru-cache-5.1.1.tgz 0ms (cache hit)
4814 http cache @babel/compat-data@https://registry.npmjs.org/@babel/compat-data/-/compat-data-7.27.1.tgz 0ms (cache hit)
4815 http cache jsesc@https://registry.npmjs.org/jsesc/-/jsesc-3.1.0.tgz 0ms (cache hit)
4816 http cache @jridgewell/gen-mapping@https://registry.npmjs.org/@jridgewell/gen-mapping/-/gen-mapping-0.3.8.tgz 0ms (cache hit)
4817 http cache gensync@https://registry.npmjs.org/gensync/-/gensync-1.0.0-beta.2.tgz 0ms (cache hit)
4818 http cache @jridgewell/trace-mapping@https://registry.npmjs.org/@jridgewell/trace-mapping/-/trace-mapping-0.3.25.tgz 0ms (cache hit)
4819 http cache convert-source-map@https://registry.npmjs.org/convert-source-map/-/convert-source-map-2.0.0.tgz 0ms (cache hit)
4820 http cache @babel/traverse@https://registry.npmjs.org/@babel/traverse/-/traverse-7.27.1.tgz 0ms (cache hit)
4821 http cache @babel/template@https://registry.npmjs.org/@babel/template/-/template-7.27.1.tgz 0ms (cache hit)
4822 http cache @babel/helpers@https://registry.npmjs.org/@babel/helpers/-/helpers-7.27.1.tgz 0ms (cache hit)
4823 http cache @babel/helper-module-transforms@https://registry.npmjs.org/@babel/helper-module-transforms/-/helper-module-transforms-7.27.1.tgz 0ms (cache hit)
4824 http cache globals@https://registry.npmjs.org/globals/-/globals-11.12.0.tgz 0ms (cache hit)
4825 http cache postcss@https://registry.npmjs.org/postcss/-/postcss-8.4.49.tgz 0ms (cache hit)
4826 http cache @ampproject/remapping@https://registry.npmjs.org/@ampproject/remapping/-/remapping-2.3.0.tgz 0ms (cache hit)
4827 http cache @babel/helper-compilation-targets@https://registry.npmjs.org/@babel/helper-compilation-targets/-/helper-compilation-targets-7.27.1.tgz 0ms (cache hit)
4828 http cache jsc-safe-url@https://registry.npmjs.org/jsc-safe-url/-/jsc-safe-url-0.2.4.tgz 0ms (cache hit)
4829 http cache @babel/types@https://registry.npmjs.org/@babel/types/-/types-7.27.1.tgz 0ms (cache hit)
4830 http cache lightningcss@https://registry.npmjs.org/lightningcss/-/lightningcss-1.27.0.tgz 0ms (cache hit)
4831 http cache @babel/generator@https://registry.npmjs.org/@babel/generator/-/generator-7.27.1.tgz 0ms (cache hit)
4832 http cache @babel/core@https://registry.npmjs.org/@babel/core/-/core-7.27.1.tgz 0ms (cache hit)
4833 http cache @babel/parser@https://registry.npmjs.org/@babel/parser/-/parser-7.27.1.tgz 0ms (cache hit)
4834 http cache unique-string@https://registry.npmjs.org/unique-string/-/unique-string-2.0.0.tgz 0ms (cache hit)
4835 http cache temp-dir@https://registry.npmjs.org/temp-dir/-/temp-dir-2.0.0.tgz 0ms (cache hit)
4836 http cache json5@https://registry.npmjs.org/json5/-/json5-2.2.3.tgz 0ms (cache hit)
4837 http cache jimp-compact@https://registry.npmjs.org/jimp-compact/-/jimp-compact-0.16.1.tgz 0ms (cache hit)
4838 http cache p-limit@https://registry.npmjs.org/p-limit/-/p-limit-3.1.0.tgz 0ms (cache hit)
4839 http cache parse-png@https://registry.npmjs.org/parse-png/-/parse-png-2.1.0.tgz 0ms (cache hit)
4840 http cache find-up@https://registry.npmjs.org/find-up/-/find-up-5.0.0.tgz 0ms (cache hit)
4841 http cache dotenv-expand@https://registry.npmjs.org/dotenv-expand/-/dotenv-expand-11.0.7.tgz 0ms (cache hit)
4842 http cache dotenv@https://registry.npmjs.org/dotenv/-/dotenv-16.4.7.tgz 0ms (cache hit)
4843 http cache xcode@https://registry.npmjs.org/xcode/-/xcode-3.0.1.tgz 0ms (cache hit)
4844 http cache slash@https://registry.npmjs.org/slash/-/slash-3.0.0.tgz 0ms (cache hit)
4845 http cache @expo/sudo-prompt@https://registry.npmjs.org/@expo/sudo-prompt/-/sudo-prompt-9.3.2.tgz 0ms (cache hit)
4846 http cache xml2js@https://registry.npmjs.org/xml2js/-/xml2js-0.6.0.tgz 0ms (cache hit)
4847 http cache @expo/sdk-runtime-versions@https://registry.npmjs.org/@expo/sdk-runtime-versions/-/sdk-runtime-versions-1.0.0.tgz 0ms (cache hit)
4848 http cache picocolors@https://registry.npmjs.org/picocolors/-/picocolors-1.1.1.tgz 0ms (cache hit)
4849 http cache js-tokens@https://registry.npmjs.org/js-tokens/-/js-tokens-4.0.0.tgz 0ms (cache hit)
4850 http cache @babel/highlight@https://registry.npmjs.org/@babel/highlight/-/highlight-7.25.9.tgz 0ms (cache hit)
4851 http cache sucrase@https://registry.npmjs.org/sucrase/-/sucrase-3.35.0.tgz 0ms (cache hit)
4852 http cache @babel/helper-validator-identifier@https://registry.npmjs.org/@babel/helper-validator-identifier/-/helper-validator-identifier-7.27.1.tgz 0ms (cache hit)
4853 http cache deepmerge@https://registry.npmjs.org/deepmerge/-/deepmerge-4.3.1.tgz 0ms (cache hit)
4854 http cache @expo/config-types@https://registry.npmjs.org/@expo/config-types/-/config-types-53.0.3.tgz 0ms (cache hit)
4855 http cache resolve-workspace-root@https://registry.npmjs.org/resolve-workspace-root/-/resolve-workspace-root-2.0.0.tgz 0ms (cache hit)
4856 http cache nullthrows@https://registry.npmjs.org/nullthrows/-/nullthrows-1.1.1.tgz 0ms (cache hit)
4857 http cache @babel/code-frame@https://registry.npmjs.org/@babel/code-frame/-/code-frame-7.10.4.tgz 0ms (cache hit)
4858 http cache ws@https://registry.npmjs.org/ws/-/ws-8.18.2.tgz 0ms (cache hit)
4859 http cache undici@https://registry.npmjs.org/undici/-/undici-6.21.2.tgz 0ms (cache hit)
4860 http cache wrap-ansi@https://registry.npmjs.org/wrap-ansi/-/wrap-ansi-7.0.0.tgz 0ms (cache hit)
4861 http cache tar@https://registry.npmjs.org/tar/-/tar-7.4.3.tgz 0ms (cache hit)
4862 http cache structured-headers@https://registry.npmjs.org/structured-headers/-/structured-headers-0.4.1.tgz 0ms (cache hit)
4863 http cache terminal-link@https://registry.npmjs.org/terminal-link/-/terminal-link-2.1.1.tgz 0ms (cache hit)
4864 http cache source-map-support@https://registry.npmjs.org/source-map-support/-/source-map-support-0.5.21.tgz 0ms (cache hit)
4865 http cache slugify@https://registry.npmjs.org/slugify/-/slugify-1.6.6.tgz 0ms (cache hit)
4866 http cache stacktrace-parser@https://registry.npmjs.org/stacktrace-parser/-/stacktrace-parser-0.1.11.tgz 0ms (cache hit)
4867 http cache semver@https://registry.npmjs.org/semver/-/semver-7.7.1.tgz 0ms (cache hit)
4868 http cache send@https://registry.npmjs.org/send/-/send-0.19.1.tgz 0ms (cache hit)
4869 http cache resolve.exports@https://registry.npmjs.org/resolve.exports/-/resolve.exports-2.0.3.tgz 0ms (cache hit)
4870 http cache resolve@https://registry.npmjs.org/resolve/-/resolve-1.22.10.tgz 0ms (cache hit)
4871 http cache resolve-from@https://registry.npmjs.org/resolve-from/-/resolve-from-5.0.0.tgz 0ms (cache hit)
4872 http cache qrcode-terminal@https://registry.npmjs.org/qrcode-terminal/-/qrcode-terminal-0.11.0.tgz 0ms (cache hit)
4873 http cache require-from-string@https://registry.npmjs.org/require-from-string/-/require-from-string-2.0.2.tgz 0ms (cache hit)
4874 http cache requireg@https://registry.npmjs.org/requireg/-/requireg-0.2.2.tgz 0ms (cache hit)
4875 http cache progress@https://registry.npmjs.org/progress/-/progress-2.0.3.tgz 0ms (cache hit)
4876 http cache pretty-bytes@https://registry.npmjs.org/pretty-bytes/-/pretty-bytes-5.6.0.tgz 0ms (cache hit)
4877 http cache prompts@https://registry.npmjs.org/prompts/-/prompts-2.4.2.tgz 0ms (cache hit)
4878 http cache picomatch@https://registry.npmjs.org/picomatch/-/picomatch-3.0.1.tgz 0ms (cache hit)
4879 http cache pretty-format@https://registry.npmjs.org/pretty-format/-/pretty-format-29.7.0.tgz 0ms (cache hit)
4880 http cache ora@https://registry.npmjs.org/ora/-/ora-3.4.0.tgz 0ms (cache hit)
4881 http cache node-forge@https://registry.npmjs.org/node-forge/-/node-forge-1.3.1.tgz 0ms (cache hit)
4882 http cache lan-network@https://registry.npmjs.org/lan-network/-/lan-network-0.1.5.tgz 0ms (cache hit)
4883 http cache npm-package-arg@https://registry.npmjs.org/npm-package-arg/-/npm-package-arg-11.0.3.tgz 0ms (cache hit)
4884 http cache minimatch@https://registry.npmjs.org/minimatch/-/minimatch-9.0.5.tgz 0ms (cache hit)
4885 http cache glob@https://registry.npmjs.org/glob/-/glob-10.4.5.tgz 0ms (cache hit)
4886 http cache getenv@https://registry.npmjs.org/getenv/-/getenv-1.0.0.tgz 0ms (cache hit)
4887 http cache debug@https://registry.npmjs.org/debug/-/debug-4.4.0.tgz 0ms (cache hit)
4888 http cache connect@https://registry.npmjs.org/connect/-/connect-3.7.0.tgz 0ms (cache hit)
4889 http cache freeport-async@https://registry.npmjs.org/freeport-async/-/freeport-async-2.0.0.tgz 0ms (cache hit)
4890 http cache env-editor@https://registry.npmjs.org/env-editor/-/env-editor-0.4.2.tgz 0ms (cache hit)
4891 http cache compression@https://registry.npmjs.org/compression/-/compression-1.8.0.tgz 0ms (cache hit)
4892 http cache ci-info@https://registry.npmjs.org/ci-info/-/ci-info-3.9.0.tgz 0ms (cache hit)
4893 http cache better-opn@https://registry.npmjs.org/better-opn/-/better-opn-3.0.2.tgz 0ms (cache hit)
4894 http cache chalk@https://registry.npmjs.org/chalk/-/chalk-4.1.2.tgz 0ms (cache hit)
4895 http cache bplist-creator@https://registry.npmjs.org/bplist-creator/-/bplist-creator-0.1.0.tgz 0ms (cache hit)
4896 http cache arg@https://registry.npmjs.org/arg/-/arg-5.0.2.tgz 0ms (cache hit)
4897 http cache @urql/exchange-retry@https://registry.npmjs.org/@urql/exchange-retry/-/exchange-retry-1.3.1.tgz 0ms (cache hit)
4898 http cache accepts@https://registry.npmjs.org/accepts/-/accepts-1.3.8.tgz 0ms (cache hit)
4899 http cache @urql/core@https://registry.npmjs.org/@urql/core/-/core-5.1.1.tgz 0ms (cache hit)
4900 http cache @react-native/dev-middleware@https://registry.npmjs.org/@react-native/dev-middleware/-/dev-middleware-0.79.2.tgz 0ms (cache hit)
4901 http cache @expo/ws-tunnel@https://registry.npmjs.org/@expo/ws-tunnel/-/ws-tunnel-1.0.6.tgz 0ms (cache hit)
4902 http cache @expo/prebuild-config@https://registry.npmjs.org/@expo/prebuild-config/-/prebuild-config-9.0.5.tgz 0ms (cache hit)
4903 http cache @expo/xcpretty@https://registry.npmjs.org/@expo/xcpretty/-/xcpretty-4.3.2.tgz 0ms (cache hit)
4904 http cache @expo/spawn-async@https://registry.npmjs.org/@expo/spawn-async/-/spawn-async-1.7.2.tgz 0ms (cache hit)
4905 http cache @expo/plist@https://registry.npmjs.org/@expo/plist/-/plist-0.3.4.tgz 0ms (cache hit)
4906 http cache @expo/osascript@https://registry.npmjs.org/@expo/osascript/-/osascript-2.2.4.tgz 0ms (cache hit)
4907 http cache @expo/package-manager@https://registry.npmjs.org/@expo/package-manager/-/package-manager-1.8.4.tgz 0ms (cache hit)
4908 http cache @expo/json-file@https://registry.npmjs.org/@expo/json-file/-/json-file-9.1.4.tgz 0ms (cache hit)
4909 http cache bplist-parser@https://registry.npmjs.org/bplist-parser/-/bplist-parser-0.3.2.tgz 0ms (cache hit)
4910 http cache @expo/image-utils@https://registry.npmjs.org/@expo/image-utils/-/image-utils-0.7.4.tgz 0ms (cache hit)
4911 http cache @expo/devcert@https://registry.npmjs.org/@expo/devcert/-/devcert-1.2.0.tgz 0ms (cache hit)
4912 http cache @expo/env@https://registry.npmjs.org/@expo/env/-/env-1.0.5.tgz 0ms (cache hit)
4913 http cache whatwg-url-without-unicode@https://registry.npmjs.org/whatwg-url-without-unicode/-/whatwg-url-without-unicode-8.0.0-3.tgz 0ms (cache hit)
4914 http cache @0no-co/graphql.web@https://registry.npmjs.org/@0no-co/graphql.web/-/graphql.web-1.1.2.tgz 0ms (cache hit)
4915 http cache @expo/code-signing-certificates@https://registry.npmjs.org/@expo/code-signing-certificates/-/code-signing-certificates-0.0.5.tgz 0ms (cache hit)
4916 http cache expo-modules-core@https://registry.npmjs.org/expo-modules-core/-/expo-modules-core-2.3.12.tgz 0ms (cache hit)
4917 http cache expo-modules-autolinking@https://registry.npmjs.org/expo-modules-autolinking/-/expo-modules-autolinking-2.1.9.tgz 0ms (cache hit)
4918 http cache react-native-edge-to-edge@https://registry.npmjs.org/react-native-edge-to-edge/-/react-native-edge-to-edge-1.6.0.tgz 0ms (cache hit)
4919 http cache expo-file-system@https://registry.npmjs.org/expo-file-system/-/expo-file-system-18.1.8.tgz 0ms (cache hit)
4920 http cache expo-constants@https://registry.npmjs.org/expo-constants/-/expo-constants-17.1.5.tgz 0ms (cache hit)
4921 http cache expo-keep-awake@https://registry.npmjs.org/expo-keep-awake/-/expo-keep-awake-14.1.4.tgz 0ms (cache hit)
4922 http cache babel-preset-expo@https://registry.npmjs.org/babel-preset-expo/-/babel-preset-expo-13.1.11.tgz 0ms (cache hit)
4923 http cache @expo/vector-icons@https://registry.npmjs.org/@expo/vector-icons/-/vector-icons-14.1.0.tgz 0ms (cache hit)
4924 http cache expo-asset@https://registry.npmjs.org/expo-asset/-/expo-asset-11.1.4.tgz 0ms (cache hit)
4925 http cache @expo/fingerprint@https://registry.npmjs.org/@expo/fingerprint/-/fingerprint-0.12.4.tgz 0ms (cache hit)
4926 http cache @expo/config-plugins@https://registry.npmjs.org/@expo/config-plugins/-/config-plugins-10.0.2.tgz 0ms (cache hit)
4927 http cache @expo/metro-config@https://registry.npmjs.org/@expo/metro-config/-/metro-config-0.20.12.tgz 0ms (cache hit)
4928 http cache @expo/cli@https://registry.npmjs.org/@expo/cli/-/cli-0.24.10.tgz 0ms (cache hit)
4929 http cache @babel/runtime@https://registry.npmjs.org/@babel/runtime/-/runtime-7.27.1.tgz 0ms (cache hit)
4930 http cache @expo/config@https://registry.npmjs.org/@expo/config/-/config-11.0.7.tgz 0ms (cache hit)
4931 http cache @react-navigation/elements@https://registry.npmjs.org/@react-navigation/elements/-/elements-1.3.31.tgz 0ms (cache hit)
4932 http cache use-latest-callback@https://registry.npmjs.org/use-latest-callback/-/use-latest-callback-0.2.3.tgz 0ms (cache hit)
4933 http cache warn-once@https://registry.npmjs.org/warn-once/-/warn-once-0.1.1.tgz 0ms (cache hit)
4934 http cache query-string@https://registry.npmjs.org/query-string/-/query-string-7.1.3.tgz 0ms (cache hit)
4935 http cache react-is@https://registry.npmjs.org/react-is/-/react-is-16.13.1.tgz 0ms (cache hit)
4936 http cache @react-navigation/routers@https://registry.npmjs.org/@react-navigation/routers/-/routers-6.1.9.tgz 0ms (cache hit)
4937 http cache fast-deep-equal@https://registry.npmjs.org/fast-deep-equal/-/fast-deep-equal-3.1.3.tgz 0ms (cache hit)
4938 http cache nanoid@https://registry.npmjs.org/nanoid/-/nanoid-3.3.11.tgz 0ms (cache hit)
4939 http cache @react-navigation/core@https://registry.npmjs.org/@react-navigation/core/-/core-6.4.17.tgz 0ms (cache hit)
4940 http cache invariant@https://registry.npmjs.org/invariant/-/invariant-2.2.4.tgz 0ms (cache hit)
4941 http cache escape-string-regexp@https://registry.npmjs.org/escape-string-regexp/-/escape-string-regexp-4.0.0.tgz 0ms (cache hit)
4942 http cache react-native-gesture-handler@https://registry.npmjs.org/react-native-gesture-handler/-/react-native-gesture-handler-2.18.1.tgz 0ms (cache hit)
4943 http cache expo-font@https://registry.npmjs.org/expo-font/-/expo-font-11.0.1.tgz 0ms (cache hit)
4944 http cache merge-options@https://registry.npmjs.org/merge-options/-/merge-options-3.0.4.tgz 0ms (cache hit)
4945 http cache react-native-safe-area-context@https://registry.npmjs.org/react-native-safe-area-context/-/react-native-safe-area-context-4.10.0.tgz 0ms (cache hit)
4946 http cache react-native-screens@https://registry.npmjs.org/react-native-screens/-/react-native-screens-3.29.0.tgz 0ms (cache hit)
4947 http cache expo@https://registry.npmjs.org/expo/-/expo-53.0.6.tgz 0ms (cache hit)
4948 http cache @react-navigation/native@https://registry.npmjs.org/@react-navigation/native/-/native-6.1.18.tgz 0ms (cache hit)
4949 http cache @react-native-community/datetimepicker@https://registry.npmjs.org/@react-native-community/datetimepicker/-/datetimepicker-7.0.0.tgz 0ms (cache hit)
4950 http cache @react-navigation/native-stack@https://registry.npmjs.org/@react-navigation/native-stack/-/native-stack-6.11.0.tgz 0ms (cache hit)
4951 http cache react-native@https://registry.npmjs.org/react-native/-/react-native-0.73.0.tgz 0ms (cache hit)
4952 http cache react@https://registry.npmjs.org/react/-/react-18.2.0.tgz 0ms (cache hit)
4953 http cache @react-native-async-storage/async-storage@https://registry.npmjs.org/@react-native-async-storage/async-storage/-/async-storage-1.24.0.tgz 0ms (cache hit)
4954 http cache path-exists@https://registry.npmjs.org/path-exists/-/path-exists-3.0.0.tgz 0ms (cache hit)
4955 http cache locate-path@https://registry.npmjs.org/locate-path/-/locate-path-3.0.0.tgz 0ms (cache hit)
4956 http cache p-limit@https://registry.npmjs.org/p-limit/-/p-limit-2.3.0.tgz 0ms (cache hit)
4957 http cache find-up@https://registry.npmjs.org/find-up/-/find-up-3.0.0.tgz 0ms (cache hit)
4958 http cache p-locate@https://registry.npmjs.org/p-locate/-/p-locate-3.0.0.tgz 0ms (cache hit)
4959 http cache semver@https://registry.npmjs.org/semver/-/semver-5.7.2.tgz 0ms (cache hit)
4960 http cache brace-expansion@https://registry.npmjs.org/brace-expansion/-/brace-expansion-1.1.11.tgz 0ms (cache hit)
4961 http cache signal-exit@https://registry.npmjs.org/signal-exit/-/signal-exit-3.0.7.tgz 0ms (cache hit)
4962 http cache minimatch@https://registry.npmjs.org/minimatch/-/minimatch-3.1.2.tgz 0ms (cache hit)
4963 http cache rimraf@https://registry.npmjs.org/rimraf/-/rimraf-2.6.3.tgz 0ms (cache hit)
4964 http cache glob@https://registry.npmjs.org/glob/-/glob-7.2.3.tgz 0ms (cache hit)
4965 http cache minimatch@https://registry.npmjs.org/minimatch/-/minimatch-3.1.2.tgz 0ms (cache hit)
4966 http cache readable-stream@https://registry.npmjs.org/readable-stream/-/readable-stream-3.6.2.tgz 0ms (cache hit)
4967 http cache brace-expansion@https://registry.npmjs.org/brace-expansion/-/brace-expansion-1.1.11.tgz 0ms (cache hit)
4968 http cache is-fullwidth-code-point@https://registry.npmjs.org/is-fullwidth-code-point/-/is-fullwidth-code-point-3.0.0.tgz 0ms (cache hit)
4969 http cache emoji-regex@https://registry.npmjs.org/emoji-regex/-/emoji-regex-8.0.0.tgz 0ms (cache hit)
4970 http cache string-width@https://registry.npmjs.org/string-width/-/string-width-4.2.3.tgz 0ms (cache hit)
4971 http cache strip-ansi@https://registry.npmjs.org/strip-ansi/-/strip-ansi-6.0.1.tgz 0ms (cache hit)
4972 http cache bplist-parser@https://registry.npmjs.org/bplist-parser/-/bplist-parser-0.3.1.tgz 0ms (cache hit)
4973 http cache safe-buffer@https://registry.npmjs.org/safe-buffer/-/safe-buffer-5.1.2.tgz 0ms (cache hit)
4974 http cache type-fest@https://registry.npmjs.org/type-fest/-/type-fest-0.21.3.tgz 0ms (cache hit)
4975 http cache source-map@https://registry.npmjs.org/source-map/-/source-map-0.6.1.tgz 0ms (cache hit)
4976 http cache safe-buffer@https://registry.npmjs.org/safe-buffer/-/safe-buffer-5.1.2.tgz 0ms (cache hit)
4977 http cache statuses@https://registry.npmjs.org/statuses/-/statuses-2.0.1.tgz 0ms (cache hit)
4978 http cache jsesc@https://registry.npmjs.org/jsesc/-/jsesc-3.0.2.tgz 0ms (cache hit)
4979 http cache source-map@https://registry.npmjs.org/source-map/-/source-map-0.5.7.tgz 0ms (cache hit)
4980 http cache ms@https://registry.npmjs.org/ms/-/ms-2.0.0.tgz 0ms (cache hit)
4981 http cache picomatch@https://registry.npmjs.org/picomatch/-/picomatch-2.3.1.tgz 0ms (cache hit)
4982 http cache commander@https://registry.npmjs.org/commander/-/commander-2.20.3.tgz 0ms (cache hit)
4983 http cache debug@https://registry.npmjs.org/debug/-/debug-2.6.9.tgz 0ms (cache hit)
4984 http cache hermes-parser@https://registry.npmjs.org/hermes-parser/-/hermes-parser-0.23.1.tgz 0ms (cache hit)
4985 http cache color-name@https://registry.npmjs.org/color-name/-/color-name-1.1.3.tgz 0ms (cache hit)
4986 http cache supports-color@https://registry.npmjs.org/supports-color/-/supports-color-8.1.1.tgz 0ms (cache hit)
4987 http cache color-convert@https://registry.npmjs.org/color-convert/-/color-convert-1.9.3.tgz 0ms (cache hit)
4988 http cache ansi-styles@https://registry.npmjs.org/ansi-styles/-/ansi-styles-3.2.1.tgz 0ms (cache hit)
4989 http cache ansi-regex@https://registry.npmjs.org/ansi-regex/-/ansi-regex-4.1.1.tgz 0ms (cache hit)
4990 http cache escape-string-regexp@https://registry.npmjs.org/escape-string-regexp/-/escape-string-regexp-2.0.0.tgz 0ms (cache hit)
4991 http cache strip-ansi@https://registry.npmjs.org/strip-ansi/-/strip-ansi-5.2.0.tgz 0ms (cache hit)
4992 http cache picomatch@https://registry.npmjs.org/picomatch/-/picomatch-2.3.1.tgz 0ms (cache hit)
4993 http cache @babel/code-frame@https://registry.npmjs.org/@babel/code-frame/-/code-frame-7.27.1.tgz 0ms (cache hit)
4994 http cache resolve-from@https://registry.npmjs.org/resolve-from/-/resolve-from-3.0.0.tgz 0ms (cache hit)
4995 http cache picomatch@https://registry.npmjs.org/picomatch/-/picomatch-2.3.1.tgz 0ms (cache hit)
4996 http cache hermes-estree@https://registry.npmjs.org/hermes-estree/-/hermes-estree-0.23.1.tgz 0ms (cache hit)
4997 http cache ms@https://registry.npmjs.org/ms/-/ms-2.0.0.tgz 0ms (cache hit)
4998 http cache strip-ansi@https://registry.npmjs.org/strip-ansi/-/strip-ansi-6.0.1.tgz 0ms (cache hit)
4999 http cache ws@https://registry.npmjs.org/ws/-/ws-7.5.10.tgz 0ms (cache hit)
5000 http cache source-map@https://registry.npmjs.org/source-map/-/source-map-0.5.7.tgz 0ms (cache hit)
5001 http cache hermes-parser@https://registry.npmjs.org/hermes-parser/-/hermes-parser-0.23.1.tgz 0ms (cache hit)
5002 http cache ci-info@https://registry.npmjs.org/ci-info/-/ci-info-2.0.0.tgz 0ms (cache hit)
5003 http cache brace-expansion@https://registry.npmjs.org/brace-expansion/-/brace-expansion-1.1.11.tgz 0ms (cache hit)
5004 http cache debug@https://registry.npmjs.org/debug/-/debug-2.6.9.tgz 0ms (cache hit)
5005 http cache hermes-estree@https://registry.npmjs.org/hermes-estree/-/hermes-estree-0.15.0.tgz 0ms (cache hit)
5006 http cache minimatch@https://registry.npmjs.org/minimatch/-/minimatch-3.1.2.tgz 0ms (cache hit)
5007 http cache glob@https://registry.npmjs.org/glob/-/glob-7.2.3.tgz 0ms (cache hit)
5008 http cache mkdirp@https://registry.npmjs.org/mkdirp/-/mkdirp-0.5.6.tgz 0ms (cache hit)
5009 http cache @react-native/codegen@https://registry.npmjs.org/@react-native/codegen/-/codegen-0.73.3.tgz 0ms (cache hit)
5010 http cache @react-native/babel-plugin-codegen@https://registry.npmjs.org/@react-native/babel-plugin-codegen/-/babel-plugin-codegen-0.73.4.tgz 0ms (cache hit)
5011 http cache @react-native/babel-preset@https://registry.npmjs.org/@react-native/babel-preset/-/babel-preset-0.73.21.tgz 0ms (cache hit)
5012 http cache hermes-parser@https://registry.npmjs.org/hermes-parser/-/hermes-parser-0.15.0.tgz 0ms (cache hit)
5013 http cache camelcase@https://registry.npmjs.org/camelcase/-/camelcase-5.3.1.tgz 0ms (cache hit)
5014 http cache is-fullwidth-code-point@https://registry.npmjs.org/is-fullwidth-code-point/-/is-fullwidth-code-point-3.0.0.tgz 0ms (cache hit)
5015 http cache p-limit@https://registry.npmjs.org/p-limit/-/p-limit-2.3.0.tgz 0ms (cache hit)
5016 http cache p-locate@https://registry.npmjs.org/p-locate/-/p-locate-4.1.0.tgz 0ms (cache hit)
5017 http cache emoji-regex@https://registry.npmjs.org/emoji-regex/-/emoji-regex-8.0.0.tgz 0ms (cache hit)
5018 http cache locate-path@https://registry.npmjs.org/locate-path/-/locate-path-5.0.0.tgz 0ms (cache hit)
5019 http cache wrap-ansi@https://registry.npmjs.org/wrap-ansi/-/wrap-ansi-6.2.0.tgz 0ms (cache hit)
5020 http cache yargs-parser@https://registry.npmjs.org/yargs-parser/-/yargs-parser-18.1.3.tgz 0ms (cache hit)
5021 http cache y18n@https://registry.npmjs.org/y18n/-/y18n-4.0.3.tgz 0ms (cache hit)
5022 http cache strip-ansi@https://registry.npmjs.org/strip-ansi/-/strip-ansi-6.0.1.tgz 0ms (cache hit)
5023 http cache string-width@https://registry.npmjs.org/string-width/-/string-width-4.2.3.tgz 0ms (cache hit)
5024 http cache find-up@https://registry.npmjs.org/find-up/-/find-up-4.1.0.tgz 0ms (cache hit)
5025 http cache yargs@https://registry.npmjs.org/yargs/-/yargs-15.4.1.tgz 0ms (cache hit)
5026 http cache argparse@https://registry.npmjs.org/argparse/-/argparse-1.0.10.tgz 0ms (cache hit)
5027 http cache cliui@https://registry.npmjs.org/cliui/-/cliui-6.0.0.tgz 0ms (cache hit)
5028 http cache js-yaml@https://registry.npmjs.org/js-yaml/-/js-yaml-3.14.1.tgz 0ms (cache hit)
5029 http cache signal-exit@https://registry.npmjs.org/signal-exit/-/signal-exit-3.0.7.tgz 0ms (cache hit)
5030 http cache signal-exit@https://registry.npmjs.org/signal-exit/-/signal-exit-3.0.7.tgz 0ms (cache hit)
5031 http cache restore-cursor@https://registry.npmjs.org/restore-cursor/-/restore-cursor-3.1.0.tgz 0ms (cache hit)
5032 http cache strip-ansi@https://registry.npmjs.org/strip-ansi/-/strip-ansi-6.0.1.tgz 0ms (cache hit)
5033 http cache log-symbols@https://registry.npmjs.org/log-symbols/-/log-symbols-4.1.0.tgz 1ms (cache hit)
5034 http cache is-wsl@https://registry.npmjs.org/is-wsl/-/is-wsl-1.1.0.tgz 0ms (cache hit)
5035 http cache ora@https://registry.npmjs.org/ora/-/ora-5.4.1.tgz 0ms (cache hit)
5036 http cache cli-cursor@https://registry.npmjs.org/cli-cursor/-/cli-cursor-3.1.0.tgz 0ms (cache hit)
5037 http cache open@https://registry.npmjs.org/open/-/open-6.4.0.tgz 0ms (cache hit)
5038 http cache @types/yargs@https://registry.npmjs.org/@types/yargs/-/yargs-15.0.19.tgz 0ms (cache hit)
5039 http cache @jest/types@https://registry.npmjs.org/@jest/types/-/types-26.6.2.tgz 0ms (cache hit)
5040 http cache ws@https://registry.npmjs.org/ws/-/ws-7.5.10.tgz 0ms (cache hit)
5041 http cache react-is@https://registry.npmjs.org/react-is/-/react-is-17.0.2.tgz 0ms (cache hit)
5042 http cache pretty-format@https://registry.npmjs.org/pretty-format/-/pretty-format-26.6.2.tgz 0ms (cache hit)
5043 http cache signal-exit@https://registry.npmjs.org/signal-exit/-/signal-exit-3.0.7.tgz 0ms (cache hit)
5044 http cache restore-cursor@https://registry.npmjs.org/restore-cursor/-/restore-cursor-3.1.0.tgz 0ms (cache hit)
5045 http cache log-symbols@https://registry.npmjs.org/log-symbols/-/log-symbols-4.1.0.tgz 0ms (cache hit)
5046 http cache cli-cursor@https://registry.npmjs.org/cli-cursor/-/cli-cursor-3.1.0.tgz 0ms (cache hit)
5047 http cache ora@https://registry.npmjs.org/ora/-/ora-5.4.1.tgz 0ms (cache hit)
5048 http cache ansi-regex@https://registry.npmjs.org/ansi-regex/-/ansi-regex-4.1.1.tgz 0ms (cache hit)
5049 http cache strip-ansi@https://registry.npmjs.org/strip-ansi/-/strip-ansi-5.2.0.tgz 0ms (cache hit)
5050 http cache strip-ansi@https://registry.npmjs.org/strip-ansi/-/strip-ansi-6.0.1.tgz 0ms (cache hit)
5051 http cache minimatch@https://registry.npmjs.org/minimatch/-/minimatch-3.1.2.tgz 0ms (cache hit)
5052 http cache glob@https://registry.npmjs.org/glob/-/glob-7.2.3.tgz 0ms (cache hit)
5053 http cache brace-expansion@https://registry.npmjs.org/brace-expansion/-/brace-expansion-1.1.11.tgz 0ms (cache hit)
5054 http cache ws@https://registry.npmjs.org/ws/-/ws-7.5.10.tgz 0ms (cache hit)
5055 http cache source-map@https://registry.npmjs.org/source-map/-/source-map-0.5.7.tgz 0ms (cache hit)
5056 http cache @react-native/normalize-colors@https://registry.npmjs.org/@react-native/normalize-colors/-/normalize-colors-0.73.2.tgz 0ms (cache hit)
5057 http cache signal-exit@https://registry.npmjs.org/signal-exit/-/signal-exit-3.0.7.tgz 0ms (cache hit)
5058 http cache @types/yargs@https://registry.npmjs.org/@types/yargs/-/yargs-15.0.19.tgz 0ms (cache hit)
5059 http cache @jest/types@https://registry.npmjs.org/@jest/types/-/types-26.6.2.tgz 0ms (cache hit)
5060 http cache react-is@https://registry.npmjs.org/react-is/-/react-is-17.0.2.tgz 0ms (cache hit)
5061 http cache restore-cursor@https://registry.npmjs.org/restore-cursor/-/restore-cursor-3.1.0.tgz 0ms (cache hit)
5062 http cache log-symbols@https://registry.npmjs.org/log-symbols/-/log-symbols-4.1.0.tgz 0ms (cache hit)
5063 http cache strip-ansi@https://registry.npmjs.org/strip-ansi/-/strip-ansi-6.0.1.tgz 0ms (cache hit)
5064 http cache cli-cursor@https://registry.npmjs.org/cli-cursor/-/cli-cursor-3.1.0.tgz 0ms (cache hit)
5065 http cache hermes-estree@https://registry.npmjs.org/hermes-estree/-/hermes-estree-0.23.1.tgz 0ms (cache hit)
5066 http cache chromium-edge-launcher@https://registry.npmjs.org/chromium-edge-launcher/-/chromium-edge-launcher-1.0.0.tgz 0ms (cache hit)
5067 http cache debug@https://registry.npmjs.org/debug/-/debug-2.6.9.tgz 0ms (cache hit)
5068 http cache ms@https://registry.npmjs.org/ms/-/ms-2.0.0.tgz 0ms (cache hit)
5069 http cache ora@https://registry.npmjs.org/ora/-/ora-5.4.1.tgz 0ms (cache hit)
5070 http cache pretty-format@https://registry.npmjs.org/pretty-format/-/pretty-format-26.6.2.tgz 0ms (cache hit)
5071 http cache ws@https://registry.npmjs.org/ws/-/ws-7.5.10.tgz 0ms (cache hit)
5072 http cache @react-native-community/cli-debugger-ui@https://registry.npmjs.org/@react-native-community/cli-debugger-ui/-/cli-debugger-ui-12.3.7.tgz 0ms (cache hit)
5073 http cache @react-native/dev-middleware@https://registry.npmjs.org/@react-native/dev-middleware/-/dev-middleware-0.73.8.tgz 0ms (cache hit)
5074 http cache @react-native-community/cli-tools@https://registry.npmjs.org/@react-native-community/cli-tools/-/cli-tools-12.3.7.tgz 0ms (cache hit)
5075 http cache @react-native/debugger-frontend@https://registry.npmjs.org/@react-native/debugger-frontend/-/debugger-frontend-0.73.3.tgz 0ms (cache hit)
5076 http cache is-wsl@https://registry.npmjs.org/is-wsl/-/is-wsl-1.1.0.tgz 0ms (cache hit)
5077 http cache ws@https://registry.npmjs.org/ws/-/ws-6.2.3.tgz 0ms (cache hit)
5078 http cache open@https://registry.npmjs.org/open/-/open-6.4.0.tgz 0ms (cache hit)
5079 http cache signal-exit@https://registry.npmjs.org/signal-exit/-/signal-exit-3.0.7.tgz 0ms (cache hit)
5080 http cache semver@https://registry.npmjs.org/semver/-/semver-6.3.1.tgz 0ms (cache hit)
5081 http cache @react-native-community/cli-server-api@https://registry.npmjs.org/@react-native-community/cli-server-api/-/cli-server-api-12.3.7.tgz 0ms (cache hit)
5082 http cache strip-ansi@https://registry.npmjs.org/strip-ansi/-/strip-ansi-6.0.1.tgz 0ms (cache hit)
5083 http cache restore-cursor@https://registry.npmjs.org/restore-cursor/-/restore-cursor-3.1.0.tgz 0ms (cache hit)
5084 http cache log-symbols@https://registry.npmjs.org/log-symbols/-/log-symbols-4.1.0.tgz 0ms (cache hit)
5085 http cache brace-expansion@https://registry.npmjs.org/brace-expansion/-/brace-expansion-1.1.11.tgz 0ms (cache hit)
5086 http cache ora@https://registry.npmjs.org/ora/-/ora-5.4.1.tgz 0ms (cache hit)
5087 http cache glob@https://registry.npmjs.org/glob/-/glob-7.2.3.tgz 0ms (cache hit)
5088 http cache cli-cursor@https://registry.npmjs.org/cli-cursor/-/cli-cursor-3.1.0.tgz 0ms (cache hit)
5089 http cache minimatch@https://registry.npmjs.org/minimatch/-/minimatch-3.1.2.tgz 0ms (cache hit)
5090 http cache brace-expansion@https://registry.npmjs.org/brace-expansion/-/brace-expansion-1.1.11.tgz 0ms (cache hit)
5091 http cache minimatch@https://registry.npmjs.org/minimatch/-/minimatch-3.1.2.tgz 0ms (cache hit)
5092 http cache p-locate@https://registry.npmjs.org/p-locate/-/p-locate-4.1.0.tgz 0ms (cache hit)
5093 http cache glob@https://registry.npmjs.org/glob/-/glob-7.2.3.tgz 0ms (cache hit)
5094 http cache p-limit@https://registry.npmjs.org/p-limit/-/p-limit-2.3.0.tgz 0ms (cache hit)
5095 http cache locate-path@https://registry.npmjs.org/locate-path/-/locate-path-5.0.0.tgz 0ms (cache hit)
5096 http cache find-up@https://registry.npmjs.org/find-up/-/find-up-4.1.0.tgz 0ms (cache hit)
5097 http cache signal-exit@https://registry.npmjs.org/signal-exit/-/signal-exit-3.0.7.tgz 0ms (cache hit)
5098 http cache commander@https://registry.npmjs.org/commander/-/commander-9.5.0.tgz 0ms (cache hit)
5099 http cache onetime@https://registry.npmjs.org/onetime/-/onetime-2.0.1.tgz 0ms (cache hit)
5100 http cache mimic-fn@https://registry.npmjs.org/mimic-fn/-/mimic-fn-1.2.0.tgz 0ms (cache hit)
5101 http cache has-flag@https://registry.npmjs.org/has-flag/-/has-flag-3.0.0.tgz 0ms (cache hit)
5102 http cache escape-string-regexp@https://registry.npmjs.org/escape-string-regexp/-/escape-string-regexp-1.0.5.tgz 0ms (cache hit)
5103 http cache color-convert@https://registry.npmjs.org/color-convert/-/color-convert-1.9.3.tgz 0ms (cache hit)
5104 http cache color-name@https://registry.npmjs.org/color-name/-/color-name-1.1.3.tgz 0ms (cache hit)
5105 http cache supports-color@https://registry.npmjs.org/supports-color/-/supports-color-5.5.0.tgz 0ms (cache hit)
5106 http cache ansi-styles@https://registry.npmjs.org/ansi-styles/-/ansi-styles-3.2.1.tgz 0ms (cache hit)
5107 http cache chalk@https://registry.npmjs.org/chalk/-/chalk-2.4.2.tgz 0ms (cache hit)
5108 http cache is-fullwidth-code-point@https://registry.npmjs.org/is-fullwidth-code-point/-/is-fullwidth-code-point-3.0.0.tgz 0ms (cache hit)
5109 http cache strip-ansi@https://registry.npmjs.org/strip-ansi/-/strip-ansi-6.0.1.tgz 0ms (cache hit)
5110 http cache lru-cache@https://registry.npmjs.org/lru-cache/-/lru-cache-10.4.3.tgz 0ms (cache hit)
5111 http cache emoji-regex@https://registry.npmjs.org/emoji-regex/-/emoji-regex-8.0.0.tgz 0ms (cache hit)
5112 http cache string-width@https://registry.npmjs.org/string-width/-/string-width-4.2.3.tgz 0ms (cache hit)
5113 http cache ansi-regex@https://registry.npmjs.org/ansi-regex/-/ansi-regex-6.1.0.tgz 0ms (cache hit)
5114 http cache emoji-regex@https://registry.npmjs.org/emoji-regex/-/emoji-regex-8.0.0.tgz 0ms (cache hit)
5115 http cache is-fullwidth-code-point@https://registry.npmjs.org/is-fullwidth-code-point/-/is-fullwidth-code-point-3.0.0.tgz 0ms (cache hit)
5116 http cache strip-ansi@https://registry.npmjs.org/strip-ansi/-/strip-ansi-6.0.1.tgz 0ms (cache hit)
5117 http cache ansi-styles@https://registry.npmjs.org/ansi-styles/-/ansi-styles-6.2.1.tgz 0ms (cache hit)
5118 http cache wrap-ansi@https://registry.npmjs.org/wrap-ansi/-/wrap-ansi-8.1.0.tgz 0ms (cache hit)
5119 http cache debug@https://registry.npmjs.org/debug/-/debug-2.6.9.tgz 0ms (cache hit)
5120 http cache brace-expansion@https://registry.npmjs.org/brace-expansion/-/brace-expansion-1.1.11.tgz 0ms (cache hit)
5121 http cache lru-cache@https://registry.npmjs.org/lru-cache/-/lru-cache-10.4.3.tgz 0ms (cache hit)
5122 http cache ms@https://registry.npmjs.org/ms/-/ms-2.0.0.tgz 0ms (cache hit)
5123 http cache minimatch@https://registry.npmjs.org/minimatch/-/minimatch-3.1.2.tgz 0ms (cache hit)
5124 http cache glob@https://registry.npmjs.org/glob/-/glob-7.2.3.tgz 0ms (cache hit)
5125 http cache strip-ansi@https://registry.npmjs.org/strip-ansi/-/strip-ansi-6.0.1.tgz 0ms (cache hit)
5126 http cache debug@https://registry.npmjs.org/debug/-/debug-2.6.9.tgz 0ms (cache hit)
5127 http cache is-fullwidth-code-point@https://registry.npmjs.org/is-fullwidth-code-point/-/is-fullwidth-code-point-3.0.0.tgz 0ms (cache hit)
5128 http cache ms@https://registry.npmjs.org/ms/-/ms-2.0.0.tgz 0ms (cache hit)
5129 http cache emoji-regex@https://registry.npmjs.org/emoji-regex/-/emoji-regex-8.0.0.tgz 0ms (cache hit)
5130 http cache brace-expansion@https://registry.npmjs.org/brace-expansion/-/brace-expansion-1.1.11.tgz 0ms (cache hit)
5131 http cache string-width@https://registry.npmjs.org/string-width/-/string-width-4.2.3.tgz 0ms (cache hit)
5132 http cache glob@https://registry.npmjs.org/glob/-/glob-7.2.3.tgz 0ms (cache hit)
5133 http cache minimatch@https://registry.npmjs.org/minimatch/-/minimatch-3.1.2.tgz 0ms (cache hit)
5134 http cache semver@https://registry.npmjs.org/semver/-/semver-6.3.1.tgz 0ms (cache hit)
5135 http cache semver@https://registry.npmjs.org/semver/-/semver-6.3.1.tgz 0ms (cache hit)
5136 http cache semver@https://registry.npmjs.org/semver/-/semver-6.3.1.tgz 0ms (cache hit)
5137 http cache mime-db@https://registry.npmjs.org/mime-db/-/mime-db-1.52.0.tgz 0ms (cache hit)
5138 http cache statuses@https://registry.npmjs.org/statuses/-/statuses-2.0.1.tgz 0ms (cache hit)
5139 http cache semver@https://registry.npmjs.org/semver/-/semver-6.3.1.tgz 0ms (cache hit)
5140 http cache mime@https://registry.npmjs.org/mime/-/mime-1.6.0.tgz 0ms (cache hit)
5141 http cache debug@https://registry.npmjs.org/debug/-/debug-2.6.9.tgz 0ms (cache hit)
5142 http cache on-finished@https://registry.npmjs.org/on-finished/-/on-finished-2.4.1.tgz 0ms (cache hit)
5143 http cache send@https://registry.npmjs.org/send/-/send-0.19.0.tgz 0ms (cache hit)
5144 http cache encodeurl@https://registry.npmjs.org/encodeurl/-/encodeurl-1.0.2.tgz 0ms (cache hit)
5145 http cache ms@https://registry.npmjs.org/ms/-/ms-2.0.0.tgz 0ms (cache hit)
5146 http cache encodeurl@https://registry.npmjs.org/encodeurl/-/encodeurl-2.0.0.tgz 0ms (cache hit)
5147 http cache @babel/code-frame@https://registry.npmjs.org/@babel/code-frame/-/code-frame-7.27.1.tgz 0ms (cache hit)
5148 http cache @babel/code-frame@https://registry.npmjs.org/@babel/code-frame/-/code-frame-7.27.1.tgz 0ms (cache hit)
5149 http cache @babel/code-frame@https://registry.npmjs.org/@babel/code-frame/-/code-frame-7.27.1.tgz 0ms (cache hit)
5150 http cache semver@https://registry.npmjs.org/semver/-/semver-6.3.1.tgz 0ms (cache hit)
5151 http cache xmlbuilder@https://registry.npmjs.org/xmlbuilder/-/xmlbuilder-11.0.1.tgz 0ms (cache hit)
5152 http cache semver@https://registry.npmjs.org/semver/-/semver-6.3.1.tgz 0ms (cache hit)
5153 http cache has-flag@https://registry.npmjs.org/has-flag/-/has-flag-3.0.0.tgz 0ms (cache hit)
5154 http cache color-name@https://registry.npmjs.org/color-name/-/color-name-1.1.3.tgz 0ms (cache hit)
5155 http cache color-convert@https://registry.npmjs.org/color-convert/-/color-convert-1.9.3.tgz 1ms (cache hit)
5156 http cache escape-string-regexp@https://registry.npmjs.org/escape-string-regexp/-/escape-string-regexp-1.0.5.tgz 0ms (cache hit)
5157 http cache supports-color@https://registry.npmjs.org/supports-color/-/supports-color-5.5.0.tgz 0ms (cache hit)
5158 http cache ansi-styles@https://registry.npmjs.org/ansi-styles/-/ansi-styles-3.2.1.tgz 0ms (cache hit)
5159 http cache commander@https://registry.npmjs.org/commander/-/commander-4.1.1.tgz 0ms (cache hit)
5160 http cache emoji-regex@https://registry.npmjs.org/emoji-regex/-/emoji-regex-8.0.0.tgz 0ms (cache hit)
5161 http cache chalk@https://registry.npmjs.org/chalk/-/chalk-2.4.2.tgz 0ms (cache hit)
5162 http cache is-fullwidth-code-point@https://registry.npmjs.org/is-fullwidth-code-point/-/is-fullwidth-code-point-3.0.0.tgz 0ms (cache hit)
5163 http cache strip-ansi@https://registry.npmjs.org/strip-ansi/-/strip-ansi-6.0.1.tgz 0ms (cache hit)
5164 http cache string-width@https://registry.npmjs.org/string-width/-/string-width-4.2.3.tgz 0ms (cache hit)
5165 http cache source-map@https://registry.npmjs.org/source-map/-/source-map-0.6.1.tgz 0ms (cache hit)
5166 http cache statuses@https://registry.npmjs.org/statuses/-/statuses-2.0.1.tgz 0ms (cache hit)
5167 http cache yallist@https://registry.npmjs.org/yallist/-/yallist-5.0.0.tgz 0ms (cache hit)
5168 http cache mkdirp@https://registry.npmjs.org/mkdirp/-/mkdirp-3.0.1.tgz 0ms (cache hit)
5169 http cache mime@https://registry.npmjs.org/mime/-/mime-1.6.0.tgz 0ms (cache hit)
5170 http cache on-finished@https://registry.npmjs.org/on-finished/-/on-finished-2.4.1.tgz 0ms (cache hit)
5171 http cache encodeurl@https://registry.npmjs.org/encodeurl/-/encodeurl-2.0.0.tgz 0ms (cache hit)
5172 http cache ms@https://registry.npmjs.org/ms/-/ms-2.0.0.tgz 0ms (cache hit)
5173 http cache resolve@https://registry.npmjs.org/resolve/-/resolve-1.7.1.tgz 0ms (cache hit)
5174 http cache debug@https://registry.npmjs.org/debug/-/debug-2.6.9.tgz 0ms (cache hit)
5175 http cache ansi-styles@https://registry.npmjs.org/ansi-styles/-/ansi-styles-5.2.0.tgz 0ms (cache hit)
5176 http cache has-flag@https://registry.npmjs.org/has-flag/-/has-flag-3.0.0.tgz 0ms (cache hit)
5177 http cache react-is@https://registry.npmjs.org/react-is/-/react-is-18.3.1.tgz 0ms (cache hit)
5178 http cache ansi-regex@https://registry.npmjs.org/ansi-regex/-/ansi-regex-4.1.1.tgz 0ms (cache hit)
5179 http cache color-name@https://registry.npmjs.org/color-name/-/color-name-1.1.3.tgz 0ms (cache hit)
5180 http cache color-convert@https://registry.npmjs.org/color-convert/-/color-convert-1.9.3.tgz 0ms (cache hit)
5181 http cache strip-ansi@https://registry.npmjs.org/strip-ansi/-/strip-ansi-5.2.0.tgz 0ms (cache hit)
5182 http cache ansi-styles@https://registry.npmjs.org/ansi-styles/-/ansi-styles-3.2.1.tgz 0ms (cache hit)
5183 http cache supports-color@https://registry.npmjs.org/supports-color/-/supports-color-5.5.0.tgz 0ms (cache hit)
5184 http cache escape-string-regexp@https://registry.npmjs.org/escape-string-regexp/-/escape-string-regexp-1.0.5.tgz 0ms (cache hit)
5185 http cache ms@https://registry.npmjs.org/ms/-/ms-2.0.0.tgz 0ms (cache hit)
5186 http cache debug@https://registry.npmjs.org/debug/-/debug-2.6.9.tgz 0ms (cache hit)
5187 http cache negotiator@https://registry.npmjs.org/negotiator/-/negotiator-0.6.4.tgz 0ms (cache hit)
5188 http cache debug@https://registry.npmjs.org/debug/-/debug-2.6.9.tgz 0ms (cache hit)
5189 http cache chalk@https://registry.npmjs.org/chalk/-/chalk-2.4.2.tgz 0ms (cache hit)
5190 http cache ms@https://registry.npmjs.org/ms/-/ms-2.0.0.tgz 0ms (cache hit)
5191 http cache open@https://registry.npmjs.org/open/-/open-8.4.2.tgz 0ms (cache hit)
5192 http cache ms@https://registry.npmjs.org/ms/-/ms-2.0.0.tgz 0ms (cache hit)
5193 http cache debug@https://registry.npmjs.org/debug/-/debug-3.2.7.tgz 0ms (cache hit)
5194 http cache ws@https://registry.npmjs.org/ws/-/ws-6.2.3.tgz 0ms (cache hit)
5195 http cache webidl-conversions@https://registry.npmjs.org/webidl-conversions/-/webidl-conversions-5.0.0.tgz 0ms (cache hit)
5196 http cache debug@https://registry.npmjs.org/debug/-/debug-2.6.9.tgz 0ms (cache hit)
5197 http cache expo-font@https://registry.npmjs.org/expo-font/-/expo-font-13.3.1.tgz 0ms (cache hit)
5198 http cache react-is@https://registry.npmjs.org/react-is/-/react-is-17.0.2.tgz 0ms (cache hit)
5199 http cache brace-expansion@https://registry.npmjs.org/brace-expansion/-/brace-expansion-1.1.11.tgz 0ms (cache hit)
5200 http cache minimatch@https://registry.npmjs.org/minimatch/-/minimatch-3.1.2.tgz 0ms (cache hit)
5201 http cache @types/yargs@https://registry.npmjs.org/@types/yargs/-/yargs-15.0.19.tgz 0ms (cache hit)
5202 http cache @jest/types@https://registry.npmjs.org/@jest/types/-/types-26.6.2.tgz 0ms (cache hit)
5203 http cache glob@https://registry.npmjs.org/glob/-/glob-7.2.3.tgz 0ms (cache hit)
5204 http cache ws@https://registry.npmjs.org/ws/-/ws-6.2.3.tgz 0ms (cache hit)
5205 http cache pretty-format@https://registry.npmjs.org/pretty-format/-/pretty-format-26.6.2.tgz 0ms (cache hit)
5206 http cache @react-native/normalize-colors@https://registry.npmjs.org/@react-native/normalize-colors/-/normalize-colors-0.73.2.tgz 0ms (cache hit)
5207 http cache @react-native/codegen@https://registry.npmjs.org/@react-native/codegen/-/codegen-0.73.3.tgz 0ms (cache hit)
5208 http cache mkdirp@https://registry.npmjs.org/mkdirp/-/mkdirp-0.5.6.tgz 0ms (cache hit)
5209 silly tarball no local data for hoist-non-react-statics@https://registry.npmjs.org/hoist-non-react-statics/-/hoist-non-react-statics-3.3.2.tgz. Extracting by manifest.
5210 silly tarball no local data for @egjs/hammerjs@https://registry.npmjs.org/@egjs/hammerjs/-/hammerjs-2.0.17.tgz. Extracting by manifest.
5211 silly tarball no local data for @types/hammerjs@https://registry.npmjs.org/@types/hammerjs/-/hammerjs-2.0.46.tgz. Extracting by manifest.
5212 silly tarball no local data for react-freeze@https://registry.npmjs.org/react-freeze/-/react-freeze-1.0.4.tgz. Extracting by manifest.
5213 silly tarball no local data for @react-native/gradle-plugin@https://registry.npmjs.org/@react-native/gradle-plugin/-/gradle-plugin-0.73.5.tgz. Extracting by manifest.
5214 silly tarball no local data for @react-native/community-cli-plugin@https://registry.npmjs.org/@react-native/community-cli-plugin/-/community-cli-plugin-0.73.18.tgz. Extracting by manifest.
5215 silly tarball no local data for filter-obj@https://registry.npmjs.org/filter-obj/-/filter-obj-1.1.0.tgz. Extracting by manifest.
5216 silly tarball no local data for split-on-first@https://registry.npmjs.org/split-on-first/-/split-on-first-1.1.0.tgz. Extracting by manifest.
5217 silly tarball no local data for decode-uri-component@https://registry.npmjs.org/decode-uri-component/-/decode-uri-component-0.2.2.tgz. Extracting by manifest.
5218 silly tarball no local data for strict-uri-encode@https://registry.npmjs.org/strict-uri-encode/-/strict-uri-encode-2.0.0.tgz. Extracting by manifest.
5219 silly tarball no local data for is-plain-obj@https://registry.npmjs.org/is-plain-obj/-/is-plain-obj-2.1.0.tgz. Extracting by manifest.
5220 silly tarball no local data for use-latest-callback@https://registry.npmjs.org/use-latest-callback/-/use-latest-callback-0.2.3.tgz. Extracting by manifest.
5221 silly tarball no local data for @react-navigation/elements@https://registry.npmjs.org/@react-navigation/elements/-/elements-1.3.31.tgz. Extracting by manifest.
5222 silly tarball no local data for warn-once@https://registry.npmjs.org/warn-once/-/warn-once-0.1.1.tgz. Extracting by manifest.
5223 silly tarball no local data for fast-deep-equal@https://registry.npmjs.org/fast-deep-equal/-/fast-deep-equal-3.1.3.tgz. Extracting by manifest.
5224 silly tarball no local data for query-string@https://registry.npmjs.org/query-string/-/query-string-7.1.3.tgz. Extracting by manifest.
5225 silly tarball no local data for @react-navigation/routers@https://registry.npmjs.org/@react-navigation/routers/-/routers-6.1.9.tgz. Extracting by manifest.
5226 silly tarball no local data for @react-navigation/core@https://registry.npmjs.org/@react-navigation/core/-/core-6.4.17.tgz. Extracting by manifest.
5227 silly tarball no local data for react-native-gesture-handler@https://registry.npmjs.org/react-native-gesture-handler/-/react-native-gesture-handler-2.18.1.tgz. Extracting by manifest.
5228 silly tarball no local data for expo-font@https://registry.npmjs.org/expo-font/-/expo-font-11.0.1.tgz. Extracting by manifest.
5229 silly tarball no local data for react-native-safe-area-context@https://registry.npmjs.org/react-native-safe-area-context/-/react-native-safe-area-context-4.10.0.tgz. Extracting by manifest.
5230 silly tarball no local data for react-native-screens@https://registry.npmjs.org/react-native-screens/-/react-native-screens-3.29.0.tgz. Extracting by manifest.
5231 silly tarball no local data for merge-options@https://registry.npmjs.org/merge-options/-/merge-options-3.0.4.tgz. Extracting by manifest.
5232 silly tarball no local data for @react-navigation/native@https://registry.npmjs.org/@react-navigation/native/-/native-6.1.18.tgz. Extracting by manifest.
5233 silly tarball no local data for @react-native-community/datetimepicker@https://registry.npmjs.org/@react-native-community/datetimepicker/-/datetimepicker-7.0.0.tgz. Extracting by manifest.
5234 silly tarball no local data for @react-navigation/native-stack@https://registry.npmjs.org/@react-navigation/native-stack/-/native-stack-6.11.0.tgz. Extracting by manifest.
5235 silly tarball no local data for @react-native-async-storage/async-storage@https://registry.npmjs.org/@react-native-async-storage/async-storage/-/async-storage-1.24.0.tgz. Extracting by manifest.
5236 silly tarball no local data for @react-native-community/cli-debugger-ui@https://registry.npmjs.org/@react-native-community/cli-debugger-ui/-/cli-debugger-ui-12.3.7.tgz. Extracting by manifest.
5237 silly tarball no local data for @react-native-community/cli-tools@https://registry.npmjs.org/@react-native-community/cli-tools/-/cli-tools-12.3.7.tgz. Extracting by manifest.
5238 silly tarball no local data for @react-native-community/cli-server-api@https://registry.npmjs.org/@react-native-community/cli-server-api/-/cli-server-api-12.3.7.tgz. Extracting by manifest.
5239 http fetch POST 200 https://registry.npmjs.org/-/npm/v1/security/advisories/bulk 2199ms
5240 silly audit report {
5240 silly audit report   ip: [
5240 silly audit report     {
5240 silly audit report       id: 1101851,
5240 silly audit report       url: 'https://github.com/advisories/GHSA-2p57-rm9w-gvfp',
5240 silly audit report       title: 'ip SSRF improper categorization in isPublic',
5240 silly audit report       severity: 'high',
5240 silly audit report       vulnerable_versions: '<=2.0.1',
5240 silly audit report       cwe: [Array],
5240 silly audit report       cvss: [Object]
5240 silly audit report     }
5240 silly audit report   ]
5240 silly audit report }
5241 silly packumentCache corgi:https://registry.npmjs.org/ip cache-miss
5242 warn deprecated inflight@1.0.6: This module is not supported, and leaks memory. Do not use it. Check out lru-cache if you want a good and tested way to coalesce async requests by a key value, which is much more comprehensive and powerful.
5243 warn deprecated @babel/plugin-proposal-numeric-separator@7.18.6: This proposal has been merged to the ECMAScript standard and thus this plugin is no longer maintained. Please use @babel/plugin-transform-numeric-separator instead.
5244 warn deprecated @babel/plugin-proposal-optional-catch-binding@7.18.6: This proposal has been merged to the ECMAScript standard and thus this plugin is no longer maintained. Please use @babel/plugin-transform-optional-catch-binding instead.
5245 warn deprecated @babel/plugin-proposal-nullish-coalescing-operator@7.18.6: This proposal has been merged to the ECMAScript standard and thus this plugin is no longer maintained. Please use @babel/plugin-transform-nullish-coalescing-operator instead.
5246 warn deprecated @babel/plugin-proposal-class-properties@7.18.6: This proposal has been merged to the ECMAScript standard and thus this plugin is no longer maintained. Please use @babel/plugin-transform-class-properties instead.
5247 warn deprecated rimraf@2.6.3: Rimraf versions prior to v4 are no longer supported
5248 warn deprecated @babel/plugin-proposal-optional-chaining@7.21.0: This proposal has been merged to the ECMAScript standard and thus this plugin is no longer maintained. Please use @babel/plugin-transform-optional-chaining instead.
5249 warn deprecated @babel/plugin-proposal-async-generator-functions@7.20.7: This proposal has been merged to the ECMAScript standard and thus this plugin is no longer maintained. Please use @babel/plugin-transform-async-generator-functions instead.
5250 warn deprecated rimraf@3.0.2: Rimraf versions prior to v4 are no longer supported
5251 warn deprecated glob@7.2.3: Glob versions prior to v9 are no longer supported
5252 warn deprecated glob@7.2.3: Glob versions prior to v9 are no longer supported
5253 warn deprecated glob@7.2.3: Glob versions prior to v9 are no longer supported
5254 warn deprecated glob@7.2.3: Glob versions prior to v9 are no longer supported
5255 warn deprecated glob@7.2.3: Glob versions prior to v9 are no longer supported
5256 warn deprecated glob@7.2.3: Glob versions prior to v9 are no longer supported
5257 warn deprecated glob@7.2.3: Glob versions prior to v9 are no longer supported
5258 warn deprecated glob@7.2.3: Glob versions prior to v9 are no longer supported
5259 warn deprecated @babel/plugin-proposal-object-rest-spread@7.20.7: This proposal has been merged to the ECMAScript standard and thus this plugin is no longer maintained. Please use @babel/plugin-transform-object-rest-spread instead.
5260 http fetch GET 200 https://registry.npmjs.org/react-freeze/-/react-freeze-1.0.4.tgz 3365ms (cache miss)
5261 http fetch GET 200 https://registry.npmjs.org/hoist-non-react-statics/-/hoist-non-react-statics-3.3.2.tgz 3368ms (cache miss)
5262 warn deprecated sudo-prompt@9.2.1: Package no longer supported. Contact Support at https://www.npmjs.com/support for more info.
5263 http fetch GET 200 https://registry.npmjs.org/fast-deep-equal/-/fast-deep-equal-3.1.3.tgz 3377ms (cache miss)
5264 http fetch GET 200 https://registry.npmjs.org/@react-native/community-cli-plugin/-/community-cli-plugin-0.73.18.tgz 3395ms (cache miss)
5265 http fetch GET 200 https://registry.npmjs.org/@types/hammerjs/-/hammerjs-2.0.46.tgz 3409ms (cache miss)
5266 http fetch GET 200 https://registry.npmjs.org/query-string/-/query-string-7.1.3.tgz 3401ms (cache miss)
5267 http fetch GET 200 https://registry.npmjs.org/merge-options/-/merge-options-3.0.4.tgz 3418ms (cache miss)
5268 http fetch GET 200 https://registry.npmjs.org/split-on-first/-/split-on-first-1.1.0.tgz 3524ms (cache miss)
5269 http fetch GET 200 https://registry.npmjs.org/warn-once/-/warn-once-0.1.1.tgz 3508ms (cache miss)
5270 http fetch GET 200 https://registry.npmjs.org/strict-uri-encode/-/strict-uri-encode-2.0.0.tgz 3524ms (cache miss)
5271 http fetch GET 200 https://registry.npmjs.org/is-plain-obj/-/is-plain-obj-2.1.0.tgz 3522ms (cache miss)
5272 http fetch GET 200 https://registry.npmjs.org/filter-obj/-/filter-obj-1.1.0.tgz 3527ms (cache miss)
5273 http fetch GET 200 https://registry.npmjs.org/decode-uri-component/-/decode-uri-component-0.2.2.tgz 3548ms (cache miss)
5274 http fetch GET 200 https://registry.npmjs.org/use-latest-callback/-/use-latest-callback-0.2.3.tgz 3551ms (cache miss)
5275 http fetch GET 200 https://registry.npmjs.org/ip 1958ms (cache updated)
5276 silly packumentCache corgi:https://registry.npmjs.org/ip set size:undefined disposed:false
5277 silly packumentCache corgi:https://registry.npmjs.org/@react-native-community%2fcli-doctor cache-miss
5278 silly packumentCache corgi:https://registry.npmjs.org/@react-native-community%2fcli-hermes cache-miss
5279 http fetch GET 200 https://registry.npmjs.org/@react-native-community/cli-debugger-ui/-/cli-debugger-ui-12.3.7.tgz 4418ms (cache miss)
5280 http fetch GET 200 https://registry.npmjs.org/@react-native-community/cli-server-api/-/cli-server-api-12.3.7.tgz 4420ms (cache miss)
5281 http fetch GET 200 https://registry.npmjs.org/@react-navigation/routers/-/routers-6.1.9.tgz 4460ms (cache miss)
5282 http fetch GET 200 https://registry.npmjs.org/expo-font/-/expo-font-11.0.1.tgz 4504ms (cache miss)
5283 http fetch GET 200 https://registry.npmjs.org/@react-native-community%2fcli-hermes 817ms (cache updated)
5284 silly packumentCache corgi:https://registry.npmjs.org/@react-native-community%2fcli-hermes set size:undefined disposed:false
5285 http fetch GET 200 https://registry.npmjs.org/@react-native-community%2fcli-doctor 825ms (cache updated)
5286 silly packumentCache corgi:https://registry.npmjs.org/@react-native-community%2fcli-doctor set size:undefined disposed:false
5287 silly packumentCache corgi:https://registry.npmjs.org/@react-native-community%2fcli cache-miss
5288 http fetch GET 200 https://registry.npmjs.org/@react-native/gradle-plugin/-/gradle-plugin-0.73.5.tgz 4889ms (cache miss)
5289 http fetch GET 200 https://registry.npmjs.org/@react-native-community/datetimepicker/-/datetimepicker-7.0.0.tgz 5023ms (cache miss)
5290 http fetch GET 200 https://registry.npmjs.org/@react-native-community/cli-tools/-/cli-tools-12.3.7.tgz 5009ms (cache miss)
5291 http fetch GET 200 https://registry.npmjs.org/@react-navigation/native-stack/-/native-stack-6.11.0.tgz 5072ms (cache miss)
5292 http fetch GET 200 https://registry.npmjs.org/@egjs/hammerjs/-/hammerjs-2.0.17.tgz 5171ms (cache miss)
5293 http fetch GET 200 https://registry.npmjs.org/@react-navigation/native/-/native-6.1.18.tgz 5234ms (cache miss)
5294 http fetch GET 200 https://registry.npmjs.org/@react-native-async-storage/async-storage/-/async-storage-1.24.0.tgz 5254ms (cache miss)
5295 http fetch GET 200 https://registry.npmjs.org/@react-navigation/elements/-/elements-1.3.31.tgz 5304ms (cache miss)
5296 http fetch GET 200 https://registry.npmjs.org/react-native-safe-area-context/-/react-native-safe-area-context-4.10.0.tgz 5343ms (cache miss)
5297 http fetch GET 200 https://registry.npmjs.org/@react-navigation/core/-/core-6.4.17.tgz 5709ms (cache miss)
5298 http fetch GET 200 https://registry.npmjs.org/@react-native-community%2fcli 1024ms (cache updated)
5299 silly packumentCache corgi:https://registry.npmjs.org/@react-native-community%2fcli set size:undefined disposed:false
5300 silly packumentCache corgi:https://registry.npmjs.org/react-native cache-miss
5301 http fetch GET 200 https://registry.npmjs.org/react-native-screens/-/react-native-screens-3.29.0.tgz 5851ms (cache miss)
5302 http fetch GET 200 https://registry.npmjs.org/react-native 588ms (cache updated)
5303 silly packumentCache corgi:https://registry.npmjs.org/react-native set size:undefined disposed:false
5304 silly packumentCache corgi:https://registry.npmjs.org/@react-native-async-storage%2fasync-storage cache-miss
5305 silly packumentCache corgi:https://registry.npmjs.org/@react-navigation%2fnative cache-miss
5306 silly packumentCache corgi:https://registry.npmjs.org/@react-navigation%2fnative-stack cache-miss
5307 silly packumentCache corgi:https://registry.npmjs.org/react-native-screens cache-miss
5308 silly packumentCache corgi:https://registry.npmjs.org/react-native-safe-area-context cache-miss
5309 silly packumentCache corgi:https://registry.npmjs.org/expo cache-miss
5310 silly packumentCache corgi:https://registry.npmjs.org/react-native-gesture-handler cache-miss
5311 silly packumentCache corgi:https://registry.npmjs.org/@react-navigation%2felements cache-miss
5312 silly packumentCache corgi:https://registry.npmjs.org/@expo%2fvector-icons cache-miss
5313 silly packumentCache corgi:https://registry.npmjs.org/expo-asset cache-miss
5314 silly packumentCache corgi:https://registry.npmjs.org/expo-constants cache-miss
5315 silly packumentCache corgi:https://registry.npmjs.org/expo-file-system cache-miss
5316 silly packumentCache corgi:https://registry.npmjs.org/react-native-edge-to-edge cache-miss
5317 silly packumentCache corgi:https://registry.npmjs.org/@react-native%2fvirtualized-lists cache-miss
5318 http fetch GET 200 https://registry.npmjs.org/react-native-gesture-handler/-/react-native-gesture-handler-2.18.1.tgz 6556ms (cache miss)
5319 http fetch GET 200 https://registry.npmjs.org/react-native-gesture-handler 225ms (cache miss)
5320 silly packumentCache corgi:https://registry.npmjs.org/react-native-gesture-handler set size:undefined disposed:false
5321 http fetch GET 200 https://registry.npmjs.org/@react-native%2fvirtualized-lists 316ms (cache updated)
5322 silly packumentCache corgi:https://registry.npmjs.org/@react-native%2fvirtualized-lists set size:undefined disposed:false
5323 http fetch GET 200 https://registry.npmjs.org/react-native-safe-area-context 348ms (cache miss)
5324 silly packumentCache corgi:https://registry.npmjs.org/react-native-safe-area-context set size:undefined disposed:false
5325 http fetch GET 200 https://registry.npmjs.org/expo 362ms (cache updated)
5326 silly packumentCache corgi:https://registry.npmjs.org/expo set size:undefined disposed:false
5327 http fetch GET 200 https://registry.npmjs.org/react-native-screens 399ms (cache miss)
5328 silly packumentCache corgi:https://registry.npmjs.org/react-native-screens set size:undefined disposed:false
5329 http fetch GET 200 https://registry.npmjs.org/react-native-edge-to-edge 761ms (cache updated)
5330 silly packumentCache corgi:https://registry.npmjs.org/react-native-edge-to-edge set size:undefined disposed:false
5331 http fetch GET 200 https://registry.npmjs.org/expo-asset 797ms (cache updated)
5332 silly packumentCache corgi:https://registry.npmjs.org/expo-asset set size:undefined disposed:false
5333 http fetch GET 200 https://registry.npmjs.org/expo-file-system 832ms (cache updated)
5334 silly packumentCache corgi:https://registry.npmjs.org/expo-file-system set size:undefined disposed:false
5335 http fetch GET 200 https://registry.npmjs.org/@react-navigation%2fnative 903ms (cache miss)
5336 silly packumentCache corgi:https://registry.npmjs.org/@react-navigation%2fnative set size:undefined disposed:false
5337 http fetch GET 200 https://registry.npmjs.org/expo-constants 977ms (cache updated)
5338 silly packumentCache corgi:https://registry.npmjs.org/expo-constants set size:undefined disposed:false
5339 http fetch GET 200 https://registry.npmjs.org/@react-navigation%2fnative-stack 1004ms (cache miss)
5340 silly packumentCache corgi:https://registry.npmjs.org/@react-navigation%2fnative-stack set size:undefined disposed:false
5341 http fetch GET 200 https://registry.npmjs.org/@react-native-async-storage%2fasync-storage 1018ms (cache miss)
5342 silly packumentCache corgi:https://registry.npmjs.org/@react-native-async-storage%2fasync-storage set size:undefined disposed:false
5343 http fetch GET 200 https://registry.npmjs.org/@react-navigation%2felements 1146ms (cache miss)
5344 silly packumentCache corgi:https://registry.npmjs.org/@react-navigation%2felements set size:undefined disposed:false
5345 http fetch GET 200 https://registry.npmjs.org/@expo%2fvector-icons 1180ms (cache updated)
5346 silly packumentCache corgi:https://registry.npmjs.org/@expo%2fvector-icons set size:undefined disposed:false
5347 silly ADD node_modules/which-module
5348 silly ADD node_modules/set-blocking
5349 silly ADD node_modules/require-main-filename
5350 silly ADD node_modules/decamelize
5351 silly ADD node_modules/sprintf-js
5352 silly ADD node_modules/define-lazy-prop
5353 silly ADD node_modules/imurmurhash
5354 silly ADD node_modules/tslib
5355 silly ADD node_modules/esprima
5356 silly ADD node_modules/ast-types
5357 silly ADD node_modules/pify
5358 silly ADD node_modules/isobject
5359 silly ADD node_modules/pkg-dir
5360 silly ADD node_modules/pkg-dir/node_modules/p-limit
5361 silly ADD node_modules/pkg-dir/node_modules/path-exists
5362 silly ADD node_modules/pkg-dir/node_modules/p-locate
5363 silly ADD node_modules/pkg-dir/node_modules/locate-path
5364 silly ADD node_modules/pkg-dir/node_modules/find-up
5365 silly ADD node_modules/commondir
5366 silly ADD node_modules/shallow-clone
5367 silly ADD node_modules/kind-of
5368 silly ADD node_modules/is-plain-object
5369 silly ADD node_modules/make-dir
5370 silly ADD node_modules/make-dir/node_modules/semver
5371 silly ADD node_modules/find-cache-dir
5372 silly ADD node_modules/clone-deep
5373 silly ADD node_modules/write-file-atomic
5374 silly ADD node_modules/write-file-atomic/node_modules/signal-exit
5375 silly ADD node_modules/temp
5376 silly ADD node_modules/temp/node_modules/brace-expansion
5377 silly ADD node_modules/temp/node_modules/minimatch
5378 silly ADD node_modules/temp/node_modules/glob
5379 silly ADD node_modules/temp/node_modules/rimraf
5380 silly ADD node_modules/recast
5381 silly ADD node_modules/recast/node_modules/source-map
5382 silly ADD node_modules/node-dir
5383 silly ADD node_modules/node-dir/node_modules/brace-expansion
5384 silly ADD node_modules/node-dir/node_modules/minimatch
5385 silly ADD node_modules/neo-async
5386 silly ADD node_modules/babel-core
5387 silly ADD node_modules/@babel/register
5388 silly ADD node_modules/@babel/preset-flow
5389 silly ADD node_modules/jscodeshift
5390 silly ADD node_modules/flow-parser
5391 silly ADD node_modules/@babel/plugin-syntax-optional-catch-binding
5392 silly ADD node_modules/@babel/plugin-syntax-object-rest-spread
5393 silly ADD node_modules/@babel/plugin-syntax-numeric-separator
5394 silly ADD node_modules/@babel/plugin-syntax-async-generators
5395 silly ADD node_modules/@babel/helper-environment-visitor
5396 silly ADD node_modules/@babel/plugin-proposal-optional-chaining
5397 silly ADD node_modules/@babel/plugin-proposal-optional-catch-binding
5398 silly ADD node_modules/@babel/plugin-proposal-object-rest-spread
5399 silly ADD node_modules/@babel/plugin-proposal-numeric-separator
5400 silly ADD node_modules/@babel/plugin-proposal-nullish-coalescing-operator
5401 silly ADD node_modules/@babel/plugin-proposal-class-properties
5402 silly ADD node_modules/@babel/plugin-proposal-async-generator-functions
5403 silly ADD node_modules/async-limiter
5404 silly ADD node_modules/p-try
5405 silly ADD node_modules/is-unicode-supported
5406 silly ADD node_modules/is-interactive
5407 silly ADD node_modules/bl
5408 silly ADD node_modules/bl/node_modules/readable-stream
5409 silly ADD node_modules/concat-map
5410 silly ADD node_modules/wrappy
5411 silly ADD node_modules/path-is-absolute
5412 silly ADD node_modules/once
5413 silly ADD node_modules/inflight
5414 silly ADD node_modules/fs.realpath
5415 silly ADD node_modules/yargs-parser
5416 silly ADD node_modules/y18n
5417 silly ADD node_modules/require-directory
5418 silly ADD node_modules/get-caller-file
5419 silly ADD node_modules/cliui
5420 silly ADD node_modules/cliui/node_modules/is-fullwidth-code-point
5421 silly ADD node_modules/cliui/node_modules/emoji-regex
5422 silly ADD node_modules/cliui/node_modules/strip-ansi
5423 silly ADD node_modules/cliui/node_modules/string-width
5424 silly ADD node_modules/sax
5425 silly ADD node_modules/plist
5426 silly ADD node_modules/uuid
5427 silly ADD node_modules/simple-plist
5428 silly ADD node_modules/simple-plist/node_modules/bplist-parser
5429 silly ADD node_modules/isexe
5430 silly ADD node_modules/ieee754
5431 silly ADD node_modules/punycode
5432 silly ADD node_modules/buffer
5433 silly ADD node_modules/webidl-conversions
5434 silly ADD node_modules/tr46
5435 silly ADD node_modules/clone
5436 silly ADD node_modules/defaults
5437 silly ADD node_modules/tmpl
5438 silly ADD node_modules/makeerror
5439 silly ADD node_modules/escalade
5440 silly ADD node_modules/crypto-random-string
5441 silly ADD node_modules/unicode-property-aliases-ecmascript
5442 silly ADD node_modules/unicode-canonical-property-names-ecmascript
5443 silly ADD node_modules/is-number
5444 silly ADD node_modules/util-deprecate
5445 silly ADD node_modules/string_decoder
5446 silly ADD node_modules/string_decoder/node_modules/safe-buffer
5447 silly ADD node_modules/process-nextick-args
5448 silly ADD node_modules/isarray
5449 silly ADD node_modules/core-util-is
5450 silly ADD node_modules/xtend
5451 silly ADD node_modules/readable-stream
5452 silly ADD node_modules/readable-stream/node_modules/safe-buffer
5453 silly ADD node_modules/thenify
5454 silly ADD node_modules/acorn
5455 silly ADD node_modules/@jridgewell/source-map
5456 silly ADD node_modules/supports-hyperlinks
5457 silly ADD node_modules/ansi-escapes
5458 silly ADD node_modules/ansi-escapes/node_modules/type-fest
5459 silly ADD node_modules/minizlib
5460 silly ADD node_modules/chownr
5461 silly ADD node_modules/@isaacs/fs-minipass
5462 silly ADD node_modules/has-flag
5463 silly ADD node_modules/thenify-all
5464 silly ADD node_modules/any-promise
5465 silly ADD node_modules/ts-interface-checker
5466 silly ADD node_modules/pirates
5467 silly ADD node_modules/mz
5468 silly ADD node_modules/lines-and-columns
5469 silly ADD node_modules/emoji-regex
5470 silly ADD node_modules/eastasianwidth
5471 silly ADD node_modules/type-fest
5472 silly ADD node_modules/buffer-from
5473 silly ADD node_modules/is-fullwidth-code-point
5474 silly ADD node_modules/astral-regex
5475 silly ADD node_modules/shebang-regex
5476 silly ADD node_modules/toidentifier
5477 silly ADD node_modules/setprototypeof
5478 silly ADD node_modules/range-parser
5479 silly ADD node_modules/http-errors
5480 silly ADD node_modules/http-errors/node_modules/statuses
5481 silly ADD node_modules/fresh
5482 silly ADD node_modules/etag
5483 silly ADD node_modules/destroy
5484 silly ADD node_modules/depd
5485 silly ADD node_modules/function-bind
5486 silly ADD node_modules/hasown
5487 silly ADD node_modules/supports-preserve-symlinks-flag
5488 silly ADD node_modules/path-parse
5489 silly ADD node_modules/is-core-module
5490 silly ADD node_modules/strip-json-comments
5491 silly ADD node_modules/minimist
5492 silly ADD node_modules/ini
5493 silly ADD node_modules/deep-extend
5494 silly ADD node_modules/rc
5495 silly ADD node_modules/nested-error-stacks
5496 silly ADD node_modules/unicode-match-property-value-ecmascript
5497 silly ADD node_modules/unicode-match-property-ecmascript
5498 silly ADD node_modules/regjsparser
5499 silly ADD node_modules/regjsparser/node_modules/jsesc
5500 silly ADD node_modules/regjsgen
5501 silly ADD node_modules/regenerate-unicode-properties
5502 silly ADD node_modules/regenerate
5503 silly ADD node_modules/react-freeze
5504 silly ADD node_modules/@types/hammerjs
5505 silly ADD node_modules/hoist-non-react-statics
5506 silly ADD node_modules/@egjs/hammerjs
5507 silly ADD node_modules/inherits
5508 silly ADD node_modules/object-assign
5509 silly ADD node_modules/asap
5510 silly ADD node_modules/is-arrayish
5511 silly ADD node_modules/json-parse-better-errors
5512 silly ADD node_modules/error-ex
5513 silly ADD node_modules/mimic-fn
5514 silly ADD node_modules/whatwg-url
5515 silly ADD node_modules/to-regex-range
5516 silly ADD node_modules/fill-range
5517 silly ADD node_modules/braces
5518 silly ADD node_modules/terser
5519 silly ADD node_modules/terser/node_modules/commander
5520 silly ADD node_modules/metro-minify-terser
5521 silly ADD node_modules/through2
5522 silly ADD node_modules/vlq
5523 silly ADD node_modules/ob1
5524 silly ADD node_modules/node-int64
5525 silly ADD node_modules/bser
5526 silly ADD node_modules/normalize-path
5527 silly ADD node_modules/walker
5528 silly ADD node_modules/node-abort-controller
5529 silly ADD
5530 silly ADD node_modules/fb-watchman
5531 silly ADD node_modules/anymatch
5532 silly ADD node_modules/anymatch/node_modules/picomatch
5533 silly ADD node_modules/leven
5534 silly ADD node_modules/jest-get-type
5535 silly ADD node_modules/camelcase
5536 silly ADD node_modules/jest-validate
5537 silly ADD node_modules/exponential-backoff
5538 silly ADD node_modules/queue
5539 silly ADD node_modules/stackframe
5540 silly ADD node_modules/throat
5541 silly ADD node_modules/serialize-error
5542 silly ADD node_modules/metro-transform-worker
5543 silly ADD node_modules/metro-transform-plugins
5544 silly ADD node_modules/metro-symbolicate
5545 silly ADD node_modules/metro-symbolicate/node_modules/source-map
5546 silly ADD node_modules/metro-resolver
5547 silly ADD node_modules/metro-file-map
5548 silly ADD node_modules/metro-file-map/node_modules/ms
5549 silly ADD node_modules/metro-file-map/node_modules/debug
5550 silly ADD node_modules/metro-cache-key
5551 silly ADD node_modules/metro-cache
5552 silly ADD node_modules/metro-babel-transformer
5553 silly ADD node_modules/metro-babel-transformer/node_modules/hermes-estree
5554 silly ADD node_modules/metro-babel-transformer/node_modules/hermes-parser
5555 silly ADD node_modules/lodash.throttle
5556 silly ADD node_modules/jest-worker
5557 silly ADD node_modules/jest-worker/node_modules/supports-color
5558 silly ADD node_modules/image-size
5559 silly ADD node_modules/error-stack-parser
5560 silly ADD node_modules/denodeify
5561 silly ADD node_modules/slice-ansi
5562 silly ADD node_modules/slice-ansi/node_modules/color-name
5563 silly ADD node_modules/slice-ansi/node_modules/color-convert
5564 silly ADD node_modules/slice-ansi/node_modules/ansi-styles
5565 silly ADD node_modules/colorette
5566 silly ADD node_modules/dayjs
5567 silly ADD node_modules/ansi-fragments
5568 silly ADD node_modules/ansi-fragments/node_modules/ansi-regex
5569 silly ADD node_modules/ansi-fragments/node_modules/strip-ansi
5570 silly ADD node_modules/@sideway/pinpoint
5571 silly ADD node_modules/@sideway/formula
5572 silly ADD node_modules/@sideway/address
5573 silly ADD node_modules/@hapi/topo
5574 silly ADD node_modules/@hapi/hoek
5575 silly ADD node_modules/stack-utils
5576 silly ADD node_modules/stack-utils/node_modules/escape-string-regexp
5577 silly ADD node_modules/micromatch
5578 silly ADD node_modules/micromatch/node_modules/picomatch
5579 silly ADD node_modules/@types/stack-utils
5580 silly ADD node_modules/type-detect
5581 silly ADD node_modules/@sinonjs/commons
5582 silly ADD node_modules/jest-message-util
5583 silly ADD node_modules/jest-message-util/node_modules/@babel/code-frame
5584 silly ADD node_modules/@sinonjs/fake-timers
5585 silly ADD node_modules/jest-util
5586 silly ADD node_modules/jest-util/node_modules/picomatch
5587 silly ADD node_modules/jest-mock
5588 silly ADD node_modules/@jest/fake-timers
5589 silly ADD node_modules/@jest/environment
5590 silly ADD node_modules/callsites
5591 silly ADD node_modules/caller-callsite
5592 silly ADD node_modules/caller-path
5593 silly ADD node_modules/source-map
5594 silly ADD node_modules/universalify
5595 silly ADD node_modules/jsonfile
5596 silly ADD node_modules/strnum
5597 silly ADD node_modules/strip-final-newline
5598 silly ADD node_modules/onetime
5599 silly ADD node_modules/npm-run-path
5600 silly ADD node_modules/merge-stream
5601 silly ADD node_modules/is-stream
5602 silly ADD node_modules/human-signals
5603 silly ADD node_modules/get-stream
5604 silly ADD node_modules/prop-types
5605 silly ADD node_modules/parse-json
5606 silly ADD node_modules/is-directory
5607 silly ADD node_modules/import-fresh
5608 silly ADD node_modules/import-fresh/node_modules/resolve-from
5609 silly ADD node_modules/@types/yargs-parser
5610 silly ADD node_modules/@types/istanbul-lib-report
5611 silly ADD node_modules/readline
5612 silly ADD node_modules/metro-core
5613 silly ADD node_modules/metro-config
5614 silly ADD node_modules/metro
5615 silly ADD node_modules/metro/node_modules/hermes-estree
5616 silly ADD node_modules/metro/node_modules/ms
5617 silly ADD node_modules/metro/node_modules/ws
5618 silly ADD node_modules/metro/node_modules/strip-ansi
5619 silly ADD node_modules/metro/node_modules/source-map
5620 silly ADD node_modules/metro/node_modules/hermes-parser
5621 silly ADD node_modules/metro/node_modules/debug
5622 silly ADD node_modules/metro/node_modules/ci-info
5623 silly ADD node_modules/@react-native/metro-babel-transformer
5624 silly ADD node_modules/@react-native/metro-babel-transformer/node_modules/brace-expansion
5625 silly ADD node_modules/@react-native/metro-babel-transformer/node_modules/hermes-estree
5626 silly ADD node_modules/@react-native/metro-babel-transformer/node_modules/minimatch
5627 silly ADD node_modules/@react-native/metro-babel-transformer/node_modules/mkdirp
5628 silly ADD node_modules/@react-native/metro-babel-transformer/node_modules/glob
5629 silly ADD node_modules/@react-native/metro-babel-transformer/node_modules/@react-native/codegen
5630 silly ADD node_modules/@react-native/metro-babel-transformer/node_modules/@react-native/babel-plugin-codegen
5631 silly ADD node_modules/@react-native/metro-babel-transformer/node_modules/hermes-parser
5632 silly ADD node_modules/@react-native/metro-babel-transformer/node_modules/@react-native/babel-preset
5633 silly ADD node_modules/sudo-prompt
5634 silly ADD node_modules/shell-quote
5635 silly ADD node_modules/node-fetch
5636 silly ADD node_modules/mime
5637 silly ADD node_modules/appdirsjs
5638 silly ADD node_modules/nocache
5639 silly ADD node_modules/errorhandler
5640 silly ADD node_modules/logkitty
5641 silly ADD node_modules/logkitty/node_modules/camelcase
5642 silly ADD node_modules/logkitty/node_modules/is-fullwidth-code-point
5643 silly ADD node_modules/logkitty/node_modules/emoji-regex
5644 silly ADD node_modules/logkitty/node_modules/p-limit
5645 silly ADD node_modules/logkitty/node_modules/p-locate
5646 silly ADD node_modules/logkitty/node_modules/locate-path
5647 silly ADD node_modules/logkitty/node_modules/wrap-ansi
5648 silly ADD node_modules/logkitty/node_modules/strip-ansi
5649 silly ADD node_modules/logkitty/node_modules/yargs-parser
5650 silly ADD node_modules/logkitty/node_modules/y18n
5651 silly ADD node_modules/logkitty/node_modules/string-width
5652 silly ADD node_modules/logkitty/node_modules/find-up
5653 silly ADD node_modules/logkitty/node_modules/cliui
5654 silly ADD node_modules/logkitty/node_modules/yargs
5655 silly ADD node_modules/fast-xml-parser
5656 silly ADD node_modules/yaml
5657 silly ADD node_modules/node-stream-zip
5658 silly ADD node_modules/ip
5659 silly ADD node_modules/hermes-profile-transformer
5660 silly ADD node_modules/envinfo
5661 silly ADD node_modules/command-exists
5662 silly ADD node_modules/joi
5663 silly ADD node_modules/cosmiconfig
5664 silly ADD node_modules/cosmiconfig/node_modules/argparse
5665 silly ADD node_modules/cosmiconfig/node_modules/js-yaml
5666 silly ADD node_modules/graceful-fs
5667 silly ADD node_modules/fs-extra
5668 silly ADD node_modules/execa
5669 silly ADD node_modules/execa/node_modules/signal-exit
5670 silly ADD node_modules/@react-native-community/cli-types
5671 silly ADD node_modules/@react-native-community/cli-tools
5672 silly ADD node_modules/@react-native-community/cli-tools/node_modules/signal-exit
5673 silly ADD node_modules/@react-native-community/cli-tools/node_modules/restore-cursor
5674 silly ADD node_modules/@react-native-community/cli-tools/node_modules/strip-ansi
5675 silly ADD node_modules/@react-native-community/cli-tools/node_modules/log-symbols
5676 silly ADD node_modules/@react-native-community/cli-tools/node_modules/cli-cursor
5677 silly ADD node_modules/@react-native-community/cli-tools/node_modules/is-wsl
5678 silly ADD node_modules/@react-native-community/cli-tools/node_modules/ora
5679 silly ADD node_modules/@react-native-community/cli-tools/node_modules/open
5680 silly ADD node_modules/@react-native-community/cli-server-api
5681 silly ADD node_modules/@react-native-community/cli-server-api/node_modules/@types/yargs
5682 silly ADD node_modules/@react-native-community/cli-server-api/node_modules/react-is
5683 silly ADD node_modules/@react-native-community/cli-server-api/node_modules/@jest/types
5684 silly ADD node_modules/@react-native-community/cli-server-api/node_modules/ws
5685 silly ADD node_modules/@react-native-community/cli-server-api/node_modules/pretty-format
5686 silly ADD node_modules/@react-native-community/cli-plugin-metro
5687 silly ADD node_modules/@react-native-community/cli-hermes
5688 silly ADD node_modules/@react-native-community/cli-doctor
5689 silly ADD node_modules/@react-native-community/cli-doctor/node_modules/signal-exit
5690 silly ADD node_modules/@react-native-community/cli-doctor/node_modules/restore-cursor
5691 silly ADD node_modules/@react-native-community/cli-doctor/node_modules/log-symbols
5692 silly ADD node_modules/@react-native-community/cli-doctor/node_modules/cli-cursor
5693 silly ADD node_modules/@react-native-community/cli-doctor/node_modules/strip-ansi
5694 silly ADD node_modules/@react-native-community/cli-doctor/node_modules/strip-ansi/node_modules/ansi-regex
5695 silly ADD node_modules/@react-native-community/cli-doctor/node_modules/ora
5696 silly ADD node_modules/@react-native-community/cli-doctor/node_modules/ora/node_modules/strip-ansi
5697 silly ADD node_modules/@react-native-community/cli-debugger-ui
5698 silly ADD node_modules/@react-native-community/cli-config
5699 silly ADD node_modules/@react-native-community/cli-config/node_modules/brace-expansion
5700 silly ADD node_modules/@react-native-community/cli-config/node_modules/minimatch
5701 silly ADD node_modules/@react-native-community/cli-config/node_modules/glob
5702 silly ADD node_modules/@react-native-community/cli-clean
5703 silly ADD node_modules/@types/yargs
5704 silly ADD node_modules/@types/istanbul-reports
5705 silly ADD node_modules/@types/istanbul-lib-coverage
5706 silly ADD node_modules/@jest/types
5707 silly ADD node_modules/esutils
5708 silly ADD node_modules/@babel/preset-modules
5709 silly ADD node_modules/@babel/plugin-transform-unicode-sets-regex
5710 silly ADD node_modules/@babel/plugin-transform-unicode-property-regex
5711 silly ADD node_modules/@babel/plugin-transform-unicode-escapes
5712 silly ADD node_modules/@babel/plugin-transform-typeof-symbol
5713 silly ADD node_modules/@babel/plugin-transform-template-literals
5714 silly ADD node_modules/@babel/plugin-transform-reserved-words
5715 silly ADD node_modules/@babel/plugin-transform-regexp-modifiers
5716 silly ADD node_modules/@babel/plugin-transform-property-literals
5717 silly ADD node_modules/@babel/plugin-transform-object-super
5718 silly ADD node_modules/@babel/plugin-transform-new-target
5719 silly ADD node_modules/@babel/plugin-transform-modules-umd
5720 silly ADD node_modules/@babel/plugin-transform-modules-systemjs
5721 silly ADD node_modules/@babel/plugin-transform-modules-amd
5722 silly ADD node_modules/@babel/plugin-transform-member-expression-literals
5723 silly ADD node_modules/@babel/plugin-transform-json-strings
5724 silly ADD node_modules/@babel/plugin-transform-exponentiation-operator
5725 silly ADD node_modules/@babel/plugin-transform-dynamic-import
5726 silly ADD node_modules/@babel/plugin-transform-duplicate-named-capturing-groups-regex
5727 silly ADD node_modules/@babel/plugin-transform-duplicate-keys
5728 silly ADD node_modules/@babel/plugin-transform-dotall-regex
5729 silly ADD node_modules/@babel/plugin-transform-class-static-block
5730 silly ADD node_modules/@babel/plugin-transform-block-scoped-functions
5731 silly ADD node_modules/@babel/plugin-syntax-unicode-sets-regex
5732 silly ADD node_modules/@babel/plugin-syntax-import-attributes
5733 silly ADD node_modules/@babel/plugin-syntax-import-assertions
5734 silly ADD node_modules/@babel/plugin-proposal-private-property-in-object
5735 silly ADD node_modules/@babel/plugin-bugfix-v8-static-class-fields-redefine-readonly
5736 silly ADD node_modules/@babel/plugin-bugfix-v8-spread-parameters-in-optional-chaining
5737 silly ADD node_modules/@babel/plugin-bugfix-safari-id-destructuring-collision-in-function-expression
5738 silly ADD node_modules/@babel/plugin-bugfix-safari-class-field-initializer-scope
5739 silly ADD node_modules/@babel/plugin-bugfix-firefox-class-in-computed-class-key
5740 silly ADD node_modules/whatwg-fetch
5741 silly ADD node_modules/scheduler
5742 silly ADD node_modules/regenerator-runtime
5743 silly ADD node_modules/react-shallow-renderer
5744 silly ADD node_modules/react-devtools-core
5745 silly ADD node_modules/react-devtools-core/node_modules/ws
5746 silly ADD node_modules/promise
5747 silly ADD node_modules/metro-source-map
5748 silly ADD node_modules/metro-source-map/node_modules/source-map
5749 silly ADD node_modules/metro-runtime
5750 silly ADD node_modules/memoize-one
5751 silly ADD node_modules/jsc-android
5752 silly ADD node_modules/jest-environment-node
5753 silly ADD node_modules/flow-enums-runtime
5754 silly ADD node_modules/event-target-shim
5755 silly ADD node_modules/deprecated-react-native-prop-types
5756 silly ADD node_modules/deprecated-react-native-prop-types/node_modules/@react-native/normalize-colors
5757 silly ADD node_modules/ansi-regex
5758 silly ADD node_modules/anser
5759 silly ADD node_modules/abort-controller
5760 silly ADD node_modules/@react-native/virtualized-lists
5761 silly ADD node_modules/@react-native/js-polyfills
5762 silly ADD node_modules/@react-native/gradle-plugin
5763 silly ADD node_modules/@react-native/community-cli-plugin
5764 silly ADD node_modules/@react-native/community-cli-plugin/node_modules/signal-exit
5765 silly ADD node_modules/@react-native/community-cli-plugin/node_modules/@types/yargs
5766 silly ADD node_modules/@react-native/community-cli-plugin/node_modules/react-is
5767 silly ADD node_modules/@react-native/community-cli-plugin/node_modules/@jest/types
5768 silly ADD node_modules/@react-native/community-cli-plugin/node_modules/restore-cursor
5769 silly ADD node_modules/@react-native/community-cli-plugin/node_modules/strip-ansi
5770 silly ADD node_modules/@react-native/community-cli-plugin/node_modules/log-symbols
5771 silly ADD node_modules/@react-native/community-cli-plugin/node_modules/cli-cursor
5772 silly ADD node_modules/@react-native/community-cli-plugin/node_modules/ms
5773 silly ADD node_modules/@react-native/community-cli-plugin/node_modules/debug
5774 silly ADD node_modules/@react-native/community-cli-plugin/node_modules/chromium-edge-launcher
5775 silly ADD node_modules/@react-native/community-cli-plugin/node_modules/@react-native/debugger-frontend
5776 silly ADD node_modules/@react-native/community-cli-plugin/node_modules/ora
5777 silly ADD node_modules/@react-native/community-cli-plugin/node_modules/ws
5778 silly ADD node_modules/@react-native/community-cli-plugin/node_modules/pretty-format
5779 silly ADD node_modules/@react-native/community-cli-plugin/node_modules/@react-native-community/cli-debugger-ui
5780 silly ADD node_modules/@react-native/community-cli-plugin/node_modules/@react-native/dev-middleware
5781 silly ADD node_modules/@react-native/community-cli-plugin/node_modules/@react-native/dev-middleware/node_modules/ws
5782 silly ADD node_modules/@react-native/community-cli-plugin/node_modules/@react-native-community/cli-tools
5783 silly ADD node_modules/@react-native/community-cli-plugin/node_modules/@react-native-community/cli-tools/node_modules/is-wsl
5784 silly ADD node_modules/@react-native/community-cli-plugin/node_modules/@react-native-community/cli-tools/node_modules/open
5785 silly ADD node_modules/@react-native/community-cli-plugin/node_modules/@react-native-community/cli-server-api
5786 silly ADD node_modules/@babel/preset-env
5787 silly ADD node_modules/@babel/preset-env/node_modules/semver
5788 silly ADD node_modules/@react-native/assets-registry
5789 silly ADD node_modules/@react-native-community/cli-platform-ios
5790 silly ADD node_modules/@react-native-community/cli-platform-ios/node_modules/signal-exit
5791 silly ADD node_modules/@react-native-community/cli-platform-ios/node_modules/restore-cursor
5792 silly ADD node_modules/@react-native-community/cli-platform-ios/node_modules/strip-ansi
5793 silly ADD node_modules/@react-native-community/cli-platform-ios/node_modules/log-symbols
5794 silly ADD node_modules/@react-native-community/cli-platform-ios/node_modules/cli-cursor
5795 silly ADD node_modules/@react-native-community/cli-platform-ios/node_modules/brace-expansion
5796 silly ADD node_modules/@react-native-community/cli-platform-ios/node_modules/minimatch
5797 silly ADD node_modules/@react-native-community/cli-platform-ios/node_modules/ora
5798 silly ADD node_modules/@react-native-community/cli-platform-ios/node_modules/glob
5799 silly ADD node_modules/@react-native-community/cli-platform-android
5800 silly ADD node_modules/@react-native-community/cli-platform-android/node_modules/brace-expansion
5801 silly ADD node_modules/@react-native-community/cli-platform-android/node_modules/minimatch
5802 silly ADD node_modules/@react-native-community/cli-platform-android/node_modules/glob
5803 silly ADD node_modules/@react-native-community/cli
5804 silly ADD node_modules/@react-native-community/cli/node_modules/p-limit
5805 silly ADD node_modules/@react-native-community/cli/node_modules/p-locate
5806 silly ADD node_modules/@react-native-community/cli/node_modules/locate-path
5807 silly ADD node_modules/@react-native-community/cli/node_modules/find-up
5808 silly ADD node_modules/@react-native-community/cli/node_modules/commander
5809 silly ADD node_modules/@jest/create-cache-key-function
5810 silly ADD node_modules/strict-uri-encode
5811 silly ADD node_modules/split-on-first
5812 silly ADD node_modules/filter-obj
5813 silly ADD node_modules/decode-uri-component
5814 silly ADD node_modules/sisteransi
5815 silly ADD node_modules/kleur
5816 silly ADD node_modules/@sinclair/typebox
5817 silly ADD node_modules/@jest/schemas
5818 silly ADD node_modules/source-map-js
5819 silly ADD node_modules/pngjs
5820 silly ADD node_modules/yocto-queue
5821 silly ADD node_modules/restore-cursor
5822 silly ADD node_modules/restore-cursor/node_modules/mimic-fn
5823 silly ADD node_modules/restore-cursor/node_modules/signal-exit
5824 silly ADD node_modules/restore-cursor/node_modules/onetime
5825 silly ADD node_modules/wcwidth
5826 silly ADD node_modules/log-symbols
5827 silly ADD node_modules/log-symbols/node_modules/has-flag
5828 silly ADD node_modules/log-symbols/node_modules/color-name
5829 silly ADD node_modules/log-symbols/node_modules/color-convert
5830 silly ADD node_modules/log-symbols/node_modules/supports-color
5831 silly ADD node_modules/log-symbols/node_modules/escape-string-regexp
5832 silly ADD node_modules/log-symbols/node_modules/ansi-styles
5833 silly ADD node_modules/log-symbols/node_modules/chalk
5834 silly ADD node_modules/cli-spinners
5835 silly ADD node_modules/cli-cursor
5836 silly ADD node_modules/ee-first
5837 silly ADD node_modules/validate-npm-package-name
5838 silly ADD node_modules/proc-log
5839 silly ADD node_modules/hosted-git-info
5840 silly ADD node_modules/hosted-git-info/node_modules/lru-cache
5841 silly ADD node_modules/balanced-match
5842 silly ADD node_modules/brace-expansion
5843 silly ADD node_modules/is-plain-obj
5844 silly ADD node_modules/yallist
5845 silly ADD node_modules/p-locate
5846 silly ADD
5847 silly ADD
5848 silly ADD
5849 silly ADD
5850 silly ADD
5851 silly ADD
5852 silly ADD
5853 silly ADD
5854 silly ADD
5855 silly ADD
5856 silly ADD node_modules/detect-libc
5857 silly ADD node_modules/marky
5858 silly ADD node_modules/argparse
5859 silly ADD node_modules/wrap-ansi-cjs
5860 silly ADD node_modules/wrap-ansi-cjs/node_modules/is-fullwidth-code-point
5861 silly ADD node_modules/wrap-ansi-cjs/node_modules/emoji-regex
5862 silly ADD node_modules/wrap-ansi-cjs/node_modules/strip-ansi
5863 silly ADD node_modules/wrap-ansi-cjs/node_modules/string-width
5864 silly ADD node_modules/strip-ansi-cjs
5865 silly ADD node_modules/strip-ansi
5866 silly ADD node_modules/strip-ansi/node_modules/ansi-regex
5867 silly ADD node_modules/string-width-cjs
5868 silly ADD node_modules/string-width-cjs/node_modules/strip-ansi
5869 silly ADD node_modules/string-width-cjs/node_modules/is-fullwidth-code-point
5870 silly ADD node_modules/string-width-cjs/node_modules/emoji-regex
5871 silly ADD node_modules/string-width
5872 silly ADD node_modules/@pkgjs/parseargs
5873 silly ADD node_modules/@isaacs/cliui
5874 silly ADD node_modules/@isaacs/cliui/node_modules/ansi-styles
5875 silly ADD node_modules/@isaacs/cliui/node_modules/wrap-ansi
5876 silly ADD node_modules/is-docker
5877 silly ADD node_modules/loose-envify
5878 silly ADD node_modules/hermes-estree
5879 silly ADD node_modules/signal-exit
5880 silly ADD node_modules/path-scurry
5881 silly ADD node_modules/path-scurry/node_modules/lru-cache
5882 silly ADD node_modules/package-json-from-dist
5883 silly ADD node_modules/minipass
5884 silly ADD node_modules/jackspeak
5885 silly ADD node_modules/foreground-child
5886 silly ADD node_modules/path-exists
5887 silly ADD node_modules/locate-path
5888 silly ADD node_modules/unpipe
5889 silly ADD node_modules/statuses
5890 silly ADD node_modules/on-finished
5891 silly ADD node_modules/escape-html
5892 silly ADD node_modules/encodeurl
5893 silly ADD node_modules/commander
5894 silly ADD node_modules/fontfaceobserver
5895 silly ADD node_modules/ms
5896 silly ADD node_modules/which
5897 silly ADD node_modules/shebang-command
5898 silly ADD node_modules/path-key
5899 silly ADD node_modules/utils-merge
5900 silly ADD node_modules/parseurl
5901 silly ADD node_modules/finalhandler
5902 silly ADD node_modules/finalhandler/node_modules/ms
5903 silly ADD node_modules/finalhandler/node_modules/debug
5904 silly ADD node_modules/mime-db
5905 silly ADD node_modules/vary
5906 silly ADD node_modules/safe-buffer
5907 silly ADD node_modules/on-headers
5908 silly ADD node_modules/compressible
5909 silly ADD node_modules/bytes
5910 silly ADD node_modules/color-name
5911 silly ADD node_modules/rimraf
5912 silly ADD node_modules/rimraf/node_modules/brace-expansion
5913 silly ADD node_modules/rimraf/node_modules/minimatch
5914 silly ADD node_modules/rimraf/node_modules/glob
5915 silly ADD node_modules/mkdirp
5916 silly ADD node_modules/undici-types
5917 silly ADD node_modules/lighthouse-logger
5918 silly ADD node_modules/lighthouse-logger/node_modules/ms
5919 silly ADD node_modules/lighthouse-logger/node_modules/debug
5920 silly ADD node_modules/is-wsl
5921 silly ADD node_modules/@types/node
5922 silly ADD node_modules/color-convert
5923 silly ADD node_modules/supports-color
5924 silly ADD node_modules/ansi-styles
5925 silly ADD node_modules/update-browserslist-db
5926 silly ADD node_modules/node-releases
5927 silly ADD node_modules/electron-to-chromium
5928 silly ADD node_modules/caniuse-lite
5929 silly ADD node_modules/big-integer
5930 silly ADD node_modules/stream-buffers
5931 silly ADD node_modules/core-js-compat
5932 silly ADD node_modules/lodash.debounce
5933 silly ADD node_modules/@babel/helper-define-polyfill-provider
5934 silly ADD node_modules/yargs
5935 silly ADD node_modules/yargs/node_modules/strip-ansi
5936 silly ADD node_modules/yargs/node_modules/is-fullwidth-code-point
5937 silly ADD node_modules/yargs/node_modules/emoji-regex
5938 silly ADD node_modules/yargs/node_modules/string-width
5939 silly ADD node_modules/hermes-parser
5940 silly ADD node_modules/@react-native/codegen
5941 silly ADD node_modules/@react-native/codegen/node_modules/brace-expansion
5942 silly ADD node_modules/@react-native/codegen/node_modules/minimatch
5943 silly ADD node_modules/@react-native/codegen/node_modules/glob
5944 silly ADD node_modules/regexpu-core
5945 silly ADD node_modules/@babel/helper-create-regexp-features-plugin
5946 silly ADD node_modules/@babel/helper-create-regexp-features-plugin/node_modules/semver
5947 silly ADD node_modules/@babel/helper-wrap-function
5948 silly ADD node_modules/@babel/helper-remap-async-to-generator
5949 silly ADD node_modules/@react-native/babel-plugin-codegen
5950 silly ADD node_modules/@babel/plugin-transform-unicode-regex
5951 silly ADD node_modules/@babel/plugin-transform-sticky-regex
5952 silly ADD node_modules/@babel/plugin-transform-spread
5953 silly ADD node_modules/@babel/plugin-transform-shorthand-properties
5954 silly ADD node_modules/@babel/plugin-transform-regenerator
5955 silly ADD node_modules/@babel/plugin-transform-react-jsx-source
5956 silly ADD node_modules/@babel/plugin-transform-react-jsx-self
5957 silly ADD node_modules/@babel/plugin-transform-optional-chaining
5958 silly ADD node_modules/@babel/plugin-transform-optional-catch-binding
5959 silly ADD node_modules/@babel/plugin-transform-numeric-separator
5960 silly ADD node_modules/@babel/plugin-transform-nullish-coalescing-operator
5961 silly ADD node_modules/@babel/plugin-transform-named-capturing-groups-regex
5962 silly ADD node_modules/@babel/plugin-transform-logical-assignment-operators
5963 silly ADD node_modules/@babel/plugin-transform-literals
5964 silly ADD node_modules/@babel/plugin-transform-function-name
5965 silly ADD node_modules/@babel/plugin-transform-for-of
5966 silly ADD node_modules/@babel/plugin-transform-destructuring
5967 silly ADD node_modules/@babel/plugin-transform-computed-properties
5968 silly ADD node_modules/@babel/plugin-transform-classes
5969 silly ADD node_modules/@babel/plugin-transform-class-properties
5970 silly ADD node_modules/@babel/plugin-transform-block-scoping
5971 silly ADD node_modules/@babel/plugin-transform-async-to-generator
5972 silly ADD node_modules/@babel/plugin-transform-async-generator-functions
5973 silly ADD node_modules/@babel/plugin-transform-arrow-functions
5974 silly ADD node_modules/@babel/plugin-syntax-optional-chaining
5975 silly ADD node_modules/@babel/plugin-syntax-nullish-coalescing-operator
5976 silly ADD node_modules/@babel/plugin-syntax-dynamic-import
5977 silly ADD node_modules/@babel/plugin-syntax-typescript
5978 silly ADD node_modules/@babel/plugin-transform-typescript
5979 silly ADD node_modules/@babel/plugin-syntax-jsx
5980 silly ADD node_modules/@babel/plugin-transform-react-pure-annotations
5981 silly ADD node_modules/@babel/plugin-transform-react-jsx-development
5982 silly ADD node_modules/@babel/plugin-transform-react-jsx
5983 silly ADD node_modules/@babel/plugin-transform-react-display-name
5984 silly ADD node_modules/babel-plugin-polyfill-regenerator
5985 silly ADD node_modules/babel-plugin-polyfill-corejs3
5986 silly ADD node_modules/babel-plugin-polyfill-corejs2
5987 silly ADD node_modules/babel-plugin-polyfill-corejs2/node_modules/semver
5988 silly ADD node_modules/@babel/plugin-syntax-flow
5989 silly ADD node_modules/@babel/helper-skip-transparent-expression-wrappers
5990 silly ADD node_modules/@babel/helper-replace-supers
5991 silly ADD node_modules/@babel/helper-optimise-call-expression
5992 silly ADD node_modules/@babel/helper-member-expression-to-functions
5993 silly ADD node_modules/@babel/helper-annotate-as-pure
5994 silly ADD node_modules/@babel/plugin-syntax-decorators
5995 silly ADD node_modules/@babel/helper-plugin-utils
5996 silly ADD node_modules/@babel/helper-create-class-features-plugin
5997 silly ADD node_modules/@babel/helper-create-class-features-plugin/node_modules/semver
5998 silly ADD node_modules/react-refresh
5999 silly ADD node_modules/babel-plugin-transform-flow-enums
6000 silly ADD node_modules/babel-plugin-syntax-hermes-parser
6001 silly ADD node_modules/babel-plugin-react-native-web
6002 silly ADD node_modules/@react-native/babel-preset
6003 silly ADD node_modules/@babel/preset-typescript
6004 silly ADD node_modules/@babel/preset-react
6005 silly ADD node_modules/@babel/plugin-transform-runtime
6006 silly ADD node_modules/@babel/plugin-transform-runtime/node_modules/semver
6007 silly ADD node_modules/@babel/plugin-transform-private-property-in-object
6008 silly ADD node_modules/@babel/plugin-transform-private-methods
6009 silly ADD node_modules/@babel/plugin-transform-parameters
6010 silly ADD node_modules/@babel/plugin-transform-object-rest-spread
6011 silly ADD node_modules/@babel/plugin-transform-modules-commonjs
6012 silly ADD node_modules/@babel/plugin-transform-flow-strip-types
6013 silly ADD node_modules/@babel/plugin-transform-export-namespace-from
6014 silly ADD node_modules/@babel/plugin-syntax-export-default-from
6015 silly ADD node_modules/@babel/plugin-proposal-export-default-from
6016 silly ADD node_modules/@babel/plugin-proposal-decorators
6017 silly ADD node_modules/negotiator
6018 silly ADD node_modules/mime-types
6019 silly ADD node_modules/mime-types/node_modules/mime-db
6020 silly ADD node_modules/wonka
6021 silly ADD node_modules/serve-static
6022 silly ADD node_modules/serve-static/node_modules/statuses
6023 silly ADD node_modules/serve-static/node_modules/on-finished
6024 silly ADD node_modules/serve-static/node_modules/mime
6025 silly ADD node_modules/serve-static/node_modules/debug
6026 silly ADD node_modules/serve-static/node_modules/debug/node_modules/ms
6027 silly ADD node_modules/serve-static/node_modules/send
6028 silly ADD node_modules/serve-static/node_modules/send/node_modules/encodeurl
6029 silly ADD node_modules/serve-static/node_modules/encodeurl
6030 silly ADD node_modules/open
6031 silly ADD node_modules/chromium-edge-launcher
6032 silly ADD node_modules/chrome-launcher
6033 silly ADD node_modules/@react-native/debugger-frontend
6034 silly ADD node_modules/@isaacs/ttlcache
6035 silly ADD node_modules/@jridgewell/resolve-uri
6036 silly ADD node_modules/@jridgewell/sourcemap-codec
6037 silly ADD node_modules/@jridgewell/set-array
6038 silly ADD node_modules/js-yaml
6039 silly ADD node_modules/cross-spawn
6040 silly ADD node_modules/@react-native/normalize-colors
6041 silly ADD node_modules/xmlbuilder
6042 silly ADD node_modules/base64-js
6043 silly ADD node_modules/@xmldom/xmldom
6044 silly ADD node_modules/exec-async
6045 silly ADD node_modules/@babel/helper-string-parser
6046 silly ADD node_modules/globals
6047 silly ADD node_modules/@babel/helper-module-imports
6048 silly ADD node_modules/lru-cache
6049 silly ADD node_modules/browserslist
6050 silly ADD node_modules/@babel/helper-validator-option
6051 silly ADD node_modules/@babel/compat-data
6052 silly ADD node_modules/jsesc
6053 silly ADD node_modules/@jridgewell/trace-mapping
6054 silly ADD node_modules/@jridgewell/gen-mapping
6055 silly ADD node_modules/gensync
6056 silly ADD node_modules/convert-source-map
6057 silly ADD node_modules/@babel/traverse
6058 silly ADD node_modules/@babel/traverse/node_modules/@babel/code-frame
6059 silly ADD node_modules/@babel/template
6060 silly ADD node_modules/@babel/template/node_modules/@babel/code-frame
6061 silly ADD node_modules/@babel/helpers
6062 silly ADD node_modules/@babel/helper-module-transforms
6063 silly ADD node_modules/@babel/helper-compilation-targets
6064 silly ADD node_modules/@babel/helper-compilation-targets/node_modules/semver
6065 silly ADD node_modules/@ampproject/remapping
6066 silly ADD node_modules/postcss
6067 silly ADD node_modules/lightningcss
6068 silly ADD node_modules/jsc-safe-url
6069 silly ADD node_modules/@babel/types
6070 silly ADD node_modules/@babel/parser
6071 silly ADD node_modules/@babel/generator
6072 silly ADD node_modules/@babel/core
6073 silly ADD node_modules/@babel/core/node_modules/semver
6074 silly ADD node_modules/@babel/core/node_modules/@babel/code-frame
6075 silly ADD node_modules/json5
6076 silly ADD node_modules/unique-string
6077 silly ADD node_modules/temp-dir
6078 silly ADD node_modules/parse-png
6079 silly ADD node_modules/jimp-compact
6080 silly ADD node_modules/p-limit
6081 silly ADD node_modules/find-up
6082 silly ADD node_modules/dotenv-expand
6083 silly ADD node_modules/dotenv
6084 silly ADD node_modules/@expo/sudo-prompt
6085 silly ADD node_modules/xml2js
6086 silly ADD node_modules/xml2js/node_modules/xmlbuilder
6087 silly ADD node_modules/xcode
6088 silly ADD node_modules/slash
6089 silly ADD node_modules/@expo/sdk-runtime-versions
6090 silly ADD node_modules/picocolors
6091 silly ADD node_modules/js-tokens
6092 silly ADD node_modules/@babel/helper-validator-identifier
6093 silly ADD node_modules/@babel/highlight
6094 silly ADD node_modules/@babel/highlight/node_modules/has-flag
6095 silly ADD node_modules/@babel/highlight/node_modules/color-name
6096 silly ADD node_modules/@babel/highlight/node_modules/color-convert
6097 silly ADD node_modules/@babel/highlight/node_modules/supports-color
6098 silly ADD node_modules/@babel/highlight/node_modules/escape-string-regexp
6099 silly ADD node_modules/@babel/highlight/node_modules/ansi-styles
6100 silly ADD node_modules/@babel/highlight/node_modules/chalk
6101 silly ADD node_modules/sucrase
6102 silly ADD node_modules/sucrase/node_modules/commander
6103 silly ADD node_modules/resolve-workspace-root
6104 silly ADD node_modules/deepmerge
6105 silly ADD node_modules/@expo/config-types
6106 silly ADD node_modules/@babel/code-frame
6107 silly ADD node_modules/nullthrows
6108 silly ADD node_modules/ws
6109 silly ADD node_modules/wrap-ansi
6110 silly ADD node_modules/wrap-ansi/node_modules/is-fullwidth-code-point
6111 silly ADD node_modules/wrap-ansi/node_modules/emoji-regex
6112 silly ADD node_modules/wrap-ansi/node_modules/strip-ansi
6113 silly ADD node_modules/wrap-ansi/node_modules/string-width
6114 silly ADD node_modules/undici
6115 silly ADD node_modules/terminal-link
6116 silly ADD node_modules/tar
6117 silly ADD node_modules/tar/node_modules/yallist
6118 silly ADD node_modules/tar/node_modules/mkdirp
6119 silly ADD node_modules/structured-headers
6120 silly ADD node_modules/stacktrace-parser
6121 silly ADD node_modules/source-map-support
6122 silly ADD node_modules/source-map-support/node_modules/source-map
6123 silly ADD node_modules/slugify
6124 silly ADD node_modules/send
6125 silly ADD node_modules/send/node_modules/statuses
6126 silly ADD node_modules/send/node_modules/on-finished
6127 silly ADD node_modules/send/node_modules/mime
6128 silly ADD node_modules/send/node_modules/encodeurl
6129 silly ADD node_modules/send/node_modules/debug
6130 silly ADD node_modules/send/node_modules/debug/node_modules/ms
6131 silly ADD node_modules/semver
6132 silly ADD node_modules/resolve.exports
6133 silly ADD node_modules/resolve-from
6134 silly ADD node_modules/resolve
6135 silly ADD node_modules/requireg
6136 silly ADD node_modules/requireg/node_modules/resolve
6137 silly ADD node_modules/require-from-string
6138 silly ADD node_modules/qrcode-terminal
6139 silly ADD node_modules/prompts
6140 silly ADD node_modules/progress
6141 silly ADD node_modules/pretty-format
6142 silly ADD node_modules/pretty-format/node_modules/react-is
6143 silly ADD node_modules/pretty-format/node_modules/ansi-styles
6144 silly ADD node_modules/pretty-bytes
6145 silly ADD node_modules/picomatch
6146 silly ADD node_modules/ora
6147 silly ADD node_modules/ora/node_modules/has-flag
6148 silly ADD node_modules/ora/node_modules/ansi-regex
6149 silly ADD node_modules/ora/node_modules/color-name
6150 silly ADD node_modules/ora/node_modules/color-convert
6151 silly ADD node_modules/ora/node_modules/supports-color
6152 silly ADD node_modules/ora/node_modules/escape-string-regexp
6153 silly ADD node_modules/ora/node_modules/ansi-styles
6154 silly ADD node_modules/ora/node_modules/strip-ansi
6155 silly ADD node_modules/ora/node_modules/chalk
6156 silly ADD node_modules/npm-package-arg
6157 silly ADD node_modules/node-forge
6158 silly ADD node_modules/minimatch
6159 silly ADD node_modules/lan-network
6160 silly ADD node_modules/glob
6161 silly ADD node_modules/getenv
6162 silly ADD node_modules/freeport-async
6163 silly ADD node_modules/env-editor
6164 silly ADD node_modules/debug
6165 silly ADD node_modules/connect
6166 silly ADD node_modules/connect/node_modules/ms
6167 silly ADD node_modules/connect/node_modules/debug
6168 silly ADD node_modules/compression
6169 silly ADD node_modules/compression/node_modules/ms
6170 silly ADD node_modules/compression/node_modules/negotiator
6171 silly ADD node_modules/compression/node_modules/debug
6172 silly ADD node_modules/ci-info
6173 silly ADD node_modules/chalk
6174 silly ADD node_modules/bplist-parser
6175 silly ADD node_modules/bplist-creator
6176 silly ADD node_modules/better-opn
6177 silly ADD node_modules/better-opn/node_modules/open
6178 silly ADD node_modules/arg
6179 silly ADD node_modules/accepts
6180 silly ADD node_modules/@urql/exchange-retry
6181 silly ADD node_modules/@urql/core
6182 silly ADD node_modules/@react-native/dev-middleware
6183 silly ADD node_modules/@react-native/dev-middleware/node_modules/ms
6184 silly ADD node_modules/@react-native/dev-middleware/node_modules/ws
6185 silly ADD node_modules/@react-native/dev-middleware/node_modules/debug
6186 silly ADD node_modules/@expo/xcpretty
6187 silly ADD node_modules/@expo/ws-tunnel
6188 silly ADD node_modules/@expo/spawn-async
6189 silly ADD node_modules/@expo/prebuild-config
6190 silly ADD node_modules/@expo/plist
6191 silly ADD node_modules/@expo/package-manager
6192 silly ADD node_modules/@expo/osascript
6193 silly ADD node_modules/@expo/json-file
6194 silly ADD node_modules/@expo/image-utils
6195 silly ADD node_modules/@expo/env
6196 silly ADD node_modules/@expo/devcert
6197 silly ADD node_modules/@expo/devcert/node_modules/debug
6198 silly ADD node_modules/@expo/code-signing-certificates
6199 silly ADD node_modules/@0no-co/graphql.web
6200 silly ADD node_modules/whatwg-url-without-unicode
6201 silly ADD node_modules/whatwg-url-without-unicode/node_modules/webidl-conversions
6202 silly ADD node_modules/react-native-edge-to-edge
6203 silly ADD node_modules/expo-modules-core
6204 silly ADD node_modules/expo-modules-autolinking
6205 silly ADD node_modules/expo-keep-awake
6206 silly ADD node_modules/expo-file-system
6207 silly ADD node_modules/expo-constants
6208 silly ADD node_modules/expo-asset
6209 silly ADD node_modules/babel-preset-expo
6210 silly ADD node_modules/@expo/vector-icons
6211 silly ADD node_modules/@expo/metro-config
6212 silly ADD node_modules/@expo/fingerprint
6213 silly ADD node_modules/@expo/config-plugins
6214 silly ADD node_modules/@expo/config
6215 silly ADD node_modules/@expo/cli
6216 silly ADD node_modules/@babel/runtime
6217 silly ADD node_modules/warn-once
6218 silly ADD node_modules/@react-navigation/elements
6219 silly ADD node_modules/use-latest-callback
6220 silly ADD node_modules/react-is
6221 silly ADD node_modules/query-string
6222 silly ADD node_modules/@react-navigation/routers
6223 silly ADD node_modules/nanoid
6224 silly ADD node_modules/fast-deep-equal
6225 silly ADD node_modules/escape-string-regexp
6226 silly ADD node_modules/@react-navigation/core
6227 silly ADD node_modules/invariant
6228 silly ADD node_modules/merge-options
6229 silly ADD node_modules/react-native-gesture-handler
6230 silly ADD node_modules/expo-font
6231 silly ADD node_modules/expo
6232 silly ADD node_modules/expo/node_modules/expo-font
6233 silly ADD node_modules/react-native-safe-area-context
6234 silly ADD node_modules/react-native-screens
6235 silly ADD node_modules/@react-navigation/native-stack
6236 silly ADD node_modules/@react-navigation/native
6237 silly ADD node_modules/@react-native-community/datetimepicker
6238 silly ADD node_modules/react
6239 silly ADD node_modules/react-native
6240 silly ADD node_modules/react-native/node_modules/@types/yargs
6241 silly ADD node_modules/react-native/node_modules/react-is
6242 silly ADD node_modules/react-native/node_modules/@jest/types
6243 silly ADD node_modules/react-native/node_modules/brace-expansion
6244 silly ADD node_modules/react-native/node_modules/minimatch
6245 silly ADD node_modules/react-native/node_modules/glob
6246 silly ADD node_modules/react-native/node_modules/ws
6247 silly ADD node_modules/react-native/node_modules/pretty-format
6248 silly ADD node_modules/react-native/node_modules/mkdirp
6249 silly ADD node_modules/react-native/node_modules/@react-native/normalize-colors
6250 silly ADD node_modules/react-native/node_modules/@react-native/codegen
6251 silly ADD node_modules/@react-native-async-storage/async-storage
6252 verbose cwd /data/data/com.termux/files/home
6253 verbose os Linux 6.1.99-android14-11-gd7dac4b14270-ab12946699
6254 verbose node v23.11.0
6255 verbose npm  v10.9.2
6256 verbose exit 0
6257 info ok
